[144月2025 01:10:22.891] [main/INFO] [cpw.mods.modlauncher.Launcher/MODLAUNCHER]: ModLauncher running: args [--launchTarget, forgeclientuserdev, --version, MOD_DEV, --assetIndex, 5, --assetsDir, C:\Users\diyou\.gradle\caches\forge_gradle\assets, --gameDir, ., --fml.forgeVersion, 47.4.0, --fml.mcVersion, 1.20.1, --fml.forgeGroup, net.minecraftforge, --fml.mcpVersion, 20230612.114412, --mixin.config, dc_m.mixins.json]
[144月2025 01:10:22.900] [main/INFO] [cpw.mods.modlauncher.Launcher/MODLAUNCHER]: ModLauncher 10.0.9+10.0.9+main.dcd20f30 starting: java version 17.0.12 by Oracle Corporation; OS Windows 11 arch amd64 version 10.0
[144月2025 01:10:22.952] [main/DEBUG] [cpw.mods.modlauncher.LaunchServiceHandler/MODLAUNCHER]: Found launch services [fmlclientdev,forgeclient,minecraft,forgegametestserverdev,fmlserveruserdev,fmlclient,fmldatauserdev,forgeserverdev,forgeserveruserdev,forgeclientdev,forgeclientuserdev,forgeserver,forgedatadev,fmlserver,fmlclientuserdev,fmlserverdev,forgedatauserdev,testharness,forgegametestserveruserdev]
[144月2025 01:10:22.979] [main/DEBUG] [cpw.mods.modlauncher.NameMappingServiceHandler/MODLAUNCHER]: Found naming services : [srgtomcp]
[144月2025 01:10:23.009] [main/DEBUG] [cpw.mods.modlauncher.LaunchPluginHandler/MODLAUNCHER]: Found launch plugins: [mixin,eventbus,slf4jfixer,object_holder_definalize,runtime_enum_extender,capability_token_subclass,accesstransformer,runtimedistcleaner]
[144月2025 01:10:23.038] [main/DEBUG] [cpw.mods.modlauncher.TransformationServicesHandler/MODLAUNCHER]: Discovering transformation services
[144月2025 01:10:23.049] [main/DEBUG] [net.minecraftforge.fml.loading.FMLPaths/CORE]: Path GAMEDIR is D:\JavaWorkspace\DaiChangMod\run
[144月2025 01:10:23.050] [main/DEBUG] [net.minecraftforge.fml.loading.FMLPaths/CORE]: Path MODSDIR is D:\JavaWorkspace\DaiChangMod\run\mods
[144月2025 01:10:23.051] [main/DEBUG] [net.minecraftforge.fml.loading.FMLPaths/CORE]: Path CONFIGDIR is D:\JavaWorkspace\DaiChangMod\run\config
[144月2025 01:10:23.051] [main/DEBUG] [net.minecraftforge.fml.loading.FMLPaths/CORE]: Path FMLCONFIG is D:\JavaWorkspace\DaiChangMod\run\config\fml.toml
[144月2025 01:10:23.134] [main/DEBUG] [cpw.mods.modlauncher.TransformationServicesHandler/MODLAUNCHER]: Found additional transformation services from discovery services: 
[144月2025 01:10:23.143] [main/INFO] [net.minecraftforge.fml.loading.ImmediateWindowHandler/]: Loading ImmediateWindowProvider fmlearlywindow
[144月2025 01:10:23.278] [main/INFO] [EARLYDISPLAY/]: Trying GL version 4.6
[144月2025 01:10:23.396] [main/INFO] [EARLYDISPLAY/]: Requested GL version 4.6 got version 4.6
[144月2025 01:10:23.476] [main/DEBUG] [cpw.mods.modlauncher.TransformationServicesHandler/MODLAUNCHER]: Found transformer services : [mixin,fml]
[144月2025 01:10:23.477] [main/DEBUG] [cpw.mods.modlauncher.TransformationServicesHandler/MODLAUNCHER]: Transformation services loading
[144月2025 01:10:23.479] [main/DEBUG] [cpw.mods.modlauncher.TransformationServiceDecorator/MODLAUNCHER]: Loading service mixin
[144月2025 01:10:23.481] [main/DEBUG] [cpw.mods.modlauncher.TransformationServiceDecorator/MODLAUNCHER]: Loaded service mixin
[144月2025 01:10:23.481] [main/DEBUG] [cpw.mods.modlauncher.TransformationServiceDecorator/MODLAUNCHER]: Loading service fml
[144月2025 01:10:23.484] [main/DEBUG] [net.minecraftforge.fml.loading.LauncherVersion/CORE]: Found FMLLauncher version 1.0
[144月2025 01:10:23.484] [main/DEBUG] [net.minecraftforge.fml.loading.FMLLoader/CORE]: FML 1.0 loading
[144月2025 01:10:23.486] [main/DEBUG] [net.minecraftforge.fml.loading.FMLLoader/CORE]: FML found ModLauncher version : 10.0.9+10.0.9+main.dcd20f30
[144月2025 01:10:23.487] [main/DEBUG] [net.minecraftforge.fml.loading.FMLLoader/CORE]: Requesting CoreMods to not apply the fix for ASMAPI.findFirstInstructionBefore by default
[144月2025 01:10:23.489] [main/DEBUG] [net.minecraftforge.fml.loading.FMLLoader/CORE]: FML found AccessTransformer version : 8.0.4+66+master.c09db6d7
[144月2025 01:10:23.492] [main/DEBUG] [net.minecraftforge.fml.loading.FMLLoader/CORE]: FML found EventBus version : 6.0.5+6.0.5+master.eb8e549b
[144月2025 01:10:23.492] [main/DEBUG] [net.minecraftforge.fml.loading.FMLLoader/CORE]: Found Runtime Dist Cleaner
[144月2025 01:10:23.497] [main/DEBUG] [net.minecraftforge.coremod.CoreModEngine/]: CoreMods will preserve legacy behavior of ASMAPI.findFirstInstructionBefore for backwards-compatibility
[144月2025 01:10:23.497] [main/DEBUG] [net.minecraftforge.fml.loading.FMLLoader/CORE]: FML found CoreMod version : 5.2.4
[144月2025 01:10:23.498] [main/DEBUG] [net.minecraftforge.fml.loading.FMLLoader/CORE]: Found ForgeSPI package implementation version 7.0.1+7.0.1+master.d2b38bf6
[144月2025 01:10:23.499] [main/DEBUG] [net.minecraftforge.fml.loading.FMLLoader/CORE]: Found ForgeSPI package specification 5
[144月2025 01:10:23.499] [main/DEBUG] [cpw.mods.modlauncher.TransformationServiceDecorator/MODLAUNCHER]: Loaded service fml
[144月2025 01:10:23.501] [main/DEBUG] [cpw.mods.modlauncher.TransformationServicesHandler/MODLAUNCHER]: Configuring option handling for services
[144月2025 01:10:23.520] [main/DEBUG] [cpw.mods.modlauncher.TransformationServicesHandler/MODLAUNCHER]: Transformation services initializing
[144月2025 01:10:23.522] [main/DEBUG] [cpw.mods.modlauncher.TransformationServiceDecorator/MODLAUNCHER]: Initializing transformation service mixin
[144月2025 01:10:23.567] [main/DEBUG] [mixin/]: MixinService [ModLauncher] was successfully booted in cpw.mods.cl.ModuleClassLoader@70e8f8e
[144月2025 01:10:23.613] [main/INFO] [mixin/]: SpongePowered MIXIN Subsystem Version=0.8.5 Source=union:/C:/Users/diyou/.gradle/caches/modules-2/files-2.1/org.spongepowered/mixin/0.8.5/9d1c0c3a304ae6697ecd477218fa61b850bf57fc/mixin-0.8.5.jar%23128!/ Service=ModLauncher Env=CLIENT
[144月2025 01:10:23.625] [main/DEBUG] [mixin/]: Initialising Mixin Platform Manager
[144月2025 01:10:23.625] [main/DEBUG] [mixin/]: Adding mixin platform agents for container ModLauncher Root Container(ModLauncher:4f56a0a2)
[144月2025 01:10:23.627] [main/DEBUG] [mixin/]: Instancing new MixinPlatformAgentMinecraftForge for ModLauncher Root Container(ModLauncher:4f56a0a2)
[144月2025 01:10:23.629] [main/DEBUG] [mixin/]: MixinPlatformAgentMinecraftForge rejected container ModLauncher Root Container(ModLauncher:4f56a0a2)
[144月2025 01:10:23.630] [main/DEBUG] [mixin/]: Instancing new MixinPlatformAgentDefault for ModLauncher Root Container(ModLauncher:4f56a0a2)
[144月2025 01:10:23.631] [main/DEBUG] [mixin/]: MixinPlatformAgentDefault accepted container ModLauncher Root Container(ModLauncher:4f56a0a2)
[144月2025 01:10:23.642] [main/DEBUG] [cpw.mods.modlauncher.TransformationServiceDecorator/MODLAUNCHER]: Initialized transformation service mixin
[144月2025 01:10:23.642] [main/DEBUG] [cpw.mods.modlauncher.TransformationServiceDecorator/MODLAUNCHER]: Initializing transformation service fml
[144月2025 01:10:23.643] [main/DEBUG] [net.minecraftforge.fml.loading.FMLServiceProvider/CORE]: Setting up basic FML game directories
[144月2025 01:10:23.644] [main/DEBUG] [net.minecraftforge.fml.loading.FMLPaths/CORE]: Path GAMEDIR is D:\JavaWorkspace\DaiChangMod\run
[144月2025 01:10:23.644] [main/DEBUG] [net.minecraftforge.fml.loading.FMLPaths/CORE]: Path MODSDIR is D:\JavaWorkspace\DaiChangMod\run\mods
[144月2025 01:10:23.645] [main/DEBUG] [net.minecraftforge.fml.loading.FMLPaths/CORE]: Path CONFIGDIR is D:\JavaWorkspace\DaiChangMod\run\config
[144月2025 01:10:23.645] [main/DEBUG] [net.minecraftforge.fml.loading.FMLPaths/CORE]: Path FMLCONFIG is D:\JavaWorkspace\DaiChangMod\run\config\fml.toml
[144月2025 01:10:23.646] [main/DEBUG] [net.minecraftforge.fml.loading.FMLServiceProvider/CORE]: Loading configuration
[144月2025 01:10:23.651] [pool-2-thread-1/INFO] [EARLYDISPLAY/]: GL info: Intel(R) UHD Graphics 620 GL version 4.6.0 - Build 27.20.100.8729, Intel
[144月2025 01:10:23.652] [main/DEBUG] [net.minecraftforge.fml.loading.FMLServiceProvider/CORE]: Preparing ModFile
[144月2025 01:10:23.662] [main/DEBUG] [net.minecraftforge.fml.loading.FMLServiceProvider/CORE]: Preparing launch handler
[144月2025 01:10:23.663] [main/DEBUG] [net.minecraftforge.fml.loading.FMLLoader/CORE]: Using forgeclientuserdev as launch service
[144月2025 01:10:23.696] [main/DEBUG] [net.minecraftforge.fml.loading.FMLLoader/CORE]: Received command line version data  : VersionInfo[forgeVersion=47.4.0, mcVersion=1.20.1, mcpVersion=20230612.114412, forgeGroup=net.minecraftforge]
[144月2025 01:10:23.703] [main/DEBUG] [cpw.mods.modlauncher.TransformationServiceDecorator/MODLAUNCHER]: Initialized transformation service fml
[144月2025 01:10:23.705] [main/DEBUG] [cpw.mods.modlauncher.NameMappingServiceHandler/MODLAUNCHER]: Current naming domain is 'mcp'
[144月2025 01:10:23.709] [main/DEBUG] [cpw.mods.modlauncher.NameMappingServiceHandler/MODLAUNCHER]: Identified name mapping providers {srg=srgtomcp:1234}
[144月2025 01:10:23.709] [main/DEBUG] [cpw.mods.modlauncher.TransformationServicesHandler/MODLAUNCHER]: Transformation services begin scanning
[144月2025 01:10:23.712] [main/DEBUG] [cpw.mods.modlauncher.TransformationServiceDecorator/MODLAUNCHER]: Beginning scan trigger - transformation service mixin
[144月2025 01:10:23.713] [main/DEBUG] [cpw.mods.modlauncher.TransformationServiceDecorator/MODLAUNCHER]: End scan trigger - transformation service mixin
[144月2025 01:10:23.713] [main/DEBUG] [cpw.mods.modlauncher.TransformationServiceDecorator/MODLAUNCHER]: Beginning scan trigger - transformation service fml
[144月2025 01:10:23.713] [main/DEBUG] [net.minecraftforge.fml.loading.FMLServiceProvider/CORE]: Initiating mod scan
[144月2025 01:10:23.757] [main/DEBUG] [net.minecraftforge.fml.loading.moddiscovery.ModListHandler/CORE]: Found mod coordinates from lists: []
[144月2025 01:10:23.765] [main/DEBUG] [net.minecraftforge.fml.loading.moddiscovery.ModDiscoverer/CORE]: Found Mod Locators : (mods folder:null),(maven libs:null),(exploded directory:null),(minecraft:null),(userdev classpath:null)
[144月2025 01:10:23.767] [main/DEBUG] [net.minecraftforge.fml.loading.moddiscovery.ModDiscoverer/CORE]: Found Dependency Locators : (JarInJar:null)
[144月2025 01:10:23.786] [main/DEBUG] [net.minecraftforge.fml.loading.targets.CommonLaunchHandler/CORE]: Got mod coordinates dc_m%%D:\JavaWorkspace\DaiChangMod\build\resources\main;dc_m%%D:\JavaWorkspace\DaiChangMod\build\classes\java\main from env
[144月2025 01:10:23.789] [main/DEBUG] [net.minecraftforge.fml.loading.targets.CommonLaunchHandler/CORE]: Found supplied mod coordinates [{dc_m=[D:\JavaWorkspace\DaiChangMod\build\resources\main, D:\JavaWorkspace\DaiChangMod\build\classes\java\main]}]
[144月2025 01:10:24.329] [main/DEBUG] [net.minecraftforge.fml.loading.moddiscovery.ModFileInfo/LOADING]: Found valid mod file forge-1.20.1-47.4.0_mapped_official_1.20.1.jar with {minecraft} mods - versions {1.20.1}
[144月2025 01:10:24.337] [main/DEBUG] [net.minecraftforge.fml.loading.moddiscovery.ModFileParser/LOADING]: Considering mod file candidate C:\Users\diyou\.gradle\caches\modules-2\files-2.1\net.minecraftforge\javafmllanguage\1.20.1-47.4.0\f0c0b352173d0a378cbdcec9cfc4ba65899a721\javafmllanguage-1.20.1-47.4.0.jar
[144月2025 01:10:24.338] [main/WARN] [net.minecraftforge.fml.loading.moddiscovery.ModFileParser/LOADING]: Mod file C:\Users\diyou\.gradle\caches\modules-2\files-2.1\net.minecraftforge\javafmllanguage\1.20.1-47.4.0\f0c0b352173d0a378cbdcec9cfc4ba65899a721\javafmllanguage-1.20.1-47.4.0.jar is missing mods.toml file
[144月2025 01:10:24.343] [main/DEBUG] [net.minecraftforge.fml.loading.moddiscovery.ModFileParser/LOADING]: Considering mod file candidate C:\Users\diyou\.gradle\caches\modules-2\files-2.1\net.minecraftforge\lowcodelanguage\1.20.1-47.4.0\e862740d8c84d08dbfedea412bef88fe42e727c5\lowcodelanguage-1.20.1-47.4.0.jar
[144月2025 01:10:24.344] [main/WARN] [net.minecraftforge.fml.loading.moddiscovery.ModFileParser/LOADING]: Mod file C:\Users\diyou\.gradle\caches\modules-2\files-2.1\net.minecraftforge\lowcodelanguage\1.20.1-47.4.0\e862740d8c84d08dbfedea412bef88fe42e727c5\lowcodelanguage-1.20.1-47.4.0.jar is missing mods.toml file
[144月2025 01:10:24.350] [main/DEBUG] [net.minecraftforge.fml.loading.moddiscovery.ModFileParser/LOADING]: Considering mod file candidate C:\Users\diyou\.gradle\caches\modules-2\files-2.1\net.minecraftforge\mclanguage\1.20.1-47.4.0\5719b3a297a33f877ed5dde4cb4bd75c859096af\mclanguage-1.20.1-47.4.0.jar
[144月2025 01:10:24.351] [main/WARN] [net.minecraftforge.fml.loading.moddiscovery.ModFileParser/LOADING]: Mod file C:\Users\diyou\.gradle\caches\modules-2\files-2.1\net.minecraftforge\mclanguage\1.20.1-47.4.0\5719b3a297a33f877ed5dde4cb4bd75c859096af\mclanguage-1.20.1-47.4.0.jar is missing mods.toml file
[144月2025 01:10:24.356] [main/DEBUG] [net.minecraftforge.fml.loading.moddiscovery.ModFileParser/LOADING]: Considering mod file candidate C:\Users\diyou\.gradle\caches\modules-2\files-2.1\net.minecraftforge\fmlcore\1.20.1-47.4.0\235975dafa4309945b59c56b53f31dc5b65a6051\fmlcore-1.20.1-47.4.0.jar
[144月2025 01:10:24.357] [main/WARN] [net.minecraftforge.fml.loading.moddiscovery.ModFileParser/LOADING]: Mod file C:\Users\diyou\.gradle\caches\modules-2\files-2.1\net.minecraftforge\fmlcore\1.20.1-47.4.0\235975dafa4309945b59c56b53f31dc5b65a6051\fmlcore-1.20.1-47.4.0.jar is missing mods.toml file
[144月2025 01:10:24.366] [main/DEBUG] [net.minecraftforge.fml.loading.moddiscovery.ModFileParser/LOADING]: Considering mod file candidate D:\JavaWorkspace\DaiChangMod\build\resources\main
[144月2025 01:10:24.377] [main/DEBUG] [net.minecraftforge.fml.loading.moddiscovery.ModFileInfo/LOADING]: Found valid mod file main with {dc_m} mods - versions {1.0}
[144月2025 01:10:24.382] [main/DEBUG] [net.minecraftforge.fml.loading.moddiscovery.ModFileParser/LOADING]: Considering mod file candidate /
[144月2025 01:10:24.386] [main/DEBUG] [net.minecraftforge.fml.loading.moddiscovery.ModFileInfo/LOADING]: Found valid mod file  with {forge} mods - versions {47.4.0}
[144月2025 01:10:24.440] [main/DEBUG] [net.minecraftforge.fml.loading.moddiscovery.AbstractJarFileDependencyLocator/]: Failed to load resource META-INF\jarjar\metadata.json from forge-1.20.1-47.4.0_mapped_official_1.20.1.jar, it does not contain dependency information.
[144月2025 01:10:24.441] [main/DEBUG] [net.minecraftforge.fml.loading.moddiscovery.AbstractJarFileDependencyLocator/]: Failed to load resource META-INF\jarjar\metadata.json from main, it does not contain dependency information.
[144月2025 01:10:24.442] [main/DEBUG] [net.minecraftforge.fml.loading.moddiscovery.AbstractJarFileDependencyLocator/]: Failed to load resource META-INF\jarjar\metadata.json from , it does not contain dependency information.
[144月2025 01:10:24.442] [main/DEBUG] [net.minecraftforge.fml.loading.moddiscovery.AbstractJarFileDependencyLocator/]: Failed to load resource META-INF\jarjar\metadata.json from mclanguage-1.20.1-47.4.0.jar, it does not contain dependency information.
[144月2025 01:10:24.443] [main/DEBUG] [net.minecraftforge.fml.loading.moddiscovery.AbstractJarFileDependencyLocator/]: Failed to load resource META-INF\jarjar\metadata.json from javafmllanguage-1.20.1-47.4.0.jar, it does not contain dependency information.
[144月2025 01:10:24.443] [main/DEBUG] [net.minecraftforge.fml.loading.moddiscovery.AbstractJarFileDependencyLocator/]: Failed to load resource META-INF\jarjar\metadata.json from fmlcore-1.20.1-47.4.0.jar, it does not contain dependency information.
[144月2025 01:10:24.443] [main/DEBUG] [net.minecraftforge.fml.loading.moddiscovery.AbstractJarFileDependencyLocator/]: Failed to load resource META-INF\jarjar\metadata.json from lowcodelanguage-1.20.1-47.4.0.jar, it does not contain dependency information.
[144月2025 01:10:24.495] [main/INFO] [net.minecraftforge.fml.loading.moddiscovery.JarInJarDependencyLocator/]: No dependencies to load found. Skipping!
[144月2025 01:10:24.499] [main/DEBUG] [net.minecraftforge.fml.loading.moddiscovery.ModFileInfo/LOADING]: Found valid mod file forge-1.20.1-47.4.0_mapped_official_1.20.1.jar with {minecraft} mods - versions {1.20.1}
[144月2025 01:10:24.503] [main/DEBUG] [net.minecraftforge.fml.loading.moddiscovery.ModFile/LOADING]: Loading mod file D:\JavaWorkspace\DaiChangMod\build\fg_cache\net\minecraftforge\forge\1.20.1-47.4.0_mapped_official_1.20.1\forge-1.20.1-47.4.0_mapped_official_1.20.1.jar with languages [LanguageSpec[languageName=minecraft, acceptedVersions=1]]
[144月2025 01:10:24.505] [main/DEBUG] [net.minecraftforge.fml.loading.moddiscovery.ModFileParser/LOADING]: Considering mod file candidate D:\JavaWorkspace\DaiChangMod\build\resources\main
[144月2025 01:10:24.510] [main/DEBUG] [net.minecraftforge.fml.loading.moddiscovery.ModFileInfo/LOADING]: Found valid mod file main with {dc_m} mods - versions {1.0}
[144月2025 01:10:24.510] [main/DEBUG] [net.minecraftforge.fml.loading.moddiscovery.ModFile/LOADING]: Loading mod file D:\JavaWorkspace\DaiChangMod\build\resources\main with languages [LanguageSpec[languageName=javafml, acceptedVersions=[47,)]]
[144月2025 01:10:24.511] [main/DEBUG] [net.minecraftforge.fml.loading.moddiscovery.ModFileParser/LOADING]: Considering mod file candidate /
[144月2025 01:10:24.513] [main/DEBUG] [net.minecraftforge.fml.loading.moddiscovery.ModFileInfo/LOADING]: Found valid mod file  with {forge} mods - versions {47.4.0}
[144月2025 01:10:24.513] [main/DEBUG] [net.minecraftforge.fml.loading.moddiscovery.ModFile/LOADING]: Loading mod file / with languages [LanguageSpec[languageName=javafml, acceptedVersions=[24,]]]
[144月2025 01:10:24.608] [main/DEBUG] [net.minecraftforge.fml.loading.moddiscovery.ModFileParser/LOADING]: Found coremod field_to_method with Javascript path coremods/field_to_method.js
[144月2025 01:10:24.608] [main/DEBUG] [net.minecraftforge.fml.loading.moddiscovery.ModFileParser/LOADING]: Found coremod field_to_instanceof with Javascript path coremods/field_to_instanceof.js
[144月2025 01:10:24.609] [main/DEBUG] [net.minecraftforge.fml.loading.moddiscovery.ModFileParser/LOADING]: Found coremod add_bouncer_method with Javascript path coremods/add_bouncer_method.js
[144月2025 01:10:24.609] [main/DEBUG] [net.minecraftforge.fml.loading.moddiscovery.ModFileParser/LOADING]: Found coremod method_redirector with Javascript path coremods/method_redirector.js
[144月2025 01:10:24.610] [main/DEBUG] [net.minecraftforge.fml.loading.moddiscovery.ModFile/LOADING]: Found coremod coremods/field_to_method.js
[144月2025 01:10:24.610] [main/DEBUG] [net.minecraftforge.fml.loading.moddiscovery.ModFile/LOADING]: Found coremod coremods/field_to_instanceof.js
[144月2025 01:10:24.610] [main/DEBUG] [net.minecraftforge.fml.loading.moddiscovery.ModFile/LOADING]: Found coremod coremods/add_bouncer_method.js
[144月2025 01:10:24.611] [main/DEBUG] [net.minecraftforge.fml.loading.moddiscovery.ModFile/LOADING]: Found coremod coremods/method_redirector.js
[144月2025 01:10:24.612] [main/DEBUG] [cpw.mods.modlauncher.TransformationServiceDecorator/MODLAUNCHER]: End scan trigger - transformation service fml
[144月2025 01:10:24.633] [main/DEBUG] [net.minecraftforge.fml.loading.LanguageLoadingProvider/CORE]: Found 3 language providers
[144月2025 01:10:24.636] [main/DEBUG] [net.minecraftforge.fml.loading.LanguageLoadingProvider/CORE]: Found language provider minecraft, version 1.0
[144月2025 01:10:24.638] [main/DEBUG] [net.minecraftforge.fml.loading.LanguageLoadingProvider/CORE]: Found language provider lowcodefml, version 47
[144月2025 01:10:24.639] [main/DEBUG] [net.minecraftforge.fml.loading.LanguageLoadingProvider/CORE]: Found language provider javafml, version 47
[144月2025 01:10:24.649] [main/DEBUG] [net.minecraftforge.fml.loading.ModSorter/]: Configured system mods: [minecraft, forge]
[144月2025 01:10:24.650] [main/DEBUG] [net.minecraftforge.fml.loading.ModSorter/]: Found system mod: minecraft
[144月2025 01:10:24.650] [main/DEBUG] [net.minecraftforge.fml.loading.ModSorter/]: Found system mod: forge
[144月2025 01:10:24.656] [main/DEBUG] [net.minecraftforge.fml.loading.ModSorter/LOADING]: Found 2 mod requirements (2 mandatory, 0 optional)
[144月2025 01:10:24.658] [main/DEBUG] [net.minecraftforge.fml.loading.ModSorter/LOADING]: Found 0 mod requirements missing (0 mandatory, 0 optional)
[144月2025 01:10:25.408] [main/DEBUG] [net.minecraftforge.fml.loading.MCPNamingService/CORE]: Loaded 33222 method mappings from methods.csv
[144月2025 01:10:25.476] [main/DEBUG] [net.minecraftforge.fml.loading.MCPNamingService/CORE]: Loaded 31003 field mappings from fields.csv
[144月2025 01:10:25.588] [main/DEBUG] [cpw.mods.modlauncher.TransformationServicesHandler/MODLAUNCHER]: Transformation services loading transformers
[144月2025 01:10:25.589] [main/DEBUG] [cpw.mods.modlauncher.TransformationServiceDecorator/MODLAUNCHER]: Initializing transformers for transformation service mixin
[144月2025 01:10:25.590] [main/DEBUG] [cpw.mods.modlauncher.TransformationServiceDecorator/MODLAUNCHER]: Initialized transformers for transformation service mixin
[144月2025 01:10:25.591] [main/DEBUG] [cpw.mods.modlauncher.TransformationServiceDecorator/MODLAUNCHER]: Initializing transformers for transformation service fml
[144月2025 01:10:25.592] [main/DEBUG] [net.minecraftforge.fml.loading.FMLServiceProvider/CORE]: Loading coremod transformers
[144月2025 01:10:25.592] [main/DEBUG] [net.minecraftforge.coremod.CoreModEngine/COREMOD]: Loading CoreMod from coremods/field_to_method.js
[144月2025 01:10:25.951] [main/DEBUG] [net.minecraftforge.coremod.CoreModEngine/COREMOD]: CoreMod loaded successfully
[144月2025 01:10:25.952] [main/DEBUG] [net.minecraftforge.coremod.CoreModEngine/COREMOD]: Loading CoreMod from coremods/field_to_instanceof.js
[144月2025 01:10:26.091] [main/DEBUG] [net.minecraftforge.coremod.CoreModEngine/COREMOD]: CoreMod loaded successfully
[144月2025 01:10:26.091] [main/DEBUG] [net.minecraftforge.coremod.CoreModEngine/COREMOD]: Loading CoreMod from coremods/add_bouncer_method.js
[144月2025 01:10:26.156] [main/DEBUG] [net.minecraftforge.coremod.CoreModEngine/COREMOD]: CoreMod loaded successfully
[144月2025 01:10:26.156] [main/DEBUG] [net.minecraftforge.coremod.CoreModEngine/COREMOD]: Loading CoreMod from coremods/method_redirector.js
[144月2025 01:10:26.275] [main/DEBUG] [net.minecraftforge.coremod.CoreModEngine/COREMOD]: CoreMod loaded successfully
[144月2025 01:10:26.301] [main/DEBUG] [cpw.mods.modlauncher.TransformStore/MODLAUNCHER]: Adding transformer net.minecraftforge.coremod.transformer.CoreModClassTransformer@71b639d0 to Target : CLASS {Lnet/minecraft/world/level/biome/Biome;} {} {V}
[144月2025 01:10:26.303] [main/DEBUG] [cpw.mods.modlauncher.TransformStore/MODLAUNCHER]: Adding transformer net.minecraftforge.coremod.transformer.CoreModClassTransformer@41b13f3d to Target : CLASS {Lnet/minecraft/world/level/levelgen/structure/Structure;} {} {V}
[144月2025 01:10:26.304] [main/DEBUG] [cpw.mods.modlauncher.TransformStore/MODLAUNCHER]: Adding transformer net.minecraftforge.coremod.transformer.CoreModClassTransformer@7c0777b5 to Target : CLASS {Lnet/minecraft/world/effect/MobEffectInstance;} {} {V}
[144月2025 01:10:26.304] [main/DEBUG] [cpw.mods.modlauncher.TransformStore/MODLAUNCHER]: Adding transformer net.minecraftforge.coremod.transformer.CoreModClassTransformer@2489e84a to Target : CLASS {Lnet/minecraft/world/level/block/LiquidBlock;} {} {V}
[144月2025 01:10:26.305] [main/DEBUG] [cpw.mods.modlauncher.TransformStore/MODLAUNCHER]: Adding transformer net.minecraftforge.coremod.transformer.CoreModClassTransformer@2a39aa2b to Target : CLASS {Lnet/minecraft/world/item/BucketItem;} {} {V}
[144月2025 01:10:26.306] [main/DEBUG] [cpw.mods.modlauncher.TransformStore/MODLAUNCHER]: Adding transformer net.minecraftforge.coremod.transformer.CoreModClassTransformer@62b93086 to Target : CLASS {Lnet/minecraft/world/level/block/StairBlock;} {} {V}
[144月2025 01:10:26.306] [main/DEBUG] [cpw.mods.modlauncher.TransformStore/MODLAUNCHER]: Adding transformer net.minecraftforge.coremod.transformer.CoreModClassTransformer@254449bb to Target : CLASS {Lnet/minecraft/world/level/block/FlowerPotBlock;} {} {V}
[144月2025 01:10:26.306] [main/DEBUG] [cpw.mods.modlauncher.TransformStore/MODLAUNCHER]: Adding transformer net.minecraftforge.coremod.transformer.CoreModClassTransformer@4e642ee1 to Target : CLASS {Lnet/minecraft/world/item/ItemStack;} {} {V}
[144月2025 01:10:26.307] [main/DEBUG] [cpw.mods.modlauncher.TransformStore/MODLAUNCHER]: Adding transformer net.minecraftforge.coremod.transformer.CoreModClassTransformer@29ebbdf4 to Target : CLASS {Lnet/minecraft/network/play/client/CClientSettingsPacket;} {} {V}
[144月2025 01:10:26.308] [main/DEBUG] [cpw.mods.modlauncher.TransformStore/MODLAUNCHER]: Adding transformer net.minecraftforge.coremod.transformer.CoreModClassTransformer@2fd954f to Target : CLASS {Lnet/minecraft/world/entity/monster/Zombie;} {} {V}
[144月2025 01:10:26.308] [main/DEBUG] [cpw.mods.modlauncher.TransformStore/MODLAUNCHER]: Adding transformer net.minecraftforge.coremod.transformer.CoreModClassTransformer@2fd954f to Target : CLASS {Lnet/minecraft/server/commands/SummonCommand;} {} {V}
[144月2025 01:10:26.308] [main/DEBUG] [cpw.mods.modlauncher.TransformStore/MODLAUNCHER]: Adding transformer net.minecraftforge.coremod.transformer.CoreModClassTransformer@2fd954f to Target : CLASS {Lnet/minecraft/world/entity/npc/CatSpawner;} {} {V}
[144月2025 01:10:26.308] [main/DEBUG] [cpw.mods.modlauncher.TransformStore/MODLAUNCHER]: Adding transformer net.minecraftforge.coremod.transformer.CoreModClassTransformer@2fd954f to Target : CLASS {Lnet/minecraft/world/entity/monster/Strider;} {} {V}
[144月2025 01:10:26.309] [main/DEBUG] [cpw.mods.modlauncher.TransformStore/MODLAUNCHER]: Adding transformer net.minecraftforge.coremod.transformer.CoreModClassTransformer@2fd954f to Target : CLASS {Lnet/minecraft/world/entity/monster/Spider;} {} {V}
[144月2025 01:10:26.309] [main/DEBUG] [cpw.mods.modlauncher.TransformStore/MODLAUNCHER]: Adding transformer net.minecraftforge.coremod.transformer.CoreModClassTransformer@2fd954f to Target : CLASS {Lnet/minecraft/world/entity/EntityType;} {} {V}
[144月2025 01:10:26.309] [main/DEBUG] [cpw.mods.modlauncher.TransformStore/MODLAUNCHER]: Adding transformer net.minecraftforge.coremod.transformer.CoreModClassTransformer@2fd954f to Target : CLASS {Lnet/minecraft/world/entity/animal/horse/SkeletonTrapGoal;} {} {V}
[144月2025 01:10:26.309] [main/DEBUG] [cpw.mods.modlauncher.TransformStore/MODLAUNCHER]: Adding transformer net.minecraftforge.coremod.transformer.CoreModClassTransformer@2fd954f to Target : CLASS {Lnet/minecraft/world/level/NaturalSpawner;} {} {V}
[144月2025 01:10:26.310] [main/DEBUG] [cpw.mods.modlauncher.TransformStore/MODLAUNCHER]: Adding transformer net.minecraftforge.coremod.transformer.CoreModClassTransformer@2fd954f to Target : CLASS {Lnet/minecraft/world/entity/npc/Villager;} {} {V}
[144月2025 01:10:26.310] [main/DEBUG] [cpw.mods.modlauncher.TransformStore/MODLAUNCHER]: Adding transformer net.minecraftforge.coremod.transformer.CoreModClassTransformer@2fd954f to Target : CLASS {Lnet/minecraft/world/level/levelgen/structure/structures/OceanMonumentPieces$OceanMonumentPiece;} {} {V}
[144月2025 01:10:26.311] [main/DEBUG] [cpw.mods.modlauncher.TransformStore/MODLAUNCHER]: Adding transformer net.minecraftforge.coremod.transformer.CoreModClassTransformer@2fd954f to Target : CLASS {Lnet/minecraft/world/entity/monster/ZombieVillager;} {} {V}
[144月2025 01:10:26.311] [main/DEBUG] [cpw.mods.modlauncher.TransformStore/MODLAUNCHER]: Adding transformer net.minecraftforge.coremod.transformer.CoreModClassTransformer@2fd954f to Target : CLASS {Lnet/minecraft/world/level/levelgen/structure/structures/WoodlandMansionPieces$WoodlandMansionPiece;} {} {V}
[144月2025 01:10:26.312] [main/DEBUG] [cpw.mods.modlauncher.TransformStore/MODLAUNCHER]: Adding transformer net.minecraftforge.coremod.transformer.CoreModClassTransformer@2fd954f to Target : CLASS {Lnet/minecraft/world/level/levelgen/PatrolSpawner;} {} {V}
[144月2025 01:10:26.312] [main/DEBUG] [cpw.mods.modlauncher.TransformStore/MODLAUNCHER]: Adding transformer net.minecraftforge.coremod.transformer.CoreModClassTransformer@2fd954f to Target : CLASS {Lnet/minecraft/world/level/levelgen/structure/structures/OceanRuinPieces$OceanRuinPiece;} {} {V}
[144月2025 01:10:26.312] [main/DEBUG] [cpw.mods.modlauncher.TransformStore/MODLAUNCHER]: Adding transformer net.minecraftforge.coremod.transformer.CoreModClassTransformer@2fd954f to Target : CLASS {Lnet/minecraft/world/entity/ai/village/VillageSiege;} {} {V}
[144月2025 01:10:26.313] [main/DEBUG] [cpw.mods.modlauncher.TransformStore/MODLAUNCHER]: Adding transformer net.minecraftforge.coremod.transformer.CoreModClassTransformer@2fd954f to Target : CLASS {Lnet/minecraft/world/level/levelgen/PhantomSpawner;} {} {V}
[144月2025 01:10:26.313] [main/DEBUG] [cpw.mods.modlauncher.TransformStore/MODLAUNCHER]: Adding transformer net.minecraftforge.coremod.transformer.CoreModClassTransformer@2fd954f to Target : CLASS {Lnet/minecraft/world/entity/animal/frog/Tadpole;} {} {V}
[144月2025 01:10:26.313] [main/DEBUG] [cpw.mods.modlauncher.TransformStore/MODLAUNCHER]: Adding transformer net.minecraftforge.coremod.transformer.CoreModClassTransformer@2fd954f to Target : CLASS {Lnet/minecraft/server/commands/RaidCommand;} {} {V}
[144月2025 01:10:26.313] [main/DEBUG] [cpw.mods.modlauncher.TransformStore/MODLAUNCHER]: Adding transformer net.minecraftforge.coremod.transformer.CoreModClassTransformer@2fd954f to Target : CLASS {Lnet/minecraft/world/entity/monster/Evoker$EvokerSummonSpellGoal;} {} {V}
[144月2025 01:10:26.315] [main/DEBUG] [cpw.mods.modlauncher.TransformStore/MODLAUNCHER]: Adding transformer net.minecraftforge.coremod.transformer.CoreModClassTransformer@2fd954f to Target : CLASS {Lnet/minecraft/world/level/levelgen/structure/templatesystem/StructureTemplate;} {} {V}
[144月2025 01:10:26.315] [main/DEBUG] [cpw.mods.modlauncher.TransformStore/MODLAUNCHER]: Adding transformer net.minecraftforge.coremod.transformer.CoreModClassTransformer@2fd954f to Target : CLASS {Lnet/minecraft/world/level/levelgen/structure/structures/SwampHutPiece;} {} {V}
[144月2025 01:10:26.315] [main/DEBUG] [cpw.mods.modlauncher.TransformStore/MODLAUNCHER]: Adding transformer net.minecraftforge.coremod.transformer.CoreModClassTransformer@2fd954f to Target : CLASS {Lnet/minecraft/world/entity/raid/Raid;} {} {V}
[144月2025 01:10:26.316] [main/DEBUG] [cpw.mods.modlauncher.TransformationServiceDecorator/MODLAUNCHER]: Initialized transformers for transformation service fml
[144月2025 01:10:26.868] [main/DEBUG] [mixin/]: Processing prepare() for PlatformAgent[MixinPlatformAgentDefault:ModLauncher Root Container(ModLauncher:4f56a0a2)]
[144月2025 01:10:26.869] [main/DEBUG] [mixin/]: Registering mixin config: dc_m.mixins.json
[144月2025 01:10:26.893] [main/DEBUG] [mixin/]: Compatibility level JAVA_8 specified by dc_m.mixins.json is lower than the default level supported by the current mixin service (JAVA_16).
[144月2025 01:10:26.897] [main/DEBUG] [mixin/]: Processing launch tasks for PlatformAgent[MixinPlatformAgentDefault:ModLauncher Root Container(ModLauncher:4f56a0a2)]
[144月2025 01:10:26.897] [main/DEBUG] [mixin/]: Adding mixin platform agents for container SecureJarResource(minecraft)
[144月2025 01:10:26.898] [main/DEBUG] [mixin/]: Instancing new MixinPlatformAgentMinecraftForge for SecureJarResource(minecraft)
[144月2025 01:10:26.898] [main/DEBUG] [mixin/]: MixinPlatformAgentMinecraftForge rejected container SecureJarResource(minecraft)
[144月2025 01:10:26.898] [main/DEBUG] [mixin/]: Instancing new MixinPlatformAgentDefault for SecureJarResource(minecraft)
[144月2025 01:10:26.899] [main/DEBUG] [mixin/]: MixinPlatformAgentDefault accepted container SecureJarResource(minecraft)
[144月2025 01:10:26.899] [main/DEBUG] [mixin/]: Processing prepare() for PlatformAgent[MixinPlatformAgentDefault:SecureJarResource(minecraft)]
[144月2025 01:10:26.899] [main/DEBUG] [mixin/]: Adding mixin platform agents for container SecureJarResource(dc_m)
[144月2025 01:10:26.900] [main/DEBUG] [mixin/]: Instancing new MixinPlatformAgentMinecraftForge for SecureJarResource(dc_m)
[144月2025 01:10:26.900] [main/DEBUG] [mixin/]: MixinPlatformAgentMinecraftForge rejected container SecureJarResource(dc_m)
[144月2025 01:10:26.900] [main/DEBUG] [mixin/]: Instancing new MixinPlatformAgentDefault for SecureJarResource(dc_m)
[144月2025 01:10:26.901] [main/DEBUG] [mixin/]: MixinPlatformAgentDefault accepted container SecureJarResource(dc_m)
[144月2025 01:10:26.901] [main/DEBUG] [mixin/]: Processing prepare() for PlatformAgent[MixinPlatformAgentDefault:SecureJarResource(dc_m)]
[144月2025 01:10:26.902] [main/DEBUG] [mixin/]: Adding mixin platform agents for container SecureJarResource(forge)
[144月2025 01:10:26.902] [main/DEBUG] [mixin/]: Instancing new MixinPlatformAgentMinecraftForge for SecureJarResource(forge)
[144月2025 01:10:26.902] [main/DEBUG] [mixin/]: MixinPlatformAgentMinecraftForge rejected container SecureJarResource(forge)
[144月2025 01:10:26.903] [main/DEBUG] [mixin/]: Instancing new MixinPlatformAgentDefault for SecureJarResource(forge)
[144月2025 01:10:26.903] [main/DEBUG] [mixin/]: MixinPlatformAgentDefault accepted container SecureJarResource(forge)
[144月2025 01:10:26.904] [main/DEBUG] [mixin/]: Processing prepare() for PlatformAgent[MixinPlatformAgentDefault:SecureJarResource(forge)]
[144月2025 01:10:26.904] [main/DEBUG] [mixin/]: inject() running with 4 agents
[144月2025 01:10:26.905] [main/DEBUG] [mixin/]: Processing inject() for PlatformAgent[MixinPlatformAgentDefault:ModLauncher Root Container(ModLauncher:4f56a0a2)]
[144月2025 01:10:26.905] [main/DEBUG] [mixin/]: Processing inject() for PlatformAgent[MixinPlatformAgentDefault:SecureJarResource(minecraft)]
[144月2025 01:10:26.906] [main/DEBUG] [mixin/]: Processing inject() for PlatformAgent[MixinPlatformAgentDefault:SecureJarResource(dc_m)]
[144月2025 01:10:26.906] [main/DEBUG] [mixin/]: Processing inject() for PlatformAgent[MixinPlatformAgentDefault:SecureJarResource(forge)]
[144月2025 01:10:26.907] [main/INFO] [cpw.mods.modlauncher.LaunchServiceHandler/MODLAUNCHER]: Launching target 'forgeclientuserdev' with arguments [--version, MOD_DEV, --gameDir, ., --assetsDir, C:\Users\diyou\.gradle\caches\forge_gradle\assets, --assetIndex, 5]
[144月2025 01:10:27.041] [main/DEBUG] [mixin/]: Error cleaning class output directory: .mixin.out
[144月2025 01:10:27.045] [main/DEBUG] [mixin/]: Preparing mixins for MixinEnvironment[DEFAULT]
[144月2025 01:10:27.046] [main/DEBUG] [mixin/]: Selecting config dc_m.mixins.json
[144月2025 01:10:27.051] [main/WARN] [mixin/]: Reference map 'dc_m.refmap.json' for dc_m.mixins.json could not be read. If this is a development environment you can ignore this message
[144月2025 01:10:27.053] [main/DEBUG] [mixin/]: Preparing dc_m.mixins.json (44)
[144月2025 01:10:27.275] [main/DEBUG] [net.minecraftforge.coremod.transformer.CoreModBaseTransformer/COREMOD]: Transforming net/minecraft/world/level/block/LiquidBlock
[144月2025 01:10:27.669] [main/DEBUG] [mixin/]: Registering new injector for @Inject with org.spongepowered.asm.mixin.injection.struct.CallbackInjectionInfo
[144月2025 01:10:27.673] [main/DEBUG] [mixin/]: Registering new injector for @ModifyArg with org.spongepowered.asm.mixin.injection.struct.ModifyArgInjectionInfo
[144月2025 01:10:27.676] [main/DEBUG] [mixin/]: Registering new injector for @ModifyArgs with org.spongepowered.asm.mixin.injection.struct.ModifyArgsInjectionInfo
[144月2025 01:10:27.678] [main/DEBUG] [mixin/]: Registering new injector for @Redirect with org.spongepowered.asm.mixin.injection.struct.RedirectInjectionInfo
[144月2025 01:10:27.681] [main/DEBUG] [mixin/]: Registering new injector for @ModifyVariable with org.spongepowered.asm.mixin.injection.struct.ModifyVariableInjectionInfo
[144月2025 01:10:27.683] [main/DEBUG] [mixin/]: Registering new injector for @ModifyConstant with org.spongepowered.asm.mixin.injection.struct.ModifyConstantInjectionInfo
[144月2025 01:10:27.725] [main/DEBUG] [mixin/]: Prepared 44 mixins in 0.677 sec (15.4ms avg) (0ms load, 0ms transform, 0ms plugin)
[144月2025 01:10:27.776] [main/DEBUG] [mixin/]: Mixing TimeStopMixin$MinecraftMixin from dc_m.mixins.json into net.minecraft.client.Minecraft
[144月2025 01:10:27.782] [main/DEBUG] [mixin/]: dc_m.mixins.json:TimeStopMixin$MinecraftMixin: Class version 61 required is higher than the class version supported by the current version of Mixin (JAVA_8 supports class version 52)
[144月2025 01:10:28.456] [main/DEBUG] [io.netty.util.internal.logging.InternalLoggerFactory/]: Using SLF4J as the default logging framework
[144月2025 01:10:28.460] [main/DEBUG] [io.netty.util.ResourceLeakDetector/]: -Dio.netty.leakDetection.level: simple
[144月2025 01:10:28.460] [main/DEBUG] [io.netty.util.ResourceLeakDetector/]: -Dio.netty.leakDetection.targetRecords: 4
[144月2025 01:10:28.668] [main/DEBUG] [oshi.util.FileUtil/]: No oshi.properties file found from ClassLoader cpw.mods.modlauncher.TransformingClassLoader@58d6e55a
[144月2025 01:10:29.268] [main/DEBUG] [oshi.util.FileUtil/]: No oshi.architecture.properties file found from ClassLoader cpw.mods.modlauncher.TransformingClassLoader@58d6e55a
[144月2025 01:10:30.156] [pool-4-thread-1/DEBUG] [mixin/]: Mixing MixinEntity from dc_m.mixins.json into net.minecraft.world.entity.Entity
[144月2025 01:10:30.159] [pool-4-thread-1/DEBUG] [mixin/]: dc_m.mixins.json:MixinEntity: Class version 61 required is higher than the class version supported by the current version of Mixin (JAVA_8 supports class version 52)
[144月2025 01:10:30.227] [pool-4-thread-1/DEBUG] [mixin/]: Mixing MixinLivingEntity from dc_m.mixins.json into net.minecraft.world.entity.LivingEntity
[144月2025 01:10:30.228] [pool-4-thread-1/DEBUG] [mixin/]: dc_m.mixins.json:MixinLivingEntity: Class version 61 required is higher than the class version supported by the current version of Mixin (JAVA_8 supports class version 52)
[144月2025 01:10:30.251] [pool-4-thread-1/DEBUG] [net.minecraftforge.coremod.transformer.CoreModBaseTransformer/COREMOD]: Transforming net/minecraft/world/entity/EntityType
[144月2025 01:10:30.568] [pool-4-thread-1/DEBUG] [mixin/]: Mixing MixinItemEntity from dc_m.mixins.json into net.minecraft.world.entity.item.ItemEntity
[144月2025 01:10:30.569] [pool-4-thread-1/DEBUG] [mixin/]: dc_m.mixins.json:MixinItemEntity: Class version 61 required is higher than the class version supported by the current version of Mixin (JAVA_8 supports class version 52)
[144月2025 01:10:30.573] [pool-4-thread-1/DEBUG] [net.minecraftforge.coremod.transformer.CoreModBaseTransformer/COREMOD]: Transforming net/minecraft/world/item/ItemStack
[144月2025 01:10:30.579] [pool-4-thread-1/ERROR] [net.minecraftforge.coremod.transformer.CoreModBaseTransformer/COREMOD]: Error occurred applying transform of coremod coremods/field_to_method.js function itemstack
java.lang.IllegalStateException: Field item is not private and an instance field
	at net.minecraftforge.coremod.api.ASMAPI.redirectFieldToMethod(ASMAPI.java:1069) ~[coremods-5.2.4.jar:?]
	at org.openjdk.nashorn.internal.scripts.Script$Recompilation$17$3210A$\^eval\_.initializeCoreMod#transformer-7(<eval>:83) ~[?:?]
	at org.openjdk.nashorn.internal.runtime.ScriptFunctionData.invoke(ScriptFunctionData.java:648) ~[nashorn-core-15.4.jar:?]
	at org.openjdk.nashorn.internal.runtime.ScriptFunction.invoke(ScriptFunction.java:513) ~[nashorn-core-15.4.jar:?]
	at org.openjdk.nashorn.internal.runtime.ScriptRuntime.apply(ScriptRuntime.java:520) ~[nashorn-core-15.4.jar:?]
	at org.openjdk.nashorn.api.scripting.ScriptObjectMirror.call(ScriptObjectMirror.java:111) ~[nashorn-core-15.4.jar:?]
	at net.minecraftforge.coremod.NashornFactory.lambda$getFunction$0(NashornFactory.java:37) ~[coremods-5.2.4.jar:5.2.4]
	at net.minecraftforge.coremod.transformer.CoreModClassTransformer.runCoremod(CoreModClassTransformer.java:22) ~[coremods-5.2.4.jar:?]
	at net.minecraftforge.coremod.transformer.CoreModClassTransformer.runCoremod(CoreModClassTransformer.java:14) ~[coremods-5.2.4.jar:?]
	at net.minecraftforge.coremod.transformer.CoreModBaseTransformer.transform(CoreModBaseTransformer.java:60) ~[coremods-5.2.4.jar:?]
	at cpw.mods.modlauncher.TransformerHolder.transform(TransformerHolder.java:41) ~[modlauncher-10.0.9.jar:?]
	at cpw.mods.modlauncher.ClassTransformer.performVote(ClassTransformer.java:179) ~[modlauncher-10.0.9.jar:?]
	at cpw.mods.modlauncher.ClassTransformer.transform(ClassTransformer.java:117) ~[modlauncher-10.0.9.jar:?]
	at cpw.mods.modlauncher.TransformingClassLoader.maybeTransformClassBytes(TransformingClassLoader.java:50) ~[modlauncher-10.0.9.jar:?]
	at cpw.mods.cl.ModuleClassLoader.getMaybeTransformedClassBytes(ModuleClassLoader.java:250) ~[securejarhandler-2.1.10.jar:?]
	at cpw.mods.modlauncher.TransformingClassLoader.buildTransformedClassNodeFor(TransformingClassLoader.java:58) ~[modlauncher-10.0.9.jar:?]
	at cpw.mods.modlauncher.LaunchPluginHandler.lambda$announceLaunch$10(LaunchPluginHandler.java:100) ~[modlauncher-10.0.9.jar:?]
	at org.spongepowered.asm.launch.MixinLaunchPluginLegacy.getClassNode(MixinLaunchPluginLegacy.java:222) ~[mixin-0.8.5.jar:0.8.5+Jenkins-b310.git-155314e6e91465dad727e621a569906a410cd6f4]
	at org.spongepowered.asm.launch.MixinLaunchPluginLegacy.getClassNode(MixinLaunchPluginLegacy.java:207) ~[mixin-0.8.5.jar:0.8.5+Jenkins-b310.git-155314e6e91465dad727e621a569906a410cd6f4]
	at org.spongepowered.asm.mixin.transformer.ClassInfo.forName(ClassInfo.java:2005) ~[mixin-0.8.5.jar:0.8.5+Jenkins-b310.git-155314e6e91465dad727e621a569906a410cd6f4]
	at org.spongepowered.asm.mixin.transformer.ClassInfo.forType(ClassInfo.java:2059) ~[mixin-0.8.5.jar:0.8.5+Jenkins-b310.git-155314e6e91465dad727e621a569906a410cd6f4]
	at org.spongepowered.asm.mixin.transformer.ClassInfo.forDescriptor(ClassInfo.java:2038) ~[mixin-0.8.5.jar:0.8.5+Jenkins-b310.git-155314e6e91465dad727e621a569906a410cd6f4]
	at org.spongepowered.asm.mixin.transformer.MixinPreProcessorStandard.transformMethod(MixinPreProcessorStandard.java:752) ~[mixin-0.8.5.jar:0.8.5+Jenkins-b310.git-155314e6e91465dad727e621a569906a410cd6f4]
	at org.spongepowered.asm.mixin.transformer.MixinPreProcessorStandard.transform(MixinPreProcessorStandard.java:739) ~[mixin-0.8.5.jar:0.8.5+Jenkins-b310.git-155314e6e91465dad727e621a569906a410cd6f4]
	at org.spongepowered.asm.mixin.transformer.MixinPreProcessorStandard.attach(MixinPreProcessorStandard.java:310) ~[mixin-0.8.5.jar:0.8.5+Jenkins-b310.git-155314e6e91465dad727e621a569906a410cd6f4]
	at org.spongepowered.asm.mixin.transformer.MixinPreProcessorStandard.createContextFor(MixinPreProcessorStandard.java:280) ~[mixin-0.8.5.jar:0.8.5+Jenkins-b310.git-155314e6e91465dad727e621a569906a410cd6f4]
	at org.spongepowered.asm.mixin.transformer.MixinInfo.createContextFor(MixinInfo.java:1288) ~[mixin-0.8.5.jar:0.8.5+Jenkins-b310.git-155314e6e91465dad727e621a569906a410cd6f4]
	at org.spongepowered.asm.mixin.transformer.MixinApplicatorStandard.apply(MixinApplicatorStandard.java:292) ~[mixin-0.8.5.jar:0.8.5+Jenkins-b310.git-155314e6e91465dad727e621a569906a410cd6f4]
	at org.spongepowered.asm.mixin.transformer.TargetClassContext.apply(TargetClassContext.java:383) ~[mixin-0.8.5.jar:0.8.5+Jenkins-b310.git-155314e6e91465dad727e621a569906a410cd6f4]
	at org.spongepowered.asm.mixin.transformer.TargetClassContext.applyMixins(TargetClassContext.java:365) ~[mixin-0.8.5.jar:0.8.5+Jenkins-b310.git-155314e6e91465dad727e621a569906a410cd6f4]
	at org.spongepowered.asm.mixin.transformer.MixinProcessor.applyMixins(MixinProcessor.java:363) ~[mixin-0.8.5.jar:0.8.5+Jenkins-b310.git-155314e6e91465dad727e621a569906a410cd6f4]
	at org.spongepowered.asm.mixin.transformer.MixinTransformer.transformClass(MixinTransformer.java:250) ~[mixin-0.8.5.jar:0.8.5+Jenkins-b310.git-155314e6e91465dad727e621a569906a410cd6f4]
	at org.spongepowered.asm.service.modlauncher.MixinTransformationHandler.processClass(MixinTransformationHandler.java:131) ~[mixin-0.8.5.jar:0.8.5+Jenkins-b310.git-155314e6e91465dad727e621a569906a410cd6f4]
	at org.spongepowered.asm.launch.MixinLaunchPluginLegacy.processClass(MixinLaunchPluginLegacy.java:131) ~[mixin-0.8.5.jar:0.8.5+Jenkins-b310.git-155314e6e91465dad727e621a569906a410cd6f4]
	at cpw.mods.modlauncher.serviceapi.ILaunchPluginService.processClassWithFlags(ILaunchPluginService.java:156) ~[modlauncher-10.0.9.jar:10.0.9+10.0.9+main.dcd20f30]
	at cpw.mods.modlauncher.LaunchPluginHandler.offerClassNodeToPlugins(LaunchPluginHandler.java:88) ~[modlauncher-10.0.9.jar:?]
	at cpw.mods.modlauncher.ClassTransformer.transform(ClassTransformer.java:120) ~[modlauncher-10.0.9.jar:?]
	at cpw.mods.modlauncher.TransformingClassLoader.maybeTransformClassBytes(TransformingClassLoader.java:50) ~[modlauncher-10.0.9.jar:?]
	at cpw.mods.cl.ModuleClassLoader.readerToClass(ModuleClassLoader.java:113) ~[securejarhandler-2.1.10.jar:?]
	at cpw.mods.cl.ModuleClassLoader.lambda$findClass$15(ModuleClassLoader.java:219) ~[securejarhandler-2.1.10.jar:?]
	at cpw.mods.cl.ModuleClassLoader.loadFromModule(ModuleClassLoader.java:229) ~[securejarhandler-2.1.10.jar:?]
	at cpw.mods.cl.ModuleClassLoader.findClass(ModuleClassLoader.java:219) ~[securejarhandler-2.1.10.jar:?]
	at cpw.mods.cl.ModuleClassLoader.loadClass(ModuleClassLoader.java:135) ~[securejarhandler-2.1.10.jar:?]
	at java.lang.ClassLoader.loadClass(ClassLoader.java:525) ~[?:?]
	at net.minecraftforge.registries.GameData.init(GameData.java:107) ~[forge-1.20.1-47.4.0_mapped_official_1.20.1.jar%23190%23197!/:?]
	at net.minecraftforge.registries.GameData.<clinit>(GameData.java:93) ~[forge-1.20.1-47.4.0_mapped_official_1.20.1.jar%23190%23197!/:?]
	at net.minecraft.core.registries.BuiltInRegistries.forge(BuiltInRegistries.java:429) ~[forge-1.20.1-47.4.0_mapped_official_1.20.1.jar%23191!/:?]
	at net.minecraft.core.registries.BuiltInRegistries.forge(BuiltInRegistries.java:409) ~[forge-1.20.1-47.4.0_mapped_official_1.20.1.jar%23191!/:?]
	at net.minecraft.core.registries.BuiltInRegistries.<clinit>(BuiltInRegistries.java:121) ~[forge-1.20.1-47.4.0_mapped_official_1.20.1.jar%23191!/:?]
	at net.minecraft.server.Bootstrap.bootStrap(Bootstrap.java:43) ~[forge-1.20.1-47.4.0_mapped_official_1.20.1.jar%23191!/:?]
	at net.minecraft.client.main.Main.lambda$main$0(Main.java:151) ~[forge-1.20.1-47.4.0_mapped_official_1.20.1.jar%23191!/:?]
	at java.util.concurrent.Executors$RunnableAdapter.call(Executors.java:539) ~[?:?]
	at java.util.concurrent.FutureTask.run(FutureTask.java:264) ~[?:?]
	at java.util.concurrent.ThreadPoolExecutor.runWorker(ThreadPoolExecutor.java:1136) ~[?:?]
	at java.util.concurrent.ThreadPoolExecutor$Worker.run(ThreadPoolExecutor.java:635) ~[?:?]
	at java.lang.Thread.run(Thread.java:842) ~[?:?]
[144月2025 01:10:30.638] [pool-4-thread-1/DEBUG] [mixin/]: Mixing TimeStopMixin$ItemEntityMixin from dc_m.mixins.json into net.minecraft.world.entity.item.ItemEntity
[144月2025 01:10:30.639] [pool-4-thread-1/DEBUG] [mixin/]: dc_m.mixins.json:TimeStopMixin$ItemEntityMixin: Class version 61 required is higher than the class version supported by the current version of Mixin (JAVA_8 supports class version 52)
[144月2025 01:10:30.659] [pool-4-thread-1/DEBUG] [mixin/]: Mixing MixinPlayer from dc_m.mixins.json into net.minecraft.world.entity.player.Player
[144月2025 01:10:30.660] [pool-4-thread-1/DEBUG] [mixin/]: dc_m.mixins.json:MixinPlayer: Class version 61 required is higher than the class version supported by the current version of Mixin (JAVA_8 supports class version 52)
[144月2025 01:10:30.687] [pool-4-thread-1/DEBUG] [net.minecraftforge.coremod.transformer.CoreModBaseTransformer/COREMOD]: Transforming net/minecraft/world/effect/MobEffectInstance
[144月2025 01:10:30.719] [pool-4-thread-1/DEBUG] [mixin/]: Mixing TimeStopMixin$LevelMixin from dc_m.mixins.json into net.minecraft.world.level.Level
[144月2025 01:10:30.720] [pool-4-thread-1/DEBUG] [mixin/]: dc_m.mixins.json:TimeStopMixin$LevelMixin: Class version 61 required is higher than the class version supported by the current version of Mixin (JAVA_8 supports class version 52)
[144月2025 01:10:30.767] [pool-4-thread-1/DEBUG] [mixin/]: Mixing TimeStopMixin$ServerLevelMixin from dc_m.mixins.json into net.minecraft.server.level.ServerLevel
[144月2025 01:10:30.767] [pool-4-thread-1/DEBUG] [mixin/]: dc_m.mixins.json:TimeStopMixin$ServerLevelMixin: Class version 61 required is higher than the class version supported by the current version of Mixin (JAVA_8 supports class version 52)
[144月2025 01:10:30.881] [pool-4-thread-1/DEBUG] [mixin/]: Mixing MixinItem from dc_m.mixins.json into net.minecraft.world.item.Item
[144月2025 01:10:30.882] [pool-4-thread-1/DEBUG] [mixin/]: dc_m.mixins.json:MixinItem: Class version 61 required is higher than the class version supported by the current version of Mixin (JAVA_8 supports class version 52)
[144月2025 01:10:30.915] [pool-4-thread-1/DEBUG] [net.minecraftforge.coremod.transformer.CoreModBaseTransformer/COREMOD]: Transforming net/minecraft/world/entity/EntityType
[144月2025 01:10:31.692] [pool-4-thread-1/DEBUG] [net.minecraftforge.coremod.transformer.CoreModBaseTransformer/COREMOD]: Transforming net/minecraft/world/level/block/LiquidBlock
[144月2025 01:10:31.693] [pool-4-thread-1/DEBUG] [mixin/]: Mixing MixinLiquidBlock from dc_m.mixins.json into net.minecraft.world.level.block.LiquidBlock
[144月2025 01:10:31.695] [pool-4-thread-1/DEBUG] [mixin/]: dc_m.mixins.json:MixinLiquidBlock: Class version 61 required is higher than the class version supported by the current version of Mixin (JAVA_8 supports class version 52)
[144月2025 01:10:31.806] [pool-4-thread-1/DEBUG] [net.minecraftforge.coremod.transformer.CoreModBaseTransformer/COREMOD]: Transforming net/minecraft/world/level/block/StairBlock
[144月2025 01:10:31.931] [pool-4-thread-1/DEBUG] [net.minecraftforge.coremod.transformer.CoreModBaseTransformer/COREMOD]: Transforming net/minecraft/world/level/block/FlowerPotBlock
[144月2025 01:10:33.084] [pool-4-thread-1/DEBUG] [net.minecraftforge.coremod.transformer.CoreModBaseTransformer/COREMOD]: Transforming net/minecraft/world/item/ItemStack
[144月2025 01:10:33.084] [pool-4-thread-1/ERROR] [net.minecraftforge.coremod.transformer.CoreModBaseTransformer/COREMOD]: Error occurred applying transform of coremod coremods/field_to_method.js function itemstack
java.lang.IllegalStateException: Field item is not private and an instance field
	at net.minecraftforge.coremod.api.ASMAPI.redirectFieldToMethod(ASMAPI.java:1069) ~[coremods-5.2.4.jar:?]
	at org.openjdk.nashorn.internal.scripts.Script$Recompilation$17$3210A$\^eval\_.initializeCoreMod#transformer-7(<eval>:83) ~[?:?]
	at org.openjdk.nashorn.internal.runtime.ScriptFunctionData.invoke(ScriptFunctionData.java:648) ~[nashorn-core-15.4.jar:?]
	at org.openjdk.nashorn.internal.runtime.ScriptFunction.invoke(ScriptFunction.java:513) ~[nashorn-core-15.4.jar:?]
	at org.openjdk.nashorn.internal.runtime.ScriptRuntime.apply(ScriptRuntime.java:520) ~[nashorn-core-15.4.jar:?]
	at org.openjdk.nashorn.api.scripting.ScriptObjectMirror.call(ScriptObjectMirror.java:111) ~[nashorn-core-15.4.jar:?]
	at net.minecraftforge.coremod.NashornFactory.lambda$getFunction$0(NashornFactory.java:37) ~[coremods-5.2.4.jar:5.2.4]
	at net.minecraftforge.coremod.transformer.CoreModClassTransformer.runCoremod(CoreModClassTransformer.java:22) ~[coremods-5.2.4.jar:?]
	at net.minecraftforge.coremod.transformer.CoreModClassTransformer.runCoremod(CoreModClassTransformer.java:14) ~[coremods-5.2.4.jar:?]
	at net.minecraftforge.coremod.transformer.CoreModBaseTransformer.transform(CoreModBaseTransformer.java:60) ~[coremods-5.2.4.jar:?]
	at cpw.mods.modlauncher.TransformerHolder.transform(TransformerHolder.java:41) ~[modlauncher-10.0.9.jar:?]
	at cpw.mods.modlauncher.ClassTransformer.performVote(ClassTransformer.java:179) ~[modlauncher-10.0.9.jar:?]
	at cpw.mods.modlauncher.ClassTransformer.transform(ClassTransformer.java:117) ~[modlauncher-10.0.9.jar:?]
	at cpw.mods.modlauncher.TransformingClassLoader.maybeTransformClassBytes(TransformingClassLoader.java:50) ~[modlauncher-10.0.9.jar:?]
	at cpw.mods.cl.ModuleClassLoader.readerToClass(ModuleClassLoader.java:113) ~[securejarhandler-2.1.10.jar:?]
	at cpw.mods.cl.ModuleClassLoader.lambda$findClass$15(ModuleClassLoader.java:219) ~[securejarhandler-2.1.10.jar:?]
	at cpw.mods.cl.ModuleClassLoader.loadFromModule(ModuleClassLoader.java:229) ~[securejarhandler-2.1.10.jar:?]
	at cpw.mods.cl.ModuleClassLoader.findClass(ModuleClassLoader.java:219) ~[securejarhandler-2.1.10.jar:?]
	at cpw.mods.cl.ModuleClassLoader.loadClass(ModuleClassLoader.java:135) ~[securejarhandler-2.1.10.jar:?]
	at java.lang.ClassLoader.loadClass(ClassLoader.java:525) ~[?:?]
	at net.minecraft.core.cauldron.CauldronInteraction.lambda$newInteractionMap$1(CauldronInteraction.java:39) ~[forge-1.20.1-47.4.0_mapped_official_1.20.1.jar%23191!/:?]
	at net.minecraft.Util.make(Util.java:359) ~[forge-1.20.1-47.4.0_mapped_official_1.20.1.jar%23191!/:?]
	at net.minecraft.core.cauldron.CauldronInteraction.newInteractionMap(CauldronInteraction.java:39) ~[forge-1.20.1-47.4.0_mapped_official_1.20.1.jar%23191!/:?]
	at net.minecraft.core.cauldron.CauldronInteraction.<clinit>(CauldronInteraction.java:33) ~[forge-1.20.1-47.4.0_mapped_official_1.20.1.jar%23191!/:?]
	at net.minecraft.world.level.block.CauldronBlock.<init>(CauldronBlock.java:17) ~[forge-1.20.1-47.4.0_mapped_official_1.20.1.jar%23191!/:?]
	at net.minecraft.world.level.block.Blocks.<clinit>(Blocks.java:416) ~[forge-1.20.1-47.4.0_mapped_official_1.20.1.jar%23191!/:?]
	at net.minecraft.world.level.block.FireBlock.bootStrap(FireBlock.java:301) ~[forge-1.20.1-47.4.0_mapped_official_1.20.1.jar%23191!/:?]
	at net.minecraft.server.Bootstrap.bootStrap(Bootstrap.java:46) ~[forge-1.20.1-47.4.0_mapped_official_1.20.1.jar%23191!/:?]
	at net.minecraft.client.main.Main.lambda$main$0(Main.java:151) ~[forge-1.20.1-47.4.0_mapped_official_1.20.1.jar%23191!/:?]
	at java.util.concurrent.Executors$RunnableAdapter.call(Executors.java:539) ~[?:?]
	at java.util.concurrent.FutureTask.run(FutureTask.java:264) ~[?:?]
	at java.util.concurrent.ThreadPoolExecutor.runWorker(ThreadPoolExecutor.java:1136) ~[?:?]
	at java.util.concurrent.ThreadPoolExecutor$Worker.run(ThreadPoolExecutor.java:635) ~[?:?]
	at java.lang.Thread.run(Thread.java:842) ~[?:?]
[144月2025 01:10:33.902] [pool-4-thread-1/DEBUG] [net.minecraftforge.coremod.transformer.CoreModBaseTransformer/COREMOD]: Transforming net/minecraft/world/entity/animal/frog/Tadpole
[144月2025 01:10:33.969] [pool-4-thread-1/DEBUG] [net.minecraftforge.coremod.transformer.CoreModBaseTransformer/COREMOD]: Transforming net/minecraft/world/item/BucketItem
[144月2025 01:10:34.068] [pool-4-thread-1/DEBUG] [mixin/]: Mixing TimeStopMixin$GuiMixin from dc_m.mixins.json into net.minecraft.client.gui.Gui
[144月2025 01:10:34.069] [pool-4-thread-1/DEBUG] [mixin/]: dc_m.mixins.json:TimeStopMixin$GuiMixin: Class version 61 required is higher than the class version supported by the current version of Mixin (JAVA_8 supports class version 52)
[144月2025 01:10:34.093] [pool-4-thread-1/DEBUG] [mixin/]: Mixing TimeStopMixin$ClientLevelMixin from dc_m.mixins.json into net.minecraft.client.multiplayer.ClientLevel
[144月2025 01:10:34.095] [pool-4-thread-1/DEBUG] [mixin/]: dc_m.mixins.json:TimeStopMixin$ClientLevelMixin: Class version 61 required is higher than the class version supported by the current version of Mixin (JAVA_8 supports class version 52)
[144月2025 01:10:34.135] [pool-4-thread-1/DEBUG] [mixin/]: Mixing TimeStopMixin$AbstractContainerScreenMixin from dc_m.mixins.json into net.minecraft.client.gui.screens.inventory.AbstractContainerScreen
[144月2025 01:10:34.140] [pool-4-thread-1/DEBUG] [mixin/]: dc_m.mixins.json:TimeStopMixin$AbstractContainerScreenMixin: Class version 61 required is higher than the class version supported by the current version of Mixin (JAVA_8 supports class version 52)
[144月2025 01:10:35.416] [pool-4-thread-1/DEBUG] [mixin/]: Mixing TimeStopMixin$ExperienceOrbMixin from dc_m.mixins.json into net.minecraft.world.entity.ExperienceOrb
[144月2025 01:10:35.417] [pool-4-thread-1/DEBUG] [mixin/]: dc_m.mixins.json:TimeStopMixin$ExperienceOrbMixin: Class version 61 required is higher than the class version supported by the current version of Mixin (JAVA_8 supports class version 52)
[144月2025 01:10:35.540] [pool-4-thread-1/DEBUG] [net.minecraftforge.coremod.transformer.CoreModBaseTransformer/COREMOD]: Transforming net/minecraft/world/entity/monster/Spider
[144月2025 01:10:35.662] [pool-4-thread-1/DEBUG] [net.minecraftforge.coremod.transformer.CoreModBaseTransformer/COREMOD]: Transforming net/minecraft/world/entity/monster/Zombie
[144月2025 01:10:35.712] [Datafixer Bootstrap/INFO] [com.mojang.datafixers.DataFixerBuilder/]: 188 Datafixer optimizations took 342 milliseconds
[144月2025 01:10:35.765] [pool-4-thread-1/DEBUG] [net.minecraftforge.coremod.transformer.CoreModBaseTransformer/COREMOD]: Transforming net/minecraft/world/entity/monster/ZombieVillager
[144月2025 01:10:35.883] [pool-4-thread-1/DEBUG] [net.minecraftforge.coremod.transformer.CoreModBaseTransformer/COREMOD]: Transforming net/minecraft/world/entity/monster/Evoker$EvokerSummonSpellGoal
[144月2025 01:10:36.146] [pool-4-thread-1/DEBUG] [net.minecraftforge.coremod.transformer.CoreModBaseTransformer/COREMOD]: Transforming net/minecraft/world/entity/animal/horse/SkeletonTrapGoal
[144月2025 01:10:36.187] [pool-4-thread-1/DEBUG] [net.minecraftforge.coremod.transformer.CoreModBaseTransformer/COREMOD]: Transforming net/minecraft/world/entity/monster/Strider
[144月2025 01:10:36.334] [pool-4-thread-1/DEBUG] [mixin/]: Mixing TimeStopMixin$WorldBorderMixin from dc_m.mixins.json into net.minecraft.world.level.border.WorldBorder
[144月2025 01:10:36.334] [pool-4-thread-1/DEBUG] [mixin/]: dc_m.mixins.json:TimeStopMixin$WorldBorderMixin: Class version 61 required is higher than the class version supported by the current version of Mixin (JAVA_8 supports class version 52)
[144月2025 01:10:36.350] [pool-4-thread-1/DEBUG] [mixin/]: Mixing TimeStopMixin$LevelChunkMixin from dc_m.mixins.json into net.minecraft.world.level.chunk.LevelChunk
[144月2025 01:10:36.353] [pool-4-thread-1/DEBUG] [mixin/]: dc_m.mixins.json:TimeStopMixin$LevelChunkMixin: Class version 61 required is higher than the class version supported by the current version of Mixin (JAVA_8 supports class version 52)
[144月2025 01:10:36.396] [pool-4-thread-1/DEBUG] [net.minecraftforge.coremod.transformer.CoreModBaseTransformer/COREMOD]: Transforming net/minecraft/world/entity/npc/Villager
[144月2025 01:10:36.560] [pool-4-thread-1/DEBUG] [net.minecraftforge.coremod.transformer.CoreModBaseTransformer/COREMOD]: Transforming net/minecraft/world/effect/MobEffectInstance
[144月2025 01:10:37.594] [pool-4-thread-1/DEBUG] [net.minecraftforge.coremod.transformer.CoreModBaseTransformer/COREMOD]: Transforming net/minecraft/world/level/levelgen/structure/Structure
[144月2025 01:10:37.677] [pool-4-thread-1/DEBUG] [net.minecraftforge.coremod.transformer.CoreModBaseTransformer/COREMOD]: Transforming net/minecraft/world/level/levelgen/structure/structures/OceanRuinPieces$OceanRuinPiece
[144月2025 01:10:37.713] [pool-4-thread-1/DEBUG] [net.minecraftforge.coremod.transformer.CoreModBaseTransformer/COREMOD]: Transforming net/minecraft/world/level/levelgen/structure/structures/SwampHutPiece
[144月2025 01:10:37.728] [pool-4-thread-1/DEBUG] [net.minecraftforge.coremod.transformer.CoreModBaseTransformer/COREMOD]: Transforming net/minecraft/world/level/levelgen/structure/structures/OceanMonumentPieces$OceanMonumentPiece
[144月2025 01:10:37.761] [pool-4-thread-1/DEBUG] [net.minecraftforge.coremod.transformer.CoreModBaseTransformer/COREMOD]: Transforming net/minecraft/world/level/levelgen/structure/structures/WoodlandMansionPieces$WoodlandMansionPiece
[144月2025 01:10:37.949] [pool-4-thread-1/DEBUG] [net.minecraftforge.coremod.transformer.CoreModBaseTransformer/COREMOD]: Transforming net/minecraft/world/level/biome/Biome
[144月2025 01:10:38.257] [pool-4-thread-1/DEBUG] [net.minecraftforge.registries.GameData/REGISTRIES]: Creating vanilla freeze snapshot
[144月2025 01:10:38.260] [pool-4-thread-1/DEBUG] [net.minecraftforge.registries.ForgeRegistry/REGISTRIES]: Registry minecraft:block Sync: VANILLA -> ACTIVE
[144月2025 01:10:38.278] [pool-4-thread-1/DEBUG] [net.minecraftforge.registries.ForgeRegistry/REGISTRIES]: Registry minecraft:fluid Sync: VANILLA -> ACTIVE
[144月2025 01:10:38.279] [pool-4-thread-1/DEBUG] [net.minecraftforge.registries.ForgeRegistry/REGISTRIES]: Registry minecraft:item Sync: VANILLA -> ACTIVE
[144月2025 01:10:38.296] [pool-4-thread-1/DEBUG] [net.minecraftforge.registries.ForgeRegistry/REGISTRIES]: Registry minecraft:mob_effect Sync: VANILLA -> ACTIVE
[144月2025 01:10:38.296] [pool-4-thread-1/DEBUG] [net.minecraftforge.registries.ForgeRegistry/REGISTRIES]: Registry minecraft:sound_event Sync: VANILLA -> ACTIVE
[144月2025 01:10:38.313] [pool-4-thread-1/DEBUG] [net.minecraftforge.registries.ForgeRegistry/REGISTRIES]: Registry minecraft:potion Sync: VANILLA -> ACTIVE
[144月2025 01:10:38.314] [pool-4-thread-1/DEBUG] [net.minecraftforge.registries.ForgeRegistry/REGISTRIES]: Registry minecraft:enchantment Sync: VANILLA -> ACTIVE
[144月2025 01:10:38.314] [pool-4-thread-1/DEBUG] [net.minecraftforge.registries.ForgeRegistry/REGISTRIES]: Registry minecraft:entity_type Sync: VANILLA -> ACTIVE
[144月2025 01:10:38.315] [pool-4-thread-1/DEBUG] [net.minecraftforge.registries.ForgeRegistry/REGISTRIES]: Registry minecraft:block_entity_type Sync: VANILLA -> ACTIVE
[144月2025 01:10:38.317] [pool-4-thread-1/DEBUG] [net.minecraftforge.registries.ForgeRegistry/REGISTRIES]: Registry minecraft:particle_type Sync: VANILLA -> ACTIVE
[144月2025 01:10:38.318] [pool-4-thread-1/DEBUG] [net.minecraftforge.registries.ForgeRegistry/REGISTRIES]: Registry minecraft:menu Sync: VANILLA -> ACTIVE
[144月2025 01:10:38.318] [pool-4-thread-1/DEBUG] [net.minecraftforge.registries.ForgeRegistry/REGISTRIES]: Registry minecraft:painting_variant Sync: VANILLA -> ACTIVE
[144月2025 01:10:38.319] [pool-4-thread-1/DEBUG] [net.minecraftforge.registries.ForgeRegistry/REGISTRIES]: Registry minecraft:recipe_type Sync: VANILLA -> ACTIVE
[144月2025 01:10:38.319] [pool-4-thread-1/DEBUG] [net.minecraftforge.registries.ForgeRegistry/REGISTRIES]: Registry minecraft:recipe_serializer Sync: VANILLA -> ACTIVE
[144月2025 01:10:38.319] [pool-4-thread-1/DEBUG] [net.minecraftforge.registries.ForgeRegistry/REGISTRIES]: Registry minecraft:attribute Sync: VANILLA -> ACTIVE
[144月2025 01:10:38.320] [pool-4-thread-1/DEBUG] [net.minecraftforge.registries.ForgeRegistry/REGISTRIES]: Registry minecraft:stat_type Sync: VANILLA -> ACTIVE
[144月2025 01:10:38.320] [pool-4-thread-1/DEBUG] [net.minecraftforge.registries.ForgeRegistry/REGISTRIES]: Registry minecraft:command_argument_type Sync: VANILLA -> ACTIVE
[144月2025 01:10:38.321] [pool-4-thread-1/DEBUG] [net.minecraftforge.registries.ForgeRegistry/REGISTRIES]: Registry minecraft:villager_profession Sync: VANILLA -> ACTIVE
[144月2025 01:10:38.321] [pool-4-thread-1/DEBUG] [net.minecraftforge.registries.ForgeRegistry/REGISTRIES]: Registry minecraft:point_of_interest_type Sync: VANILLA -> ACTIVE
[144月2025 01:10:38.326] [pool-4-thread-1/DEBUG] [net.minecraftforge.registries.ForgeRegistry/REGISTRIES]: Registry minecraft:memory_module_type Sync: VANILLA -> ACTIVE
[144月2025 01:10:38.328] [pool-4-thread-1/DEBUG] [net.minecraftforge.registries.ForgeRegistry/REGISTRIES]: Registry minecraft:sensor_type Sync: VANILLA -> ACTIVE
[144月2025 01:10:38.328] [pool-4-thread-1/DEBUG] [net.minecraftforge.registries.ForgeRegistry/REGISTRIES]: Registry minecraft:schedule Sync: VANILLA -> ACTIVE
[144月2025 01:10:38.328] [pool-4-thread-1/DEBUG] [net.minecraftforge.registries.ForgeRegistry/REGISTRIES]: Registry minecraft:activity Sync: VANILLA -> ACTIVE
[144月2025 01:10:38.329] [pool-4-thread-1/DEBUG] [net.minecraftforge.registries.ForgeRegistry/REGISTRIES]: Registry minecraft:worldgen/carver Sync: VANILLA -> ACTIVE
[144月2025 01:10:38.329] [pool-4-thread-1/DEBUG] [net.minecraftforge.registries.ForgeRegistry/REGISTRIES]: Registry minecraft:worldgen/feature Sync: VANILLA -> ACTIVE
[144月2025 01:10:38.330] [pool-4-thread-1/DEBUG] [net.minecraftforge.registries.ForgeRegistry/REGISTRIES]: Registry minecraft:chunk_status Sync: VANILLA -> ACTIVE
[144月2025 01:10:38.330] [pool-4-thread-1/DEBUG] [net.minecraftforge.registries.ForgeRegistry/REGISTRIES]: Registry minecraft:worldgen/block_state_provider_type Sync: VANILLA -> ACTIVE
[144月2025 01:10:38.330] [pool-4-thread-1/DEBUG] [net.minecraftforge.registries.ForgeRegistry/REGISTRIES]: Registry minecraft:worldgen/foliage_placer_type Sync: VANILLA -> ACTIVE
[144月2025 01:10:38.331] [pool-4-thread-1/DEBUG] [net.minecraftforge.registries.ForgeRegistry/REGISTRIES]: Registry minecraft:worldgen/tree_decorator_type Sync: VANILLA -> ACTIVE
[144月2025 01:10:38.331] [pool-4-thread-1/DEBUG] [net.minecraftforge.registries.ForgeRegistry/REGISTRIES]: Registry minecraft:worldgen/biome Sync: VANILLA -> ACTIVE
[144月2025 01:10:38.342] [pool-4-thread-1/DEBUG] [net.minecraftforge.registries.GameData/REGISTRIES]: Vanilla freeze snapshot created
[144月2025 01:10:38.375] [pool-4-thread-1/DEBUG] [io.netty.util.internal.PlatformDependent0/]: -Dio.netty.noUnsafe: false
[144月2025 01:10:38.375] [pool-4-thread-1/DEBUG] [io.netty.util.internal.PlatformDependent0/]: Java version: 17
[144月2025 01:10:38.376] [pool-4-thread-1/DEBUG] [io.netty.util.internal.PlatformDependent0/]: sun.misc.Unsafe.theUnsafe: available
[144月2025 01:10:38.377] [pool-4-thread-1/DEBUG] [io.netty.util.internal.PlatformDependent0/]: sun.misc.Unsafe.copyMemory: available
[144月2025 01:10:38.377] [pool-4-thread-1/DEBUG] [io.netty.util.internal.PlatformDependent0/]: sun.misc.Unsafe.storeFence: available
[144月2025 01:10:38.378] [pool-4-thread-1/DEBUG] [io.netty.util.internal.PlatformDependent0/]: java.nio.Buffer.address: available
[144月2025 01:10:38.380] [pool-4-thread-1/DEBUG] [io.netty.util.internal.PlatformDependent0/]: direct buffer constructor: unavailable
java.lang.UnsupportedOperationException: Reflective setAccessible(true) disabled
	at io.netty.util.internal.ReflectionUtil.trySetAccessible(ReflectionUtil.java:31) ~[netty-common-4.1.82.Final.jar%23151!/:4.1.82.Final]
	at io.netty.util.internal.PlatformDependent0$5.run(PlatformDependent0.java:288) ~[netty-common-4.1.82.Final.jar%23151!/:4.1.82.Final]
	at java.security.AccessController.doPrivileged(AccessController.java:318) ~[?:?]
	at io.netty.util.internal.PlatformDependent0.<clinit>(PlatformDependent0.java:282) ~[netty-common-4.1.82.Final.jar%23151!/:4.1.82.Final]
	at io.netty.util.internal.PlatformDependent.isAndroid(PlatformDependent.java:333) ~[netty-common-4.1.82.Final.jar%23151!/:4.1.82.Final]
	at io.netty.util.internal.PlatformDependent.<clinit>(PlatformDependent.java:88) ~[netty-common-4.1.82.Final.jar%23151!/:4.1.82.Final]
	at io.netty.util.ConstantPool.<init>(ConstantPool.java:34) ~[netty-common-4.1.82.Final.jar%23151!/:4.1.82.Final]
	at io.netty.util.AttributeKey$1.<init>(AttributeKey.java:27) ~[netty-common-4.1.82.Final.jar%23151!/:4.1.82.Final]
	at io.netty.util.AttributeKey.<clinit>(AttributeKey.java:27) ~[netty-common-4.1.82.Final.jar%23151!/:4.1.82.Final]
	at net.minecraftforge.network.NetworkConstants.<clinit>(NetworkConstants.java:34) ~[forge-1.20.1-47.4.0_mapped_official_1.20.1.jar%23190%23197!/:?]
	at net.minecraftforge.network.NetworkHooks.init(NetworkHooks.java:52) ~[forge-1.20.1-47.4.0_mapped_official_1.20.1.jar%23190%23197!/:?]
	at net.minecraft.server.Bootstrap.bootStrap(Bootstrap.java:62) ~[forge-1.20.1-47.4.0_mapped_official_1.20.1.jar%23191!/:?]
	at net.minecraft.client.main.Main.lambda$main$0(Main.java:151) ~[forge-1.20.1-47.4.0_mapped_official_1.20.1.jar%23191!/:?]
	at java.util.concurrent.Executors$RunnableAdapter.call(Executors.java:539) ~[?:?]
	at java.util.concurrent.FutureTask.run(FutureTask.java:264) ~[?:?]
	at java.util.concurrent.ThreadPoolExecutor.runWorker(ThreadPoolExecutor.java:1136) ~[?:?]
	at java.util.concurrent.ThreadPoolExecutor$Worker.run(ThreadPoolExecutor.java:635) ~[?:?]
	at java.lang.Thread.run(Thread.java:842) ~[?:?]
[144月2025 01:10:38.383] [pool-4-thread-1/DEBUG] [io.netty.util.internal.PlatformDependent0/]: java.nio.Bits.unaligned: available, true
[144月2025 01:10:38.385] [pool-4-thread-1/DEBUG] [io.netty.util.internal.PlatformDependent0/]: jdk.internal.misc.Unsafe.allocateUninitializedArray(int): unavailable
java.lang.IllegalAccessException: class io.netty.util.internal.PlatformDependent0$7 (in module io.netty.common) cannot access class jdk.internal.misc.Unsafe (in module java.base) because module java.base does not export jdk.internal.misc to module io.netty.common
	at jdk.internal.reflect.Reflection.newIllegalAccessException(Reflection.java:392) ~[?:?]
	at java.lang.reflect.AccessibleObject.checkAccess(AccessibleObject.java:674) ~[?:?]
	at java.lang.reflect.Method.invoke(Method.java:560) ~[?:?]
	at io.netty.util.internal.PlatformDependent0$7.run(PlatformDependent0.java:410) ~[netty-common-4.1.82.Final.jar%23151!/:4.1.82.Final]
	at java.security.AccessController.doPrivileged(AccessController.java:318) ~[?:?]
	at io.netty.util.internal.PlatformDependent0.<clinit>(PlatformDependent0.java:401) ~[netty-common-4.1.82.Final.jar%23151!/:4.1.82.Final]
	at io.netty.util.internal.PlatformDependent.isAndroid(PlatformDependent.java:333) ~[netty-common-4.1.82.Final.jar%23151!/:4.1.82.Final]
	at io.netty.util.internal.PlatformDependent.<clinit>(PlatformDependent.java:88) ~[netty-common-4.1.82.Final.jar%23151!/:4.1.82.Final]
	at io.netty.util.ConstantPool.<init>(ConstantPool.java:34) ~[netty-common-4.1.82.Final.jar%23151!/:4.1.82.Final]
	at io.netty.util.AttributeKey$1.<init>(AttributeKey.java:27) ~[netty-common-4.1.82.Final.jar%23151!/:4.1.82.Final]
	at io.netty.util.AttributeKey.<clinit>(AttributeKey.java:27) ~[netty-common-4.1.82.Final.jar%23151!/:4.1.82.Final]
	at net.minecraftforge.network.NetworkConstants.<clinit>(NetworkConstants.java:34) ~[forge-1.20.1-47.4.0_mapped_official_1.20.1.jar%23190%23197!/:?]
	at net.minecraftforge.network.NetworkHooks.init(NetworkHooks.java:52) ~[forge-1.20.1-47.4.0_mapped_official_1.20.1.jar%23190%23197!/:?]
	at net.minecraft.server.Bootstrap.bootStrap(Bootstrap.java:62) ~[forge-1.20.1-47.4.0_mapped_official_1.20.1.jar%23191!/:?]
	at net.minecraft.client.main.Main.lambda$main$0(Main.java:151) ~[forge-1.20.1-47.4.0_mapped_official_1.20.1.jar%23191!/:?]
	at java.util.concurrent.Executors$RunnableAdapter.call(Executors.java:539) ~[?:?]
	at java.util.concurrent.FutureTask.run(FutureTask.java:264) ~[?:?]
	at java.util.concurrent.ThreadPoolExecutor.runWorker(ThreadPoolExecutor.java:1136) ~[?:?]
	at java.util.concurrent.ThreadPoolExecutor$Worker.run(ThreadPoolExecutor.java:635) ~[?:?]
	at java.lang.Thread.run(Thread.java:842) ~[?:?]
[144月2025 01:10:38.386] [pool-4-thread-1/DEBUG] [io.netty.util.internal.PlatformDependent0/]: java.nio.DirectByteBuffer.<init>(long, int): unavailable
[144月2025 01:10:38.387] [pool-4-thread-1/DEBUG] [io.netty.util.internal.PlatformDependent/]: sun.misc.Unsafe: available
[144月2025 01:10:38.388] [pool-4-thread-1/DEBUG] [io.netty.util.internal.PlatformDependent/]: maxDirectMemory: 5339348992 bytes (maybe)
[144月2025 01:10:38.388] [pool-4-thread-1/DEBUG] [io.netty.util.internal.PlatformDependent/]: -Dio.netty.tmpdir: C:\Users\diyou\AppData\Local\Temp (java.io.tmpdir)
[144月2025 01:10:38.388] [pool-4-thread-1/DEBUG] [io.netty.util.internal.PlatformDependent/]: -Dio.netty.bitMode: 64 (sun.arch.data.model)
[144月2025 01:10:38.389] [pool-4-thread-1/DEBUG] [io.netty.util.internal.PlatformDependent/]: Platform: Windows
[144月2025 01:10:38.390] [pool-4-thread-1/DEBUG] [io.netty.util.internal.PlatformDependent/]: -Dio.netty.maxDirectMemory: -1 bytes
[144月2025 01:10:38.390] [pool-4-thread-1/DEBUG] [io.netty.util.internal.PlatformDependent/]: -Dio.netty.uninitializedArrayAllocationThreshold: -1
[144月2025 01:10:38.391] [pool-4-thread-1/DEBUG] [io.netty.util.internal.CleanerJava9/]: java.nio.ByteBuffer.cleaner(): available
[144月2025 01:10:38.392] [pool-4-thread-1/DEBUG] [io.netty.util.internal.PlatformDependent/]: -Dio.netty.noPreferDirect: false
[144月2025 01:10:38.501] [pool-4-thread-1/DEBUG] [net.minecraftforge.network.NetworkHooks/]: Loading Network data for FML net version: FML3
[144月2025 01:10:38.797] [Render thread/WARN] [net.minecraft.server.packs.VanillaPackResourcesBuilder/]: Assets URL 'union:/D:/JavaWorkspace/DaiChangMod/build/fg_cache/net/minecraftforge/forge/1.20.1-47.4.0_mapped_official_1.20.1/forge-1.20.1-47.4.0_mapped_official_1.20.1.jar%23191!/assets/.mcassetsroot' uses unexpected schema
[144月2025 01:10:38.799] [Render thread/WARN] [net.minecraft.server.packs.VanillaPackResourcesBuilder/]: Assets URL 'union:/D:/JavaWorkspace/DaiChangMod/build/fg_cache/net/minecraftforge/forge/1.20.1-47.4.0_mapped_official_1.20.1/forge-1.20.1-47.4.0_mapped_official_1.20.1.jar%23191!/data/.mcassetsroot' uses unexpected schema
[144月2025 01:10:38.830] [Render thread/INFO] [com.mojang.authlib.yggdrasil.YggdrasilAuthenticationService/]: Environment: authHost='https://authserver.mojang.com', accountsHost='https://api.mojang.com', sessionHost='https://sessionserver.mojang.com', servicesHost='https://api.minecraftservices.com', name='PROD'
[144月2025 01:10:38.840] [Render thread/INFO] [net.minecraft.client.Minecraft/]: Setting user: Dev
[144月2025 01:10:38.989] [Render thread/DEBUG] [mixin/]: Mixing TimeStopMixin$TutorialMixin from dc_m.mixins.json into net.minecraft.client.tutorial.Tutorial
[144月2025 01:10:38.990] [Render thread/DEBUG] [mixin/]: dc_m.mixins.json:TimeStopMixin$TutorialMixin: Class version 61 required is higher than the class version supported by the current version of Mixin (JAVA_8 supports class version 52)
[144月2025 01:10:39.146] [Render thread/INFO] [net.minecraft.client.Minecraft/]: Backend library: LWJGL version 3.3.1 build 7
[144月2025 01:10:39.506] [Render thread/DEBUG] [net.minecraftforge.common.ForgeI18n/CORE]: Loading I18N data entries: 6434
[144月2025 01:10:39.553] [Render thread/DEBUG] [net.minecraftforge.fml.ModWorkManager/LOADING]: Using 8 threads for parallel mod-loading
[144月2025 01:10:39.571] [Render thread/DEBUG] [net.minecraftforge.fml.javafmlmod.FMLJavaModLanguageProvider/LOADING]: Loading FMLModContainer from classloader cpw.mods.modlauncher.TransformingClassLoader@58d6e55a - got cpw.mods.cl.ModuleClassLoader@53692008
[144月2025 01:10:39.574] [Render thread/DEBUG] [net.minecraftforge.fml.javafmlmod.FMLModContainer/LOADING]: Creating FMLModContainer instance for net.daichang.dcmods.DCMod
[144月2025 01:10:39.579] [Render thread/DEBUG] [net.minecraftforge.fml.javafmlmod.FMLJavaModLanguageProvider/LOADING]: Loading FMLModContainer from classloader cpw.mods.modlauncher.TransformingClassLoader@58d6e55a - got cpw.mods.cl.ModuleClassLoader@53692008
[144月2025 01:10:39.580] [Render thread/DEBUG] [net.minecraftforge.fml.javafmlmod.FMLModContainer/LOADING]: Creating FMLModContainer instance for net.minecraftforge.common.ForgeMod
[144月2025 01:10:39.638] [modloading-worker-0/DEBUG] [net.minecraftforge.versions.forge.ForgeVersion/CORE]: Forge Version package package net.minecraftforge.versions.forge, Forge, version 47.4 from cpw.mods.modlauncher.TransformingClassLoader@58d6e55a
[144月2025 01:10:39.639] [modloading-worker-0/DEBUG] [net.minecraftforge.versions.forge.ForgeVersion/CORE]: Found Forge version 47.4.0
[144月2025 01:10:39.639] [modloading-worker-0/DEBUG] [net.minecraftforge.versions.forge.ForgeVersion/CORE]: Found Forge spec 47.4
[144月2025 01:10:39.639] [modloading-worker-0/DEBUG] [net.minecraftforge.versions.forge.ForgeVersion/CORE]: Found Forge group net.minecraftforge
[144月2025 01:10:39.641] [modloading-worker-0/DEBUG] [net.minecraftforge.versions.mcp.MCPVersion/CORE]: MCP Version package package net.minecraftforge.versions.mcp, Minecraft, version 1.20.1 from cpw.mods.modlauncher.TransformingClassLoader@58d6e55a
[144月2025 01:10:39.641] [modloading-worker-0/DEBUG] [net.minecraftforge.versions.mcp.MCPVersion/CORE]: Found MC version information 1.20.1
[144月2025 01:10:39.641] [modloading-worker-0/DEBUG] [net.minecraftforge.versions.mcp.MCPVersion/CORE]: Found MCP version information 20230612.114412
[144月2025 01:10:39.641] [modloading-worker-0/INFO] [net.minecraftforge.common.ForgeMod/FORGEMOD]: Forge mod loading, version 47.4.0, for MC 1.20.1 with MCP 20230612.114412
[144月2025 01:10:39.647] [modloading-worker-0/INFO] [net.minecraftforge.common.MinecraftForge/FORGE]: MinecraftForge v47.4.0 Initialized
[144月2025 01:10:39.674] [modloading-worker-0/DEBUG] [net.minecraftforge.fml.javafmlmod.AutomaticEventSubscriber/LOADING]: Attempting to inject @EventBusSubscriber classes into the eventbus for dc_m
[144月2025 01:10:39.682] [modloading-worker-0/DEBUG] [net.minecraftforge.fml.javafmlmod.AutomaticEventSubscriber/LOADING]: Auto-subscribing net.daichang.dcmods.event.ServerEventHandler to FORGE
[144月2025 01:10:39.705] [modloading-worker-0/DEBUG] [mixin/]: Mixing MixinFont from dc_m.mixins.json into net.minecraft.client.gui.Font
[144月2025 01:10:39.705] [modloading-worker-0/DEBUG] [mixin/]: dc_m.mixins.json:MixinFont: Class version 61 required is higher than the class version supported by the current version of Mixin (JAVA_8 supports class version 52)
[144月2025 01:10:39.706] [modloading-worker-0/DEBUG] [mixin/]: Renaming synthetic method lambda$drawInBatch$0(Ljava/lang/StringBuilder;ILnet/minecraft/network/chat/Style;I)Z to mdb2251a$lambda$drawInBatch$0$0 in dc_m.mixins.json:MixinFont
[144月2025 01:10:39.834] [modloading-worker-0/DEBUG] [net.minecraftforge.fml.config.ConfigTracker/CONFIG]: Config file forge-client.toml for forge tracking
[144月2025 01:10:39.834] [modloading-worker-0/DEBUG] [net.minecraftforge.fml.config.ConfigTracker/CONFIG]: Config file forge-server.toml for forge tracking
[144月2025 01:10:39.834] [modloading-worker-0/DEBUG] [net.minecraftforge.fml.ModLoadingContext/]: Attempted to register an empty config for type COMMON on mod forge
[144月2025 01:10:39.896] [modloading-worker-0/DEBUG] [net.minecraftforge.fml.javafmlmod.AutomaticEventSubscriber/LOADING]: Attempting to inject @EventBusSubscriber classes into the eventbus for forge
[144月2025 01:10:39.898] [modloading-worker-0/DEBUG] [net.minecraftforge.fml.javafmlmod.AutomaticEventSubscriber/LOADING]: Auto-subscribing net.minecraftforge.common.ForgeSpawnEggItem$CommonHandler to MOD
[144月2025 01:10:39.902] [modloading-worker-0/DEBUG] [net.minecraftforge.fml.javafmlmod.AutomaticEventSubscriber/LOADING]: Auto-subscribing net.minecraftforge.common.ForgeSpawnEggItem$ColorRegisterHandler to MOD
[144月2025 01:10:39.912] [modloading-worker-0/DEBUG] [net.minecraftforge.fml.javafmlmod.AutomaticEventSubscriber/LOADING]: Auto-subscribing net.minecraftforge.client.model.data.ModelDataManager to FORGE
[144月2025 01:10:39.916] [modloading-worker-0/DEBUG] [net.minecraftforge.fml.javafmlmod.AutomaticEventSubscriber/LOADING]: Auto-subscribing net.minecraftforge.client.ForgeHooksClient$ClientEvents to MOD
[144月2025 01:10:39.936] [modloading-worker-0/DEBUG] [net.minecraftforge.fml.javafmlmod.AutomaticEventSubscriber/LOADING]: Auto-subscribing net.minecraftforge.client.ClientForgeMod to MOD
[144月2025 01:10:39.988] [Render thread/DEBUG] [net.minecraftforge.registries.ObjectHolderRegistry/REGISTRIES]: Processing ObjectHolder annotations
[144月2025 01:10:40.023] [Render thread/DEBUG] [net.minecraftforge.registries.ObjectHolderRegistry/REGISTRIES]: Found 3867 ObjectHolder annotations
[144月2025 01:10:40.032] [Render thread/DEBUG] [net.minecraftforge.common.capabilities.CapabilityManager/CAPABILITIES]: Attempting to automatically register: Lnet/minecraftforge/energy/IEnergyStorage;
[144月2025 01:10:40.034] [Render thread/DEBUG] [net.minecraftforge.common.capabilities.CapabilityManager/CAPABILITIES]: Attempting to automatically register: Lnet/minecraftforge/fluids/capability/IFluidHandler;
[144月2025 01:10:40.034] [Render thread/DEBUG] [net.minecraftforge.common.capabilities.CapabilityManager/CAPABILITIES]: Attempting to automatically register: Lnet/minecraftforge/fluids/capability/IFluidHandlerItem;
[144月2025 01:10:40.035] [Render thread/DEBUG] [net.minecraftforge.common.capabilities.CapabilityManager/CAPABILITIES]: Attempting to automatically register: Lnet/minecraftforge/items/IItemHandler;
[144月2025 01:10:40.037] [Render thread/DEBUG] [net.minecraftforge.registries.GameData/REGISTRIES]: Unfreezing vanilla registries
[144月2025 01:10:40.042] [Render thread/DEBUG] [net.minecraftforge.registries.GameData/REGISTRIES]: Applying holder lookups: minecraft:sound_event
[144月2025 01:10:40.049] [Render thread/DEBUG] [net.minecraftforge.registries.GameData/REGISTRIES]: Holder lookups applied: minecraft:sound_event
[144月2025 01:10:40.049] [Render thread/DEBUG] [net.minecraftforge.registries.GameData/REGISTRIES]: Applying holder lookups: minecraft:fluid
[144月2025 01:10:40.050] [Render thread/DEBUG] [net.minecraftforge.registries.GameData/REGISTRIES]: Holder lookups applied: minecraft:fluid
[144月2025 01:10:40.050] [Render thread/DEBUG] [net.minecraftforge.registries.GameData/REGISTRIES]: Applying holder lookups: minecraft:block
[144月2025 01:10:40.052] [Render thread/DEBUG] [net.minecraftforge.registries.GameData/REGISTRIES]: Holder lookups applied: minecraft:block
[144月2025 01:10:40.055] [Render thread/DEBUG] [net.minecraftforge.registries.GameData/REGISTRIES]: Applying holder lookups: minecraft:attribute
[144月2025 01:10:40.056] [Render thread/DEBUG] [net.minecraftforge.registries.GameData/REGISTRIES]: Holder lookups applied: minecraft:attribute
[144月2025 01:10:40.056] [Render thread/DEBUG] [net.minecraftforge.registries.GameData/REGISTRIES]: Applying holder lookups: minecraft:mob_effect
[144月2025 01:10:40.057] [Render thread/DEBUG] [net.minecraftforge.registries.GameData/REGISTRIES]: Holder lookups applied: minecraft:mob_effect
[144月2025 01:10:40.057] [Render thread/DEBUG] [net.minecraftforge.registries.GameData/REGISTRIES]: Applying holder lookups: minecraft:particle_type
[144月2025 01:10:40.058] [Render thread/DEBUG] [net.minecraftforge.registries.GameData/REGISTRIES]: Holder lookups applied: minecraft:particle_type
[144月2025 01:10:40.063] [Render thread/DEBUG] [mixin/]: Mixing sword_block.HumanoidModelMixin from dc_m.mixins.json into net.minecraft.client.model.HumanoidModel
[144月2025 01:10:40.065] [Render thread/DEBUG] [mixin/]: dc_m.mixins.json:sword_block.HumanoidModelMixin: Class version 61 required is higher than the class version supported by the current version of Mixin (JAVA_8 supports class version 52)
[144月2025 01:10:40.120] [Render thread/DEBUG] [net.minecraftforge.registries.GameData/REGISTRIES]: Applying holder lookups: minecraft:item
[144月2025 01:10:40.122] [Render thread/DEBUG] [net.minecraftforge.registries.GameData/REGISTRIES]: Holder lookups applied: minecraft:item
[144月2025 01:10:40.122] [Render thread/DEBUG] [net.minecraftforge.registries.GameData/REGISTRIES]: Applying holder lookups: minecraft:entity_type
[144月2025 01:10:40.123] [Render thread/DEBUG] [net.minecraftforge.registries.GameData/REGISTRIES]: Holder lookups applied: minecraft:entity_type
[144月2025 01:10:40.124] [Render thread/DEBUG] [net.minecraftforge.registries.GameData/REGISTRIES]: Applying holder lookups: minecraft:sensor_type
[144月2025 01:10:40.126] [Render thread/DEBUG] [net.minecraftforge.registries.GameData/REGISTRIES]: Holder lookups applied: minecraft:sensor_type
[144月2025 01:10:40.126] [Render thread/DEBUG] [net.minecraftforge.registries.GameData/REGISTRIES]: Applying holder lookups: minecraft:memory_module_type
[144月2025 01:10:40.127] [Render thread/DEBUG] [net.minecraftforge.registries.GameData/REGISTRIES]: Holder lookups applied: minecraft:memory_module_type
[144月2025 01:10:40.128] [Render thread/DEBUG] [net.minecraftforge.registries.GameData/REGISTRIES]: Applying holder lookups: minecraft:potion
[144月2025 01:10:40.129] [Render thread/DEBUG] [net.minecraftforge.registries.GameData/REGISTRIES]: Holder lookups applied: minecraft:potion
[144月2025 01:10:40.129] [Render thread/DEBUG] [net.minecraftforge.registries.GameData/REGISTRIES]: Applying holder lookups: minecraft:game_event
[144月2025 01:10:40.130] [Render thread/DEBUG] [net.minecraftforge.registries.GameData/REGISTRIES]: Holder lookups applied: minecraft:game_event
[144月2025 01:10:40.131] [Render thread/DEBUG] [net.minecraftforge.registries.GameData/REGISTRIES]: Applying holder lookups: minecraft:enchantment
[144月2025 01:10:40.132] [Render thread/DEBUG] [net.minecraftforge.registries.GameData/REGISTRIES]: Holder lookups applied: minecraft:enchantment
[144月2025 01:10:40.132] [Render thread/DEBUG] [net.minecraftforge.registries.GameData/REGISTRIES]: Applying holder lookups: minecraft:block_entity_type
[144月2025 01:10:40.133] [Render thread/DEBUG] [net.minecraftforge.registries.GameData/REGISTRIES]: Holder lookups applied: minecraft:block_entity_type
[144月2025 01:10:40.133] [Render thread/DEBUG] [net.minecraftforge.registries.GameData/REGISTRIES]: Applying holder lookups: minecraft:painting_variant
[144月2025 01:10:40.134] [Render thread/DEBUG] [net.minecraftforge.registries.GameData/REGISTRIES]: Holder lookups applied: minecraft:painting_variant
[144月2025 01:10:40.134] [Render thread/DEBUG] [net.minecraftforge.registries.GameData/REGISTRIES]: Applying holder lookups: minecraft:stat_type
[144月2025 01:10:40.135] [Render thread/DEBUG] [net.minecraftforge.registries.GameData/REGISTRIES]: Holder lookups applied: minecraft:stat_type
[144月2025 01:10:40.136] [Render thread/DEBUG] [net.minecraftforge.registries.GameData/REGISTRIES]: Applying holder lookups: minecraft:custom_stat
[144月2025 01:10:40.137] [Render thread/DEBUG] [net.minecraftforge.registries.GameData/REGISTRIES]: Holder lookups applied: minecraft:custom_stat
[144月2025 01:10:40.138] [Render thread/DEBUG] [net.minecraftforge.registries.GameData/REGISTRIES]: Applying holder lookups: minecraft:chunk_status
[144月2025 01:10:40.139] [Render thread/DEBUG] [net.minecraftforge.registries.GameData/REGISTRIES]: Holder lookups applied: minecraft:chunk_status
[144月2025 01:10:40.139] [Render thread/DEBUG] [net.minecraftforge.registries.GameData/REGISTRIES]: Applying holder lookups: minecraft:rule_test
[144月2025 01:10:40.140] [Render thread/DEBUG] [net.minecraftforge.registries.GameData/REGISTRIES]: Holder lookups applied: minecraft:rule_test
[144月2025 01:10:40.141] [Render thread/DEBUG] [net.minecraftforge.registries.GameData/REGISTRIES]: Applying holder lookups: minecraft:rule_block_entity_modifier
[144月2025 01:10:40.142] [Render thread/DEBUG] [net.minecraftforge.registries.GameData/REGISTRIES]: Holder lookups applied: minecraft:rule_block_entity_modifier
[144月2025 01:10:40.142] [Render thread/DEBUG] [net.minecraftforge.registries.GameData/REGISTRIES]: Applying holder lookups: minecraft:pos_rule_test
[144月2025 01:10:40.143] [Render thread/DEBUG] [net.minecraftforge.registries.GameData/REGISTRIES]: Holder lookups applied: minecraft:pos_rule_test
[144月2025 01:10:40.144] [Render thread/DEBUG] [net.minecraftforge.registries.GameData/REGISTRIES]: Applying holder lookups: minecraft:menu
[144月2025 01:10:40.144] [Render thread/DEBUG] [net.minecraftforge.registries.GameData/REGISTRIES]: Holder lookups applied: minecraft:menu
[144月2025 01:10:40.146] [Render thread/DEBUG] [net.minecraftforge.registries.GameData/REGISTRIES]: Applying holder lookups: minecraft:recipe_type
[144月2025 01:10:40.146] [Render thread/DEBUG] [net.minecraftforge.registries.GameData/REGISTRIES]: Holder lookups applied: minecraft:recipe_type
[144月2025 01:10:40.175] [Render thread/DEBUG] [net.minecraftforge.registries.GameData/REGISTRIES]: Applying holder lookups: minecraft:recipe_serializer
[144月2025 01:10:40.176] [Render thread/DEBUG] [net.minecraftforge.registries.GameData/REGISTRIES]: Holder lookups applied: minecraft:recipe_serializer
[144月2025 01:10:40.176] [Render thread/DEBUG] [net.minecraftforge.registries.GameData/REGISTRIES]: Applying holder lookups: minecraft:position_source_type
[144月2025 01:10:40.177] [Render thread/DEBUG] [net.minecraftforge.registries.GameData/REGISTRIES]: Holder lookups applied: minecraft:position_source_type
[144月2025 01:10:40.181] [Render thread/DEBUG] [net.minecraftforge.registries.GameData/REGISTRIES]: Applying holder lookups: minecraft:command_argument_type
[144月2025 01:10:40.181] [Render thread/DEBUG] [net.minecraftforge.registries.GameData/REGISTRIES]: Holder lookups applied: minecraft:command_argument_type
[144月2025 01:10:40.182] [Render thread/DEBUG] [net.minecraftforge.registries.GameData/REGISTRIES]: Applying holder lookups: minecraft:villager_type
[144月2025 01:10:40.182] [Render thread/DEBUG] [net.minecraftforge.registries.GameData/REGISTRIES]: Holder lookups applied: minecraft:villager_type
[144月2025 01:10:40.183] [Render thread/DEBUG] [net.minecraftforge.registries.GameData/REGISTRIES]: Applying holder lookups: minecraft:villager_profession
[144月2025 01:10:40.183] [Render thread/DEBUG] [net.minecraftforge.registries.GameData/REGISTRIES]: Holder lookups applied: minecraft:villager_profession
[144月2025 01:10:40.183] [Render thread/DEBUG] [net.minecraftforge.registries.GameData/REGISTRIES]: Applying holder lookups: minecraft:point_of_interest_type
[144月2025 01:10:40.183] [Render thread/DEBUG] [net.minecraftforge.registries.GameData/REGISTRIES]: Holder lookups applied: minecraft:point_of_interest_type
[144月2025 01:10:40.185] [Render thread/DEBUG] [net.minecraftforge.registries.GameData/REGISTRIES]: Applying holder lookups: minecraft:schedule
[144月2025 01:10:40.185] [Render thread/DEBUG] [net.minecraftforge.registries.GameData/REGISTRIES]: Holder lookups applied: minecraft:schedule
[144月2025 01:10:40.185] [Render thread/DEBUG] [net.minecraftforge.registries.GameData/REGISTRIES]: Applying holder lookups: minecraft:activity
[144月2025 01:10:40.186] [Render thread/DEBUG] [net.minecraftforge.registries.GameData/REGISTRIES]: Holder lookups applied: minecraft:activity
[144月2025 01:10:40.186] [Render thread/DEBUG] [net.minecraftforge.registries.GameData/REGISTRIES]: Applying holder lookups: minecraft:loot_pool_entry_type
[144月2025 01:10:40.186] [Render thread/DEBUG] [net.minecraftforge.registries.GameData/REGISTRIES]: Holder lookups applied: minecraft:loot_pool_entry_type
[144月2025 01:10:40.188] [Render thread/DEBUG] [net.minecraftforge.registries.GameData/REGISTRIES]: Applying holder lookups: minecraft:loot_function_type
[144月2025 01:10:40.190] [Render thread/DEBUG] [net.minecraftforge.registries.GameData/REGISTRIES]: Holder lookups applied: minecraft:loot_function_type
[144月2025 01:10:40.194] [Render thread/DEBUG] [net.minecraftforge.registries.GameData/REGISTRIES]: Applying holder lookups: minecraft:loot_condition_type
[144月2025 01:10:40.195] [Render thread/DEBUG] [net.minecraftforge.registries.GameData/REGISTRIES]: Holder lookups applied: minecraft:loot_condition_type
[144月2025 01:10:40.195] [Render thread/DEBUG] [net.minecraftforge.registries.GameData/REGISTRIES]: Applying holder lookups: minecraft:loot_number_provider_type
[144月2025 01:10:40.195] [Render thread/DEBUG] [net.minecraftforge.registries.GameData/REGISTRIES]: Holder lookups applied: minecraft:loot_number_provider_type
[144月2025 01:10:40.196] [Render thread/DEBUG] [net.minecraftforge.registries.GameData/REGISTRIES]: Applying holder lookups: minecraft:loot_nbt_provider_type
[144月2025 01:10:40.197] [Render thread/DEBUG] [net.minecraftforge.registries.GameData/REGISTRIES]: Holder lookups applied: minecraft:loot_nbt_provider_type
[144月2025 01:10:40.197] [Render thread/DEBUG] [net.minecraftforge.registries.GameData/REGISTRIES]: Applying holder lookups: minecraft:loot_score_provider_type
[144月2025 01:10:40.197] [Render thread/DEBUG] [net.minecraftforge.registries.GameData/REGISTRIES]: Holder lookups applied: minecraft:loot_score_provider_type
[144月2025 01:10:40.198] [Render thread/DEBUG] [net.minecraftforge.registries.GameData/REGISTRIES]: Applying holder lookups: minecraft:float_provider_type
[144月2025 01:10:40.198] [Render thread/DEBUG] [net.minecraftforge.registries.GameData/REGISTRIES]: Holder lookups applied: minecraft:float_provider_type
[144月2025 01:10:40.198] [Render thread/DEBUG] [net.minecraftforge.registries.GameData/REGISTRIES]: Applying holder lookups: minecraft:int_provider_type
[144月2025 01:10:40.199] [Render thread/DEBUG] [net.minecraftforge.registries.GameData/REGISTRIES]: Holder lookups applied: minecraft:int_provider_type
[144月2025 01:10:40.199] [Render thread/DEBUG] [net.minecraftforge.registries.GameData/REGISTRIES]: Applying holder lookups: minecraft:height_provider_type
[144月2025 01:10:40.200] [Render thread/DEBUG] [net.minecraftforge.registries.GameData/REGISTRIES]: Holder lookups applied: minecraft:height_provider_type
[144月2025 01:10:40.200] [Render thread/DEBUG] [net.minecraftforge.registries.GameData/REGISTRIES]: Applying holder lookups: minecraft:block_predicate_type
[144月2025 01:10:40.201] [Render thread/DEBUG] [net.minecraftforge.registries.GameData/REGISTRIES]: Holder lookups applied: minecraft:block_predicate_type
[144月2025 01:10:40.201] [Render thread/DEBUG] [net.minecraftforge.registries.GameData/REGISTRIES]: Applying holder lookups: minecraft:worldgen/carver
[144月2025 01:10:40.202] [Render thread/DEBUG] [net.minecraftforge.registries.GameData/REGISTRIES]: Holder lookups applied: minecraft:worldgen/carver
[144月2025 01:10:40.202] [Render thread/DEBUG] [net.minecraftforge.registries.GameData/REGISTRIES]: Applying holder lookups: minecraft:worldgen/feature
[144月2025 01:10:40.207] [Render thread/DEBUG] [net.minecraftforge.registries.GameData/REGISTRIES]: Holder lookups applied: minecraft:worldgen/feature
[144月2025 01:10:40.208] [Render thread/DEBUG] [net.minecraftforge.registries.GameData/REGISTRIES]: Applying holder lookups: minecraft:worldgen/structure_processor
[144月2025 01:10:40.208] [Render thread/DEBUG] [net.minecraftforge.registries.GameData/REGISTRIES]: Holder lookups applied: minecraft:worldgen/structure_processor
[144月2025 01:10:40.209] [Render thread/DEBUG] [net.minecraftforge.registries.GameData/REGISTRIES]: Applying holder lookups: minecraft:worldgen/structure_placement
[144月2025 01:10:40.209] [Render thread/DEBUG] [net.minecraftforge.registries.GameData/REGISTRIES]: Holder lookups applied: minecraft:worldgen/structure_placement
[144月2025 01:10:40.209] [Render thread/DEBUG] [net.minecraftforge.registries.GameData/REGISTRIES]: Applying holder lookups: minecraft:worldgen/structure_piece
[144月2025 01:10:40.210] [Render thread/DEBUG] [net.minecraftforge.registries.GameData/REGISTRIES]: Holder lookups applied: minecraft:worldgen/structure_piece
[144月2025 01:10:40.210] [Render thread/DEBUG] [net.minecraftforge.registries.GameData/REGISTRIES]: Applying holder lookups: minecraft:worldgen/structure_type
[144月2025 01:10:40.211] [Render thread/DEBUG] [net.minecraftforge.registries.GameData/REGISTRIES]: Holder lookups applied: minecraft:worldgen/structure_type
[144月2025 01:10:40.211] [Render thread/DEBUG] [net.minecraftforge.registries.GameData/REGISTRIES]: Applying holder lookups: minecraft:worldgen/placement_modifier_type
[144月2025 01:10:40.212] [Render thread/DEBUG] [net.minecraftforge.registries.GameData/REGISTRIES]: Holder lookups applied: minecraft:worldgen/placement_modifier_type
[144月2025 01:10:40.213] [Render thread/DEBUG] [net.minecraftforge.registries.GameData/REGISTRIES]: Applying holder lookups: minecraft:worldgen/block_state_provider_type
[144月2025 01:10:40.213] [Render thread/DEBUG] [net.minecraftforge.registries.GameData/REGISTRIES]: Holder lookups applied: minecraft:worldgen/block_state_provider_type
[144月2025 01:10:40.213] [Render thread/DEBUG] [net.minecraftforge.registries.GameData/REGISTRIES]: Applying holder lookups: minecraft:worldgen/foliage_placer_type
[144月2025 01:10:40.214] [Render thread/DEBUG] [net.minecraftforge.registries.GameData/REGISTRIES]: Holder lookups applied: minecraft:worldgen/foliage_placer_type
[144月2025 01:10:40.214] [Render thread/DEBUG] [net.minecraftforge.registries.GameData/REGISTRIES]: Applying holder lookups: minecraft:worldgen/trunk_placer_type
[144月2025 01:10:40.215] [Render thread/DEBUG] [net.minecraftforge.registries.GameData/REGISTRIES]: Holder lookups applied: minecraft:worldgen/trunk_placer_type
[144月2025 01:10:40.215] [Render thread/DEBUG] [net.minecraftforge.registries.GameData/REGISTRIES]: Applying holder lookups: minecraft:worldgen/root_placer_type
[144月2025 01:10:40.216] [Render thread/DEBUG] [net.minecraftforge.registries.GameData/REGISTRIES]: Holder lookups applied: minecraft:worldgen/root_placer_type
[144月2025 01:10:40.216] [Render thread/DEBUG] [net.minecraftforge.registries.GameData/REGISTRIES]: Applying holder lookups: minecraft:worldgen/tree_decorator_type
[144月2025 01:10:40.217] [Render thread/DEBUG] [net.minecraftforge.registries.GameData/REGISTRIES]: Holder lookups applied: minecraft:worldgen/tree_decorator_type
[144月2025 01:10:40.217] [Render thread/DEBUG] [net.minecraftforge.registries.GameData/REGISTRIES]: Applying holder lookups: minecraft:worldgen/feature_size_type
[144月2025 01:10:40.218] [Render thread/DEBUG] [net.minecraftforge.registries.GameData/REGISTRIES]: Holder lookups applied: minecraft:worldgen/feature_size_type
[144月2025 01:10:40.219] [Render thread/DEBUG] [net.minecraftforge.registries.GameData/REGISTRIES]: Applying holder lookups: minecraft:worldgen/biome_source
[144月2025 01:10:40.220] [Render thread/DEBUG] [net.minecraftforge.registries.GameData/REGISTRIES]: Holder lookups applied: minecraft:worldgen/biome_source
[144月2025 01:10:40.222] [Render thread/DEBUG] [net.minecraftforge.registries.GameData/REGISTRIES]: Applying holder lookups: minecraft:worldgen/chunk_generator
[144月2025 01:10:40.223] [Render thread/DEBUG] [net.minecraftforge.registries.GameData/REGISTRIES]: Holder lookups applied: minecraft:worldgen/chunk_generator
[144月2025 01:10:40.223] [Render thread/DEBUG] [net.minecraftforge.registries.GameData/REGISTRIES]: Applying holder lookups: minecraft:worldgen/material_condition
[144月2025 01:10:40.224] [Render thread/DEBUG] [net.minecraftforge.registries.GameData/REGISTRIES]: Holder lookups applied: minecraft:worldgen/material_condition
[144月2025 01:10:40.225] [Render thread/DEBUG] [net.minecraftforge.registries.GameData/REGISTRIES]: Applying holder lookups: minecraft:worldgen/material_rule
[144月2025 01:10:40.225] [Render thread/DEBUG] [net.minecraftforge.registries.GameData/REGISTRIES]: Holder lookups applied: minecraft:worldgen/material_rule
[144月2025 01:10:40.226] [Render thread/DEBUG] [net.minecraftforge.registries.GameData/REGISTRIES]: Applying holder lookups: minecraft:worldgen/density_function_type
[144月2025 01:10:40.226] [Render thread/DEBUG] [net.minecraftforge.registries.GameData/REGISTRIES]: Holder lookups applied: minecraft:worldgen/density_function_type
[144月2025 01:10:40.227] [Render thread/DEBUG] [net.minecraftforge.registries.GameData/REGISTRIES]: Applying holder lookups: minecraft:worldgen/structure_pool_element
[144月2025 01:10:40.228] [Render thread/DEBUG] [net.minecraftforge.registries.GameData/REGISTRIES]: Holder lookups applied: minecraft:worldgen/structure_pool_element
[144月2025 01:10:40.228] [Render thread/DEBUG] [net.minecraftforge.registries.GameData/REGISTRIES]: Applying holder lookups: minecraft:cat_variant
[144月2025 01:10:40.229] [Render thread/DEBUG] [net.minecraftforge.registries.GameData/REGISTRIES]: Holder lookups applied: minecraft:cat_variant
[144月2025 01:10:40.229] [Render thread/DEBUG] [net.minecraftforge.registries.GameData/REGISTRIES]: Applying holder lookups: minecraft:frog_variant
[144月2025 01:10:40.230] [Render thread/DEBUG] [net.minecraftforge.registries.GameData/REGISTRIES]: Holder lookups applied: minecraft:frog_variant
[144月2025 01:10:40.230] [Render thread/DEBUG] [net.minecraftforge.registries.GameData/REGISTRIES]: Applying holder lookups: minecraft:banner_pattern
[144月2025 01:10:40.231] [Render thread/DEBUG] [net.minecraftforge.registries.GameData/REGISTRIES]: Holder lookups applied: minecraft:banner_pattern
[144月2025 01:10:40.231] [Render thread/DEBUG] [net.minecraftforge.registries.GameData/REGISTRIES]: Applying holder lookups: minecraft:instrument
[144月2025 01:10:40.232] [Render thread/DEBUG] [net.minecraftforge.registries.GameData/REGISTRIES]: Holder lookups applied: minecraft:instrument
[144月2025 01:10:40.232] [Render thread/DEBUG] [net.minecraftforge.registries.GameData/REGISTRIES]: Applying holder lookups: minecraft:decorated_pot_patterns
[144月2025 01:10:40.233] [Render thread/DEBUG] [net.minecraftforge.registries.GameData/REGISTRIES]: Holder lookups applied: minecraft:decorated_pot_patterns
[144月2025 01:10:40.236] [Render thread/DEBUG] [net.minecraftforge.registries.GameData/REGISTRIES]: Applying holder lookups: minecraft:creative_mode_tab
[144月2025 01:10:40.237] [Render thread/DEBUG] [net.minecraftforge.registries.GameData/REGISTRIES]: Holder lookups applied: minecraft:creative_mode_tab
[144月2025 01:10:40.252] [Render thread/DEBUG] [net.minecraftforge.registries.GameData/REGISTRIES]: Applying holder lookups: forge:biome_modifier_serializers
[144月2025 01:10:40.254] [Render thread/DEBUG] [net.minecraftforge.registries.GameData/REGISTRIES]: Holder lookups applied: forge:biome_modifier_serializers
[144月2025 01:10:40.255] [Render thread/DEBUG] [net.minecraftforge.registries.GameData/REGISTRIES]: Applying holder lookups: forge:display_contexts
[144月2025 01:10:40.257] [Render thread/DEBUG] [net.minecraftforge.registries.GameData/REGISTRIES]: Holder lookups applied: forge:display_contexts
[144月2025 01:10:40.257] [Render thread/DEBUG] [net.minecraftforge.registries.GameData/REGISTRIES]: Applying holder lookups: forge:entity_data_serializers
[144月2025 01:10:40.258] [Render thread/DEBUG] [net.minecraftforge.registries.GameData/REGISTRIES]: Holder lookups applied: forge:entity_data_serializers
[144月2025 01:10:40.268] [Render thread/DEBUG] [net.minecraftforge.registries.GameData/REGISTRIES]: Applying holder lookups: forge:fluid_type
[144月2025 01:10:40.269] [Render thread/DEBUG] [net.minecraftforge.registries.GameData/REGISTRIES]: Holder lookups applied: forge:fluid_type
[144月2025 01:10:40.269] [Render thread/DEBUG] [net.minecraftforge.registries.GameData/REGISTRIES]: Applying holder lookups: forge:global_loot_modifier_serializers
[144月2025 01:10:40.270] [Render thread/DEBUG] [net.minecraftforge.registries.GameData/REGISTRIES]: Holder lookups applied: forge:global_loot_modifier_serializers
[144月2025 01:10:40.277] [Render thread/DEBUG] [net.minecraftforge.registries.GameData/REGISTRIES]: Applying holder lookups: forge:holder_set_type
[144月2025 01:10:40.277] [Render thread/DEBUG] [net.minecraftforge.registries.GameData/REGISTRIES]: Holder lookups applied: forge:holder_set_type
[144月2025 01:10:40.278] [Render thread/DEBUG] [net.minecraftforge.registries.GameData/REGISTRIES]: Applying holder lookups: forge:structure_modifier_serializers
[144月2025 01:10:40.280] [Render thread/DEBUG] [net.minecraftforge.registries.GameData/REGISTRIES]: Holder lookups applied: forge:structure_modifier_serializers
[144月2025 01:10:40.280] [Render thread/DEBUG] [net.minecraftforge.registries.GameData/REGISTRIES]: Applying holder lookups: minecraft:worldgen/biome
[144月2025 01:10:40.281] [Render thread/DEBUG] [net.minecraftforge.registries.GameData/REGISTRIES]: Holder lookups applied: minecraft:worldgen/biome
[144月2025 01:10:40.515] [Render thread/DEBUG] [net.minecraftforge.client.loading.ClientModLoader/CORE]: Generating PackInfo named mod:dc_m for mod file D:\JavaWorkspace\DaiChangMod\build\resources\main
[144月2025 01:10:40.516] [Render thread/DEBUG] [net.minecraftforge.client.loading.ClientModLoader/CORE]: Generating PackInfo named mod:forge for mod file /
[144月2025 01:10:40.538] [Render thread/DEBUG] [mixin/]: Mixing TimeStopMixin$TextureManagerMixin from dc_m.mixins.json into net.minecraft.client.renderer.texture.TextureManager
[144月2025 01:10:40.539] [Render thread/DEBUG] [mixin/]: dc_m.mixins.json:TimeStopMixin$TextureManagerMixin: Class version 61 required is higher than the class version supported by the current version of Mixin (JAVA_8 supports class version 52)
[144月2025 01:10:40.579] [Render thread/DEBUG] [mixin/]: Mixing TimeStopMixin$SoundManagerMixin from dc_m.mixins.json into net.minecraft.client.sounds.SoundManager
[144月2025 01:10:40.581] [Render thread/DEBUG] [mixin/]: dc_m.mixins.json:TimeStopMixin$SoundManagerMixin: Class version 61 required is higher than the class version supported by the current version of Mixin (JAVA_8 supports class version 52)
[144月2025 01:10:40.653] [Render thread/DEBUG] [mixin/]: Mixing TimeStopMixin$MusicManagerMixin from dc_m.mixins.json into net.minecraft.client.sounds.MusicManager
[144月2025 01:10:40.653] [Render thread/DEBUG] [mixin/]: dc_m.mixins.json:TimeStopMixin$MusicManagerMixin: Class version 61 required is higher than the class version supported by the current version of Mixin (JAVA_8 supports class version 52)
[144月2025 01:10:40.682] [Render thread/DEBUG] [mixin/]: Mixing TimeStopMixin$RenderStateShardMixin from dc_m.mixins.json into net.minecraft.client.renderer.RenderStateShard
[144月2025 01:10:40.682] [Render thread/DEBUG] [mixin/]: dc_m.mixins.json:TimeStopMixin$RenderStateShardMixin: Class version 61 required is higher than the class version supported by the current version of Mixin (JAVA_8 supports class version 52)
[144月2025 01:10:40.717] [Render thread/DEBUG] [mixin/]: Mixing TimeStopMixin$GameRendererMixin from dc_m.mixins.json into net.minecraft.client.renderer.GameRenderer
[144月2025 01:10:40.717] [Render thread/DEBUG] [mixin/]: dc_m.mixins.json:TimeStopMixin$GameRendererMixin: Class version 61 required is higher than the class version supported by the current version of Mixin (JAVA_8 supports class version 52)
[144月2025 01:10:40.932] [Render thread/DEBUG] [mixin/]: Mixing TimeStopMixin$RenderLevelStageEventMixin from dc_m.mixins.json into net.minecraftforge.client.event.RenderLevelStageEvent
[144月2025 01:10:40.933] [Render thread/DEBUG] [mixin/]: dc_m.mixins.json:TimeStopMixin$RenderLevelStageEventMixin: Class version 61 required is higher than the class version supported by the current version of Mixin (JAVA_8 supports class version 52)
[144月2025 01:10:41.024] [Render thread/DEBUG] [mixin/]: Mixing TimeStopMixin$ForgeEventFactoryMixin from dc_m.mixins.json into net.minecraftforge.event.ForgeEventFactory
[144月2025 01:10:41.026] [Render thread/DEBUG] [mixin/]: dc_m.mixins.json:TimeStopMixin$ForgeEventFactoryMixin: Class version 61 required is higher than the class version supported by the current version of Mixin (JAVA_8 supports class version 52)
[144月2025 01:10:41.221] [Render thread/DEBUG] [mixin/]: Mixing TimeStopMixin$ItemInHandRendererMixin from dc_m.mixins.json into net.minecraft.client.renderer.ItemInHandRenderer
[144月2025 01:10:41.221] [Render thread/DEBUG] [mixin/]: dc_m.mixins.json:TimeStopMixin$ItemInHandRendererMixin: Class version 61 required is higher than the class version supported by the current version of Mixin (JAVA_8 supports class version 52)
[144月2025 01:10:41.222] [Render thread/DEBUG] [mixin/]: Mixing sword_block.ItemInHandRendererMixin from dc_m.mixins.json into net.minecraft.client.renderer.ItemInHandRenderer
[144月2025 01:10:41.223] [Render thread/DEBUG] [mixin/]: dc_m.mixins.json:sword_block.ItemInHandRendererMixin: Class version 61 required is higher than the class version supported by the current version of Mixin (JAVA_8 supports class version 52)
[144月2025 01:10:41.241] [Render thread/DEBUG] [mixin/]: Mixing TimeStopMixin$CameraMixin from dc_m.mixins.json into net.minecraft.client.Camera
[144月2025 01:10:41.242] [Render thread/DEBUG] [mixin/]: dc_m.mixins.json:TimeStopMixin$CameraMixin: Class version 61 required is higher than the class version supported by the current version of Mixin (JAVA_8 supports class version 52)
[144月2025 01:10:41.247] [Render thread/DEBUG] [mixin/]: Mixing TimeStopMixin$LightTextureMixin from dc_m.mixins.json into net.minecraft.client.renderer.LightTexture
[144月2025 01:10:41.247] [Render thread/DEBUG] [mixin/]: dc_m.mixins.json:TimeStopMixin$LightTextureMixin: Class version 61 required is higher than the class version supported by the current version of Mixin (JAVA_8 supports class version 52)
[144月2025 01:10:41.259] [Render thread/DEBUG] [mixin/]: Mixing TimeStopMixin$LevelRendererMixin from dc_m.mixins.json into net.minecraft.client.renderer.LevelRenderer
[144月2025 01:10:41.259] [Render thread/DEBUG] [mixin/]: dc_m.mixins.json:TimeStopMixin$LevelRendererMixin: Class version 61 required is higher than the class version supported by the current version of Mixin (JAVA_8 supports class version 52)
[144月2025 01:10:41.315] [Render thread/DEBUG] [mixin/]: Mixing TimeStopMixin$ParticleEngineMixin from dc_m.mixins.json into net.minecraft.client.particle.ParticleEngine
[144月2025 01:10:41.315] [Render thread/DEBUG] [mixin/]: dc_m.mixins.json:TimeStopMixin$ParticleEngineMixin: Class version 61 required is higher than the class version supported by the current version of Mixin (JAVA_8 supports class version 52)
[144月2025 01:10:41.551] [Render thread/INFO] [net.minecraftforge.gametest.ForgeGameTestHooks/]: Enabled Gametest Namespaces: [dc_m]
[144月2025 01:10:41.870] [Render thread/DEBUG] [mixin/]: Mixing TimeStopMixin$ChatListenerMixin from dc_m.mixins.json into net.minecraft.client.multiplayer.chat.ChatListener
[144月2025 01:10:41.871] [Render thread/DEBUG] [mixin/]: dc_m.mixins.json:TimeStopMixin$ChatListenerMixin: Class version 61 required is higher than the class version supported by the current version of Mixin (JAVA_8 supports class version 52)
[144月2025 01:10:41.898] [Render thread/INFO] [net.minecraft.server.packs.resources.ReloadableResourceManager/]: Reloading ResourceManager: vanilla, mod_resources
[144月2025 01:10:41.936] [modloading-worker-0/DEBUG] [net.minecraftforge.fml.config.ConfigTracker/CONFIG]: Loading configs type CLIENT
[144月2025 01:10:41.940] [modloading-worker-0/DEBUG] [net.minecraftforge.fml.config.ConfigFileTypeHandler/CONFIG]: Built TOML config for D:\JavaWorkspace\DaiChangMod\run\config\forge-client.toml
[144月2025 01:10:41.941] [modloading-worker-0/DEBUG] [net.minecraftforge.fml.config.ConfigFileTypeHandler/CONFIG]: Loaded TOML config file D:\JavaWorkspace\DaiChangMod\run\config\forge-client.toml
[144月2025 01:10:41.958] [modloading-worker-0/DEBUG] [net.minecraftforge.fml.config.ConfigFileTypeHandler/CONFIG]: Watching TOML config file D:\JavaWorkspace\DaiChangMod\run\config\forge-client.toml for changes
[144月2025 01:10:41.970] [modloading-worker-0/DEBUG] [net.minecraftforge.common.ForgeConfig/FORGEMOD]: Loaded forge config file forge-client.toml
[144月2025 01:10:41.972] [modloading-worker-0/DEBUG] [net.minecraftforge.fml.config.ConfigTracker/CONFIG]: Loading configs type COMMON
[144月2025 01:10:42.167] [Worker-Main-3/INFO] [net.minecraft.client.gui.font.providers.UnihexProvider/]: Found unifont_all_no_pua-15.0.06.hex, loading
[144月2025 01:10:42.743] [Forge Version Check/INFO] [net.minecraftforge.fml.VersionChecker/]: [forge] Starting version check at https://files.minecraftforge.net/net/minecraftforge/forge/promotions_slim.json
[144月2025 01:10:43.804] [Forge Version Check/DEBUG] [net.minecraftforge.fml.VersionChecker/]: [forge] Received version check data:
{
  "homepage": "https://files.minecraftforge.net/net/minecraftforge/forge/",
  "promos": {
    "1.1-latest": "1.3.4.29",
    "1.2.3-latest": "1.4.1.64",
    "1.2.4-latest": "2.0.0.68",
    "1.2.5-latest": "3.4.9.171",
    "1.3.2-latest": "4.3.5.318",
    "1.4.0-latest": "5.0.0.326",
    "1.4.1-latest": "6.0.0.329",
    "1.4.2-latest": "6.0.1.355",
    "1.4.3-latest": "6.2.1.358",
    "1.4.4-latest": "6.3.0.378",
    "1.4.5-latest": "6.4.2.448",
    "1.4.6-latest": "6.5.0.489",
    "1.4.7-latest": "6.6.2.534",
    "1.5-latest": "7.7.0.598",
    "1.5.1-latest": "7.7.2.682",
    "1.5.2-latest": "7.8.1.738",
    "1.5.2-recommended": "7.8.1.738",
    "1.6.1-latest": "8.9.0.775",
    "1.6.2-latest": "9.10.1.871",
    "1.6.2-recommended": "9.10.1.871",
    "1.6.3-latest": "9.11.0.878",
    "1.6.4-latest": "9.11.1.1345",
    "1.6.4-recommended": "9.11.1.1345",
    "1.7.2-latest": "10.12.2.1161",
    "1.7.2-recommended": "10.12.2.1161",
    "1.7.10_pre4-latest": "10.12.2.1149",
    "1.7.10-latest": "10.13.4.1614",
    "1.7.10-recommended": "10.13.4.1614",
    "1.8-latest": "11.14.4.1577",
    "1.8-recommended": "11.14.4.1563",
    "1.8.8-latest": "11.15.0.1655",
    "1.8.9-latest": "11.15.1.2318",
    "1.8.9-recommended": "11.15.1.2318",
    "1.9-latest": "12.16.1.1938",
    "1.9-recommended": "12.16.1.1887",
    "1.9.4-latest": "12.17.0.2317",
    "1.9.4-recommended": "12.17.0.2317",
    "1.10-latest": "12.18.0.2000",
    "1.10.2-latest": "12.18.3.2511",
    "1.10.2-recommended": "12.18.3.2511",
    "1.11-latest": "13.19.1.2199",
    "1.11-recommended": "13.19.1.2189",
    "1.11.2-latest": "13.20.1.2588",
    "1.11.2-recommended": "13.20.1.2588",
    "1.12-latest": "14.21.1.2443",
    "1.12-recommended": "14.21.1.2387",
    "1.12.1-latest": "14.22.1.2485",
    "1.12.1-recommended": "14.22.1.2478",
    "1.12.2-latest": "14.23.5.2860",
    "1.12.2-recommended": "14.23.5.2859",
    "1.13.2-latest": "25.0.223",
    "1.14.2-latest": "26.0.63",
    "1.14.3-latest": "27.0.60",
    "1.14.4-latest": "28.2.26",
    "1.14.4-recommended": "28.2.26",
    "1.15-latest": "29.0.4",
    "1.15.1-latest": "30.0.51",
    "1.15.2-latest": "31.2.57",
    "1.15.2-recommended": "31.2.57",
    "1.16.1-latest": "32.0.108",
    "1.16.2-latest": "33.0.61",
    "1.16.3-latest": "34.1.42",
    "1.16.3-recommended": "34.1.0",
    "1.16.4-latest": "35.1.37",
    "1.16.4-recommended": "35.1.4",
    "1.16.5-latest": "36.2.42",
    "1.16.5-recommended": "36.2.34",
    "1.17.1-latest": "37.1.1",
    "1.17.1-recommended": "37.1.1",
    "1.18-latest": "38.0.17",
    "1.18.1-latest": "39.1.2",
    "1.18.1-recommended": "39.1.0",
    "1.18.2-recommended": "40.3.0",
    "1.18.2-latest": "40.3.10",
    "1.19-latest": "41.1.0",
    "1.19-recommended": "41.1.0",
    "1.19.1-latest": "42.0.9",
    "1.19.2-recommended": "43.5.0",
    "1.19.2-latest": "43.5.0",
    "1.19.3-latest": "44.1.23",
    "1.19.3-recommended": "44.1.0",
    "1.19.4-recommended": "45.4.0",
    "1.19.4-latest": "45.4.0",
    "1.20-latest": "46.0.14",
    "1.20.1-recommended": "47.4.0",
    "1.20.1-latest": "47.4.0",
    "1.20.2-latest": "48.1.0",
    "1.20.2-recommended": "48.1.0",
    "1.20.3-latest": "49.0.2",
    "1.20.4-latest": "49.2.0",
    "1.20.4-recommended": "49.2.0",
    "1.20.6-latest": "50.2.0",
    "1.20.6-recommended": "50.2.0",
    "1.21-latest": "51.0.33",
    "1.21.1-latest": "52.1.0",
    "1.21.1-recommended": "52.1.0",
    "1.21.3-latest": "53.1.1",
    "1.21.3-recommended": "53.1.0",
    "1.21.4-latest": "54.1.3",
    "1.21.4-recommended": "54.1.0",
    "1.21.5-latest": "55.0.4"
  }
}
[144月2025 01:10:43.807] [Forge Version Check/INFO] [net.minecraftforge.fml.VersionChecker/]: [forge] Found status: UP_TO_DATE Current: 47.4.0 Target: null
[144月2025 01:10:43.993] [Worker-Main-6/WARN] [net.minecraft.client.resources.model.ModelBakery/]: Unable to load model: 'dc_m:wood_ingot#inventory' referenced from: dc_m:wood_ingot#inventory: java.io.FileNotFoundException: dc_m:models/item/wood_ingot.json
[144月2025 01:10:43.994] [Worker-Main-6/WARN] [net.minecraft.client.resources.model.ModelBakery/]: Unable to load model: 'dc_m:normal_wood_pickaxe#inventory' referenced from: dc_m:normal_wood_pickaxe#inventory: java.io.FileNotFoundException: dc_m:models/item/normal_wood_pickaxe.json
[144月2025 01:10:43.994] [Worker-Main-6/WARN] [net.minecraft.client.resources.model.ModelBakery/]: Unable to load model: 'dc_m:normal_wood_axe#inventory' referenced from: dc_m:normal_wood_axe#inventory: java.io.FileNotFoundException: dc_m:models/item/normal_wood_axe.json
[144月2025 01:10:43.994] [Worker-Main-6/WARN] [net.minecraft.client.resources.model.ModelBakery/]: Unable to load model: 'dc_m:normal_wood_shovel#inventory' referenced from: dc_m:normal_wood_shovel#inventory: java.io.FileNotFoundException: dc_m:models/item/normal_wood_shovel.json
[144月2025 01:10:43.994] [Worker-Main-6/WARN] [net.minecraft.client.resources.model.ModelBakery/]: Unable to load model: 'dc_m:normal_wood_hoe#inventory' referenced from: dc_m:normal_wood_hoe#inventory: java.io.FileNotFoundException: dc_m:models/item/normal_wood_hoe.json
[144月2025 01:10:43.994] [Worker-Main-6/WARN] [net.minecraft.client.resources.model.ModelBakery/]: Unable to load model: 'dc_m:super_wood_ingot#inventory' referenced from: dc_m:super_wood_ingot#inventory: java.io.FileNotFoundException: dc_m:models/item/super_wood_ingot.json
[144月2025 01:10:45.337] [modloading-worker-0/DEBUG] [net.minecraftforge.registries.GameData/REGISTRIES]: Freezing registries
[144月2025 01:10:45.338] [modloading-worker-0/DEBUG] [net.minecraftforge.registries.ForgeRegistry/REGISTRIES]: Registry minecraft:block Sync: FROZEN -> ACTIVE
[144月2025 01:10:45.350] [modloading-worker-0/DEBUG] [net.minecraftforge.registries.ForgeRegistry/REGISTRIES]: Registry minecraft:fluid Sync: FROZEN -> ACTIVE
[144月2025 01:10:45.350] [modloading-worker-0/DEBUG] [net.minecraftforge.registries.ForgeRegistry/REGISTRIES]: Registry minecraft:item Sync: FROZEN -> ACTIVE
[144月2025 01:10:45.361] [modloading-worker-0/DEBUG] [net.minecraftforge.registries.ForgeRegistry/REGISTRIES]: Registry minecraft:mob_effect Sync: FROZEN -> ACTIVE
[144月2025 01:10:45.361] [modloading-worker-0/DEBUG] [net.minecraftforge.registries.ForgeRegistry/REGISTRIES]: Registry minecraft:sound_event Sync: FROZEN -> ACTIVE
[144月2025 01:10:45.372] [modloading-worker-0/DEBUG] [net.minecraftforge.registries.ForgeRegistry/REGISTRIES]: Registry minecraft:potion Sync: FROZEN -> ACTIVE
[144月2025 01:10:45.373] [modloading-worker-0/DEBUG] [net.minecraftforge.registries.ForgeRegistry/REGISTRIES]: Registry minecraft:enchantment Sync: FROZEN -> ACTIVE
[144月2025 01:10:45.373] [modloading-worker-0/DEBUG] [net.minecraftforge.registries.ForgeRegistry/REGISTRIES]: Registry minecraft:entity_type Sync: FROZEN -> ACTIVE
[144月2025 01:10:45.374] [modloading-worker-0/DEBUG] [net.minecraftforge.registries.ForgeRegistry/REGISTRIES]: Registry minecraft:block_entity_type Sync: FROZEN -> ACTIVE
[144月2025 01:10:45.375] [modloading-worker-0/DEBUG] [net.minecraftforge.registries.ForgeRegistry/REGISTRIES]: Registry minecraft:particle_type Sync: FROZEN -> ACTIVE
[144月2025 01:10:45.375] [modloading-worker-0/DEBUG] [net.minecraftforge.registries.ForgeRegistry/REGISTRIES]: Registry minecraft:menu Sync: FROZEN -> ACTIVE
[144月2025 01:10:45.376] [modloading-worker-0/DEBUG] [net.minecraftforge.registries.ForgeRegistry/REGISTRIES]: Registry minecraft:painting_variant Sync: FROZEN -> ACTIVE
[144月2025 01:10:45.376] [modloading-worker-0/DEBUG] [net.minecraftforge.registries.ForgeRegistry/REGISTRIES]: Registry minecraft:recipe_type Sync: FROZEN -> ACTIVE
[144月2025 01:10:45.376] [modloading-worker-0/DEBUG] [net.minecraftforge.registries.ForgeRegistry/REGISTRIES]: Registry minecraft:recipe_serializer Sync: FROZEN -> ACTIVE
[144月2025 01:10:45.376] [modloading-worker-0/DEBUG] [net.minecraftforge.registries.ForgeRegistry/REGISTRIES]: Registry minecraft:attribute Sync: FROZEN -> ACTIVE
[144月2025 01:10:45.377] [modloading-worker-0/DEBUG] [net.minecraftforge.registries.ForgeRegistry/REGISTRIES]: Registry minecraft:stat_type Sync: FROZEN -> ACTIVE
[144月2025 01:10:45.377] [modloading-worker-0/DEBUG] [net.minecraftforge.registries.ForgeRegistry/REGISTRIES]: Registry minecraft:command_argument_type Sync: FROZEN -> ACTIVE
[144月2025 01:10:45.377] [modloading-worker-0/DEBUG] [net.minecraftforge.registries.ForgeRegistry/REGISTRIES]: Registry minecraft:villager_profession Sync: FROZEN -> ACTIVE
[144月2025 01:10:45.378] [modloading-worker-0/DEBUG] [net.minecraftforge.registries.ForgeRegistry/REGISTRIES]: Registry minecraft:point_of_interest_type Sync: FROZEN -> ACTIVE
[144月2025 01:10:45.380] [modloading-worker-0/DEBUG] [net.minecraftforge.registries.ForgeRegistry/REGISTRIES]: Registry minecraft:memory_module_type Sync: FROZEN -> ACTIVE
[144月2025 01:10:45.381] [modloading-worker-0/DEBUG] [net.minecraftforge.registries.ForgeRegistry/REGISTRIES]: Registry minecraft:sensor_type Sync: FROZEN -> ACTIVE
[144月2025 01:10:45.381] [modloading-worker-0/DEBUG] [net.minecraftforge.registries.ForgeRegistry/REGISTRIES]: Registry minecraft:schedule Sync: FROZEN -> ACTIVE
[144月2025 01:10:45.381] [modloading-worker-0/DEBUG] [net.minecraftforge.registries.ForgeRegistry/REGISTRIES]: Registry minecraft:activity Sync: FROZEN -> ACTIVE
[144月2025 01:10:45.382] [modloading-worker-0/DEBUG] [net.minecraftforge.registries.ForgeRegistry/REGISTRIES]: Registry minecraft:worldgen/carver Sync: FROZEN -> ACTIVE
[144月2025 01:10:45.382] [modloading-worker-0/DEBUG] [net.minecraftforge.registries.ForgeRegistry/REGISTRIES]: Registry minecraft:worldgen/feature Sync: FROZEN -> ACTIVE
[144月2025 01:10:45.382] [modloading-worker-0/DEBUG] [net.minecraftforge.registries.ForgeRegistry/REGISTRIES]: Registry minecraft:chunk_status Sync: FROZEN -> ACTIVE
[144月2025 01:10:45.382] [modloading-worker-0/DEBUG] [net.minecraftforge.registries.ForgeRegistry/REGISTRIES]: Registry minecraft:worldgen/block_state_provider_type Sync: FROZEN -> ACTIVE
[144月2025 01:10:45.382] [modloading-worker-0/DEBUG] [net.minecraftforge.registries.ForgeRegistry/REGISTRIES]: Registry minecraft:worldgen/foliage_placer_type Sync: FROZEN -> ACTIVE
[144月2025 01:10:45.383] [modloading-worker-0/DEBUG] [net.minecraftforge.registries.ForgeRegistry/REGISTRIES]: Registry minecraft:worldgen/tree_decorator_type Sync: FROZEN -> ACTIVE
[144月2025 01:10:45.383] [modloading-worker-0/DEBUG] [net.minecraftforge.registries.ForgeRegistry/REGISTRIES]: Registry minecraft:worldgen/biome Sync: FROZEN -> ACTIVE
[144月2025 01:10:45.383] [modloading-worker-0/DEBUG] [net.minecraftforge.registries.ForgeRegistry/REGISTRIES]: Registry forge:entity_data_serializers Sync: FROZEN -> ACTIVE
[144月2025 01:10:45.383] [modloading-worker-0/DEBUG] [net.minecraftforge.registries.ForgeRegistry/REGISTRIES]: Registry forge:global_loot_modifier_serializers Sync: FROZEN -> ACTIVE
[144月2025 01:10:45.383] [modloading-worker-0/DEBUG] [net.minecraftforge.registries.ForgeRegistry/REGISTRIES]: Registry forge:biome_modifier_serializers Sync: FROZEN -> ACTIVE
[144月2025 01:10:45.383] [modloading-worker-0/DEBUG] [net.minecraftforge.registries.ForgeRegistry/REGISTRIES]: Registry forge:fluid_type Sync: FROZEN -> ACTIVE
[144月2025 01:10:45.383] [modloading-worker-0/DEBUG] [net.minecraftforge.registries.ForgeRegistry/REGISTRIES]: Registry forge:structure_modifier_serializers Sync: FROZEN -> ACTIVE
[144月2025 01:10:45.383] [modloading-worker-0/DEBUG] [net.minecraftforge.registries.ForgeRegistry/REGISTRIES]: Registry forge:holder_set_type Sync: FROZEN -> ACTIVE
[144月2025 01:10:45.384] [modloading-worker-0/DEBUG] [net.minecraftforge.registries.ForgeRegistry/REGISTRIES]: Registry forge:display_contexts Sync: FROZEN -> ACTIVE
[144月2025 01:10:46.873] [modloading-worker-0/DEBUG] [net.minecraftforge.registries.GameData/REGISTRIES]: All registries frozen
[144月2025 01:10:47.031] [Render thread/DEBUG] [net.minecraftforge.common.ForgeI18n/CORE]: Loading I18N data entries: 7516
[144月2025 01:10:47.073] [Render thread/WARN] [net.minecraft.client.sounds.SoundEngine/]: Missing sound for event: minecraft:item.goat_horn.play
[144月2025 01:10:47.075] [Render thread/WARN] [net.minecraft.client.sounds.SoundEngine/]: Missing sound for event: minecraft:entity.goat.screaming.horn_break
[144月2025 01:10:47.161] [Render thread/INFO] [com.mojang.blaze3d.audio.Library/]: OpenAL initialized on device OpenAL Soft on 扬声器 (Realtek(R) Audio)
[144月2025 01:10:47.163] [Render thread/INFO] [net.minecraft.client.sounds.SoundEngine/SOUNDS]: Sound engine started
[144月2025 01:10:47.355] [Render thread/INFO] [net.minecraft.client.renderer.texture.TextureAtlas/]: Created: 1024x512x4 minecraft:textures/atlas/blocks.png-atlas
[144月2025 01:10:47.463] [Render thread/INFO] [net.minecraft.client.renderer.texture.TextureAtlas/]: Created: 256x256x4 minecraft:textures/atlas/signs.png-atlas
[144月2025 01:10:47.465] [Render thread/INFO] [net.minecraft.client.renderer.texture.TextureAtlas/]: Created: 512x512x4 minecraft:textures/atlas/shield_patterns.png-atlas
[144月2025 01:10:47.469] [Render thread/INFO] [net.minecraft.client.renderer.texture.TextureAtlas/]: Created: 512x512x4 minecraft:textures/atlas/banner_patterns.png-atlas
[144月2025 01:10:47.472] [Render thread/INFO] [net.minecraft.client.renderer.texture.TextureAtlas/]: Created: 1024x1024x4 minecraft:textures/atlas/armor_trims.png-atlas
[144月2025 01:10:47.501] [Render thread/INFO] [net.minecraft.client.renderer.texture.TextureAtlas/]: Created: 128x64x4 minecraft:textures/atlas/decorated_pot.png-atlas
[144月2025 01:10:47.503] [Render thread/INFO] [net.minecraft.client.renderer.texture.TextureAtlas/]: Created: 256x256x4 minecraft:textures/atlas/chest.png-atlas
[144月2025 01:10:47.504] [Render thread/INFO] [net.minecraft.client.renderer.texture.TextureAtlas/]: Created: 512x256x4 minecraft:textures/atlas/shulker_boxes.png-atlas
[144月2025 01:10:47.505] [Render thread/INFO] [net.minecraft.client.renderer.texture.TextureAtlas/]: Created: 512x256x4 minecraft:textures/atlas/beds.png-atlas
[144月2025 01:10:47.705] [Render thread/DEBUG] [mixin/]: Mixing MixinLivingEntityRender from dc_m.mixins.json into net.minecraft.client.renderer.entity.LivingEntityRenderer
[144月2025 01:10:47.706] [Render thread/DEBUG] [mixin/]: dc_m.mixins.json:MixinLivingEntityRender: Class version 61 required is higher than the class version supported by the current version of Mixin (JAVA_8 supports class version 52)
[144月2025 01:10:47.810] [Render thread/DEBUG] [mixin/]: Mixing MixinItemEntityRenderer from dc_m.mixins.json into net.minecraft.client.renderer.entity.ItemEntityRenderer
[144月2025 01:10:47.811] [Render thread/DEBUG] [mixin/]: dc_m.mixins.json:MixinItemEntityRenderer: Class version 61 required is higher than the class version supported by the current version of Mixin (JAVA_8 supports class version 52)
[144月2025 01:10:47.947] [Render thread/DEBUG] [mixin/]: Mixing sword_block.PlayerItemInHandLayerMixin from dc_m.mixins.json into net.minecraft.client.renderer.entity.layers.PlayerItemInHandLayer
[144月2025 01:10:47.948] [Render thread/DEBUG] [mixin/]: dc_m.mixins.json:sword_block.PlayerItemInHandLayerMixin: Class version 61 required is higher than the class version supported by the current version of Mixin (JAVA_8 supports class version 52)
[144月2025 01:10:48.583] [Render thread/WARN] [net.minecraft.client.renderer.ShaderInstance/]: Shader rendertype_entity_translucent_emissive could not find sampler named Sampler2 in the specified shader program.
[144月2025 01:10:49.185] [Render thread/INFO] [net.minecraft.client.renderer.texture.TextureAtlas/]: Created: 256x256x0 minecraft:textures/atlas/particles.png-atlas
[144月2025 01:10:49.196] [Render thread/INFO] [net.minecraft.client.renderer.texture.TextureAtlas/]: Created: 256x256x0 minecraft:textures/atlas/paintings.png-atlas
[144月2025 01:10:49.198] [Render thread/INFO] [net.minecraft.client.renderer.texture.TextureAtlas/]: Created: 128x128x0 minecraft:textures/atlas/mob_effects.png-atlas
[144月2025 01:10:49.667] [Realms Notification Availability checker #1/INFO] [com.mojang.realmsclient.client.RealmsClient/]: Could not authorize you against Realms server: Invalid session id
[144月2025 01:10:52.789] [Render thread/INFO] [net.minecraftforge.registries.GameData/REGISTRIES]: Injecting existing registry data into this CLIENT instance
[144月2025 01:10:52.826] [Render thread/DEBUG] [net.minecraftforge.registries.ForgeRegistry/REGISTRIES]: Registry minecraft:item: Fixed minecraft:item id mismatch dc_m:data_set: 1259 (init) -> 1270 (map).
[144月2025 01:10:52.829] [Render thread/DEBUG] [net.minecraftforge.registries.ForgeRegistry/REGISTRIES]: Registry minecraft:item: Fixed minecraft:item id mismatch dc_m:dc_craft: 1256 (init) -> 1267 (map).
[144月2025 01:10:52.829] [Render thread/DEBUG] [net.minecraftforge.registries.ForgeRegistry/REGISTRIES]: Registry minecraft:item: Fixed minecraft:item id mismatch dc_m:destroy_block: 1257 (init) -> 1268 (map).
[144月2025 01:10:52.829] [Render thread/DEBUG] [net.minecraftforge.registries.ForgeRegistry/REGISTRIES]: Registry minecraft:item: Fixed minecraft:item id mismatch dc_m:normal_wood_axe: 1262 (init) -> 1258 (map).
[144月2025 01:10:52.830] [Render thread/DEBUG] [net.minecraftforge.registries.ForgeRegistry/REGISTRIES]: Registry minecraft:item: Fixed minecraft:item id mismatch dc_m:normal_wood_hoe: 1264 (init) -> 1260 (map).
[144月2025 01:10:52.830] [Render thread/DEBUG] [net.minecraftforge.registries.ForgeRegistry/REGISTRIES]: Registry minecraft:item: Fixed minecraft:item id mismatch dc_m:normal_wood_pickaxe: 1261 (init) -> 1257 (map).
[144月2025 01:10:52.830] [Render thread/DEBUG] [net.minecraftforge.registries.ForgeRegistry/REGISTRIES]: Registry minecraft:item: Fixed minecraft:item id mismatch dc_m:normal_wood_shovel: 1263 (init) -> 1259 (map).
[144月2025 01:10:52.830] [Render thread/DEBUG] [net.minecraftforge.registries.ForgeRegistry/REGISTRIES]: Registry minecraft:item: Fixed minecraft:item id mismatch dc_m:normal_wood_sword: 1260 (init) -> 1256 (map).
[144月2025 01:10:52.830] [Render thread/DEBUG] [net.minecraftforge.registries.ForgeRegistry/REGISTRIES]: Registry minecraft:item: Fixed minecraft:item id mismatch dc_m:super_wood_axe: 1268 (init) -> 1264 (map).
[144月2025 01:10:52.830] [Render thread/DEBUG] [net.minecraftforge.registries.ForgeRegistry/REGISTRIES]: Registry minecraft:item: Fixed minecraft:item id mismatch dc_m:super_wood_hoe: 1270 (init) -> 1266 (map).
[144月2025 01:10:52.830] [Render thread/DEBUG] [net.minecraftforge.registries.ForgeRegistry/REGISTRIES]: Registry minecraft:item: Fixed minecraft:item id mismatch dc_m:super_wood_ingot: 1265 (init) -> 1261 (map).
[144月2025 01:10:52.830] [Render thread/DEBUG] [net.minecraftforge.registries.ForgeRegistry/REGISTRIES]: Registry minecraft:item: Fixed minecraft:item id mismatch dc_m:super_wood_pickaxe: 1267 (init) -> 1263 (map).
[144月2025 01:10:52.830] [Render thread/DEBUG] [net.minecraftforge.registries.ForgeRegistry/REGISTRIES]: Registry minecraft:item: Fixed minecraft:item id mismatch dc_m:super_wood_shovel: 1269 (init) -> 1265 (map).
[144月2025 01:10:52.830] [Render thread/DEBUG] [net.minecraftforge.registries.ForgeRegistry/REGISTRIES]: Registry minecraft:item: Fixed minecraft:item id mismatch dc_m:super_wood_sword: 1266 (init) -> 1262 (map).
[144月2025 01:10:52.830] [Render thread/DEBUG] [net.minecraftforge.registries.ForgeRegistry/REGISTRIES]: Registry minecraft:item: Fixed minecraft:item id mismatch dc_m:time_clock: 1258 (init) -> 1269 (map).
[144月2025 01:10:52.874] [Render thread/DEBUG] [net.minecraftforge.registries.ForgeRegistry/REGISTRIES]: Registry minecraft:block Sync: ACTIVE -> STAGING
[144月2025 01:10:52.881] [Render thread/DEBUG] [net.minecraftforge.registries.ForgeRegistry/REGISTRIES]: Registry minecraft:fluid Sync: ACTIVE -> STAGING
[144月2025 01:10:52.881] [Render thread/DEBUG] [net.minecraftforge.registries.ForgeRegistry/REGISTRIES]: Registry minecraft:item Sync: ACTIVE -> STAGING
[144月2025 01:10:52.891] [Render thread/DEBUG] [net.minecraftforge.registries.ForgeRegistry/REGISTRIES]: Registry minecraft:mob_effect Sync: ACTIVE -> STAGING
[144月2025 01:10:52.892] [Render thread/DEBUG] [net.minecraftforge.registries.ForgeRegistry/REGISTRIES]: Registry minecraft:sound_event Sync: ACTIVE -> STAGING
[144月2025 01:10:52.901] [Render thread/DEBUG] [net.minecraftforge.registries.ForgeRegistry/REGISTRIES]: Registry minecraft:potion Sync: ACTIVE -> STAGING
[144月2025 01:10:52.901] [Render thread/DEBUG] [net.minecraftforge.registries.ForgeRegistry/REGISTRIES]: Registry minecraft:enchantment Sync: ACTIVE -> STAGING
[144月2025 01:10:52.902] [Render thread/DEBUG] [net.minecraftforge.registries.ForgeRegistry/REGISTRIES]: Registry minecraft:entity_type Sync: ACTIVE -> STAGING
[144月2025 01:10:52.902] [Render thread/DEBUG] [net.minecraftforge.registries.ForgeRegistry/REGISTRIES]: Registry minecraft:block_entity_type Sync: ACTIVE -> STAGING
[144月2025 01:10:52.903] [Render thread/DEBUG] [net.minecraftforge.registries.ForgeRegistry/REGISTRIES]: Registry minecraft:particle_type Sync: ACTIVE -> STAGING
[144月2025 01:10:52.903] [Render thread/DEBUG] [net.minecraftforge.registries.ForgeRegistry/REGISTRIES]: Registry minecraft:menu Sync: ACTIVE -> STAGING
[144月2025 01:10:52.904] [Render thread/DEBUG] [net.minecraftforge.registries.ForgeRegistry/REGISTRIES]: Registry minecraft:painting_variant Sync: ACTIVE -> STAGING
[144月2025 01:10:52.904] [Render thread/DEBUG] [net.minecraftforge.registries.ForgeRegistry/REGISTRIES]: Registry minecraft:recipe_type Sync: ACTIVE -> STAGING
[144月2025 01:10:52.904] [Render thread/DEBUG] [net.minecraftforge.registries.ForgeRegistry/REGISTRIES]: Registry minecraft:recipe_serializer Sync: ACTIVE -> STAGING
[144月2025 01:10:52.904] [Render thread/DEBUG] [net.minecraftforge.registries.ForgeRegistry/REGISTRIES]: Registry minecraft:attribute Sync: ACTIVE -> STAGING
[144月2025 01:10:52.904] [Render thread/DEBUG] [net.minecraftforge.registries.ForgeRegistry/REGISTRIES]: Registry minecraft:stat_type Sync: ACTIVE -> STAGING
[144月2025 01:10:52.904] [Render thread/DEBUG] [net.minecraftforge.registries.ForgeRegistry/REGISTRIES]: Registry minecraft:command_argument_type Sync: ACTIVE -> STAGING
[144月2025 01:10:52.905] [Render thread/DEBUG] [net.minecraftforge.registries.ForgeRegistry/REGISTRIES]: Registry minecraft:villager_profession Sync: ACTIVE -> STAGING
[144月2025 01:10:52.905] [Render thread/DEBUG] [net.minecraftforge.registries.ForgeRegistry/REGISTRIES]: Registry minecraft:point_of_interest_type Sync: ACTIVE -> STAGING
[144月2025 01:10:52.907] [Render thread/DEBUG] [net.minecraftforge.registries.ForgeRegistry/REGISTRIES]: Registry minecraft:memory_module_type Sync: ACTIVE -> STAGING
[144月2025 01:10:52.908] [Render thread/DEBUG] [net.minecraftforge.registries.ForgeRegistry/REGISTRIES]: Registry minecraft:sensor_type Sync: ACTIVE -> STAGING
[144月2025 01:10:52.908] [Render thread/DEBUG] [net.minecraftforge.registries.ForgeRegistry/REGISTRIES]: Registry minecraft:schedule Sync: ACTIVE -> STAGING
[144月2025 01:10:52.908] [Render thread/DEBUG] [net.minecraftforge.registries.ForgeRegistry/REGISTRIES]: Registry minecraft:activity Sync: ACTIVE -> STAGING
[144月2025 01:10:52.908] [Render thread/DEBUG] [net.minecraftforge.registries.ForgeRegistry/REGISTRIES]: Registry minecraft:worldgen/carver Sync: ACTIVE -> STAGING
[144月2025 01:10:52.909] [Render thread/DEBUG] [net.minecraftforge.registries.ForgeRegistry/REGISTRIES]: Registry minecraft:worldgen/feature Sync: ACTIVE -> STAGING
[144月2025 01:10:52.909] [Render thread/DEBUG] [net.minecraftforge.registries.ForgeRegistry/REGISTRIES]: Registry minecraft:chunk_status Sync: ACTIVE -> STAGING
[144月2025 01:10:52.909] [Render thread/DEBUG] [net.minecraftforge.registries.ForgeRegistry/REGISTRIES]: Registry minecraft:worldgen/block_state_provider_type Sync: ACTIVE -> STAGING
[144月2025 01:10:52.910] [Render thread/DEBUG] [net.minecraftforge.registries.ForgeRegistry/REGISTRIES]: Registry minecraft:worldgen/foliage_placer_type Sync: ACTIVE -> STAGING
[144月2025 01:10:52.910] [Render thread/DEBUG] [net.minecraftforge.registries.ForgeRegistry/REGISTRIES]: Registry minecraft:worldgen/tree_decorator_type Sync: ACTIVE -> STAGING
[144月2025 01:10:52.910] [Render thread/DEBUG] [net.minecraftforge.registries.ForgeRegistry/REGISTRIES]: Registry minecraft:worldgen/biome Sync: ACTIVE -> STAGING
[144月2025 01:10:52.910] [Render thread/DEBUG] [net.minecraftforge.registries.ForgeRegistry/REGISTRIES]: Registry forge:entity_data_serializers Sync: ACTIVE -> STAGING
[144月2025 01:10:52.910] [Render thread/DEBUG] [net.minecraftforge.registries.ForgeRegistry/REGISTRIES]: Registry forge:global_loot_modifier_serializers Sync: ACTIVE -> STAGING
[144月2025 01:10:52.910] [Render thread/DEBUG] [net.minecraftforge.registries.ForgeRegistry/REGISTRIES]: Registry forge:biome_modifier_serializers Sync: ACTIVE -> STAGING
[144月2025 01:10:52.911] [Render thread/DEBUG] [net.minecraftforge.registries.ForgeRegistry/REGISTRIES]: Registry forge:fluid_type Sync: ACTIVE -> STAGING
[144月2025 01:10:52.911] [Render thread/DEBUG] [net.minecraftforge.registries.ForgeRegistry/REGISTRIES]: Registry forge:structure_modifier_serializers Sync: ACTIVE -> STAGING
[144月2025 01:10:52.911] [Render thread/DEBUG] [net.minecraftforge.registries.ForgeRegistry/REGISTRIES]: Registry forge:holder_set_type Sync: ACTIVE -> STAGING
[144月2025 01:10:52.911] [Render thread/DEBUG] [net.minecraftforge.registries.ForgeRegistry/REGISTRIES]: Registry forge:display_contexts Sync: ACTIVE -> STAGING
[144月2025 01:10:53.641] [Render thread/DEBUG] [net.minecraftforge.registries.ObjectHolderRegistry/REGISTRIES]: Applying holder lookups
[144月2025 01:10:53.645] [Render thread/DEBUG] [net.minecraftforge.registries.ObjectHolderRegistry/REGISTRIES]: Holder lookups applied
[144月2025 01:10:53.673] [Render thread/DEBUG] [net.minecraftforge.server.ServerLifecycleHooks/CORE]: Generating PackInfo named mod:dc_m for mod file D:\JavaWorkspace\DaiChangMod\build\resources\main
[144月2025 01:10:53.674] [Render thread/DEBUG] [net.minecraftforge.server.ServerLifecycleHooks/CORE]: Generating PackInfo named mod:forge for mod file /
[144月2025 01:10:54.515] [Render thread/DEBUG] [mixin/]: Mixing TimeStopMixin$EndDragonFightMixin from dc_m.mixins.json into net.minecraft.world.level.dimension.end.EndDragonFight
[144月2025 01:10:54.515] [Render thread/DEBUG] [mixin/]: dc_m.mixins.json:TimeStopMixin$EndDragonFightMixin: Class version 61 required is higher than the class version supported by the current version of Mixin (JAVA_8 supports class version 52)
[144月2025 01:10:54.777] [Render thread/DEBUG] [net.minecraftforge.coremod.transformer.CoreModBaseTransformer/COREMOD]: Transforming net/minecraft/server/commands/SummonCommand
[144月2025 01:10:55.298] [Worker-Main-3/DEBUG] [net.minecraftforge.coremod.transformer.CoreModBaseTransformer/COREMOD]: Transforming net/minecraft/world/entity/raid/Raid
[144月2025 01:10:55.886] [Render thread/ERROR] [net.minecraft.world.item.crafting.RecipeManager/]: Parsing error loading recipe dc_m:craft/super_wood_ingot
com.google.gson.JsonSyntaxException: Unknown item 'dc_m:_wood_ingot'
	at net.minecraft.world.item.crafting.ShapedRecipe.lambda$itemFromJson$2(ShapedRecipe.java:292) ~[forge-1.20.1-47.4.0_mapped_official_1.20.1.jar:?]
	at java.util.Optional.orElseThrow(Optional.java:403) ~[?:?]
	at net.minecraft.world.item.crafting.ShapedRecipe.itemFromJson(ShapedRecipe.java:291) ~[forge-1.20.1-47.4.0_mapped_official_1.20.1.jar:?]
	at net.minecraft.world.item.crafting.Ingredient.valueFromJson(Ingredient.java:219) ~[forge-1.20.1-47.4.0_mapped_official_1.20.1.jar:?]
	at net.minecraftforge.common.crafting.VanillaIngredientSerializer.parse(VanillaIngredientSerializer.java:27) ~[forge-1.20.1-47.4.0_mapped_official_1.20.1.jar:?]
	at net.minecraftforge.common.crafting.CraftingHelper.getIngredient(CraftingHelper.java:148) ~[forge-1.20.1-47.4.0_mapped_official_1.20.1.jar:?]
	at net.minecraft.world.item.crafting.Ingredient.fromJson(Ingredient.java:194) ~[forge-1.20.1-47.4.0_mapped_official_1.20.1.jar:?]
	at net.minecraft.world.item.crafting.ShapedRecipe.keyFromJson(ShapedRecipe.java:278) ~[forge-1.20.1-47.4.0_mapped_official_1.20.1.jar:?]
	at net.minecraft.world.item.crafting.ShapedRecipe$Serializer.fromJson(ShapedRecipe.java:306) ~[forge-1.20.1-47.4.0_mapped_official_1.20.1.jar:?]
	at net.minecraft.world.item.crafting.ShapedRecipe$Serializer.fromJson(ShapedRecipe.java:301) ~[forge-1.20.1-47.4.0_mapped_official_1.20.1.jar:?]
	at net.minecraftforge.common.extensions.IForgeRecipeSerializer.fromJson(IForgeRecipeSerializer.java:23) ~[forge-1.20.1-47.4.0_mapped_official_1.20.1.jar:?]
	at net.minecraft.world.item.crafting.RecipeManager.fromJson(RecipeManager.java:171) ~[forge-1.20.1-47.4.0_mapped_official_1.20.1.jar:?]
	at net.minecraft.world.item.crafting.RecipeManager.apply(RecipeManager.java:67) ~[forge-1.20.1-47.4.0_mapped_official_1.20.1.jar:?]
	at net.minecraft.world.item.crafting.RecipeManager.apply(RecipeManager.java:34) ~[forge-1.20.1-47.4.0_mapped_official_1.20.1.jar:?]
	at net.minecraft.server.packs.resources.SimplePreparableReloadListener.lambda$reload$1(SimplePreparableReloadListener.java:13) ~[forge-1.20.1-47.4.0_mapped_official_1.20.1.jar:?]
	at java.util.concurrent.CompletableFuture$UniAccept.tryFire(CompletableFuture.java:718) ~[?:?]
	at java.util.concurrent.CompletableFuture$Completion.run(CompletableFuture.java:482) ~[?:?]
	at net.minecraft.server.packs.resources.SimpleReloadInstance.lambda$new$3(SimpleReloadInstance.java:69) ~[forge-1.20.1-47.4.0_mapped_official_1.20.1.jar:?]
	at net.minecraft.util.thread.BlockableEventLoop.doRunTask(BlockableEventLoop.java:156) ~[forge-1.20.1-47.4.0_mapped_official_1.20.1.jar:?]
	at net.minecraft.util.thread.ReentrantBlockableEventLoop.doRunTask(ReentrantBlockableEventLoop.java:23) ~[forge-1.20.1-47.4.0_mapped_official_1.20.1.jar:?]
	at net.minecraft.util.thread.BlockableEventLoop.pollTask(BlockableEventLoop.java:130) ~[forge-1.20.1-47.4.0_mapped_official_1.20.1.jar:?]
	at net.minecraft.util.thread.BlockableEventLoop.managedBlock(BlockableEventLoop.java:139) ~[forge-1.20.1-47.4.0_mapped_official_1.20.1.jar:?]
	at net.minecraft.client.gui.screens.worldselection.WorldOpenFlows.loadWorldDataBlocking(WorldOpenFlows.java:163) ~[forge-1.20.1-47.4.0_mapped_official_1.20.1.jar:?]
	at net.minecraft.client.gui.screens.worldselection.WorldOpenFlows.loadWorldStem(WorldOpenFlows.java:113) ~[forge-1.20.1-47.4.0_mapped_official_1.20.1.jar:?]
	at net.minecraft.client.gui.screens.worldselection.WorldOpenFlows.doLoadLevel(WorldOpenFlows.java:181) ~[forge-1.20.1-47.4.0_mapped_official_1.20.1.jar:?]
	at net.minecraft.client.gui.screens.worldselection.WorldOpenFlows.doLoadLevel(WorldOpenFlows.java:169) ~[forge-1.20.1-47.4.0_mapped_official_1.20.1.jar:?]
	at net.minecraft.client.gui.screens.worldselection.WorldOpenFlows.loadLevel(WorldOpenFlows.java:65) ~[forge-1.20.1-47.4.0_mapped_official_1.20.1.jar:?]
	at net.minecraft.client.gui.screens.worldselection.WorldSelectionList$WorldListEntry.loadWorld(WorldSelectionList.java:575) ~[forge-1.20.1-47.4.0_mapped_official_1.20.1.jar:?]
	at net.minecraft.client.gui.screens.worldselection.WorldSelectionList$WorldListEntry.joinWorld(WorldSelectionList.java:474) ~[forge-1.20.1-47.4.0_mapped_official_1.20.1.jar:?]
	at net.minecraft.client.gui.screens.worldselection.WorldSelectionList$WorldListEntry.mouseClicked(WorldSelectionList.java:416) ~[forge-1.20.1-47.4.0_mapped_official_1.20.1.jar:?]
	at net.minecraft.client.gui.components.AbstractSelectionList.mouseClicked(AbstractSelectionList.java:298) ~[forge-1.20.1-47.4.0_mapped_official_1.20.1.jar:?]
	at net.minecraft.client.gui.components.events.ContainerEventHandler.mouseClicked(ContainerEventHandler.java:38) ~[forge-1.20.1-47.4.0_mapped_official_1.20.1.jar:?]
	at net.minecraft.client.MouseHandler.lambda$onPress$0(MouseHandler.java:92) ~[forge-1.20.1-47.4.0_mapped_official_1.20.1.jar:?]
	at net.minecraft.client.gui.screens.Screen.wrapScreenError(Screen.java:437) ~[forge-1.20.1-47.4.0_mapped_official_1.20.1.jar:?]
	at net.minecraft.client.MouseHandler.onPress(MouseHandler.java:89) ~[forge-1.20.1-47.4.0_mapped_official_1.20.1.jar:?]
	at net.minecraft.client.MouseHandler.lambda$setup$4(MouseHandler.java:189) ~[forge-1.20.1-47.4.0_mapped_official_1.20.1.jar:?]
	at net.minecraft.util.thread.BlockableEventLoop.execute(BlockableEventLoop.java:102) ~[forge-1.20.1-47.4.0_mapped_official_1.20.1.jar:?]
	at net.minecraft.client.MouseHandler.lambda$setup$5(MouseHandler.java:188) ~[forge-1.20.1-47.4.0_mapped_official_1.20.1.jar:?]
	at org.lwjgl.glfw.GLFWMouseButtonCallbackI.callback(GLFWMouseButtonCallbackI.java:43) ~[lwjgl-glfw-3.3.1.jar:build 7]
	at org.lwjgl.system.JNI.invokeV(Native Method) ~[lwjgl-3.3.1.jar:build 7]
	at org.lwjgl.glfw.GLFW.glfwPollEvents(GLFW.java:3403) ~[lwjgl-glfw-3.3.1.jar:build 7]
	at com.mojang.blaze3d.systems.RenderSystem.pollEvents(RenderSystem.java:201) ~[forge-1.20.1-47.4.0_mapped_official_1.20.1.jar:?]
	at com.mojang.blaze3d.systems.RenderSystem.flipFrame(RenderSystem.java:219) ~[forge-1.20.1-47.4.0_mapped_official_1.20.1.jar:?]
	at com.mojang.blaze3d.platform.Window.updateDisplay(Window.java:274) ~[forge-1.20.1-47.4.0_mapped_official_1.20.1.jar:?]
	at net.minecraft.client.Minecraft.runTick(Minecraft.java:1170) ~[forge-1.20.1-47.4.0_mapped_official_1.20.1.jar:?]
	at net.minecraft.client.Minecraft.run(Minecraft.java:718) ~[forge-1.20.1-47.4.0_mapped_official_1.20.1.jar:?]
	at net.minecraft.client.main.Main.main(Main.java:218) ~[forge-1.20.1-47.4.0_mapped_official_1.20.1.jar:?]
	at jdk.internal.reflect.NativeMethodAccessorImpl.invoke0(Native Method) ~[?:?]
	at jdk.internal.reflect.NativeMethodAccessorImpl.invoke(NativeMethodAccessorImpl.java:77) ~[?:?]
	at jdk.internal.reflect.DelegatingMethodAccessorImpl.invoke(DelegatingMethodAccessorImpl.java:43) ~[?:?]
	at java.lang.reflect.Method.invoke(Method.java:568) ~[?:?]
	at net.minecraftforge.fml.loading.targets.CommonLaunchHandler.runTarget(CommonLaunchHandler.java:111) ~[fmlloader-1.20.1-47.4.0.jar:?]
	at net.minecraftforge.fml.loading.targets.CommonLaunchHandler.clientService(CommonLaunchHandler.java:99) ~[fmlloader-1.20.1-47.4.0.jar:?]
	at net.minecraftforge.fml.loading.targets.ForgeClientUserdevLaunchHandler.devService(ForgeClientUserdevLaunchHandler.java:19) ~[fmlloader-1.20.1-47.4.0.jar:?]
	at net.minecraftforge.fml.loading.targets.CommonDevLaunchHandler.lambda$makeService$7(CommonDevLaunchHandler.java:135) ~[fmlloader-1.20.1-47.4.0.jar:?]
	at cpw.mods.modlauncher.LaunchServiceHandlerDecorator.launch(LaunchServiceHandlerDecorator.java:30) ~[modlauncher-10.0.9.jar:?]
	at cpw.mods.modlauncher.LaunchServiceHandler.launch(LaunchServiceHandler.java:53) ~[modlauncher-10.0.9.jar:?]
	at cpw.mods.modlauncher.LaunchServiceHandler.launch(LaunchServiceHandler.java:71) ~[modlauncher-10.0.9.jar:?]
	at cpw.mods.modlauncher.Launcher.run(Launcher.java:108) ~[modlauncher-10.0.9.jar:?]
	at cpw.mods.modlauncher.Launcher.main(Launcher.java:78) ~[modlauncher-10.0.9.jar:?]
	at cpw.mods.modlauncher.BootstrapLaunchConsumer.accept(BootstrapLaunchConsumer.java:26) ~[modlauncher-10.0.9.jar:?]
	at cpw.mods.modlauncher.BootstrapLaunchConsumer.accept(BootstrapLaunchConsumer.java:23) ~[modlauncher-10.0.9.jar:?]
	at cpw.mods.bootstraplauncher.BootstrapLauncher.main(BootstrapLauncher.java:141) ~[bootstraplauncher-1.1.2.jar:?]
[144月2025 01:10:55.980] [Render thread/INFO] [net.minecraft.world.item.crafting.RecipeManager/]: Loaded 7 recipes
[144月2025 01:10:56.152] [Render thread/INFO] [net.minecraft.advancements.AdvancementList/]: Loaded 1271 advancements
[144月2025 01:10:56.852] [Render thread/DEBUG] [net.minecraftforge.common.ForgeHooks/WP]: Gathering id map for writing to world save 新的世界
[144月2025 01:10:56.873] [Render thread/DEBUG] [net.minecraftforge.common.ForgeHooks/WP]: ID Map collection complete 新的世界
[144月2025 01:10:56.945] [Render thread/DEBUG] [mixin/]: Mixing TimeStopMixin$ServerFunctionManagerMixin from dc_m.mixins.json into net.minecraft.server.ServerFunctionManager
[144月2025 01:10:56.945] [Render thread/DEBUG] [mixin/]: dc_m.mixins.json:TimeStopMixin$ServerFunctionManagerMixin: Class version 61 required is higher than the class version supported by the current version of Mixin (JAVA_8 supports class version 52)
[144月2025 01:10:56.962] [Server thread/INFO] [net.minecraft.client.server.IntegratedServer/]: Starting integrated minecraft server version 1.20.1
[144月2025 01:10:56.962] [Server thread/INFO] [net.minecraft.server.MinecraftServer/]: Generating keypair
[144月2025 01:10:57.077] [Server thread/DEBUG] [net.minecraftforge.fml.config.ConfigTracker/CONFIG]: Loading configs type SERVER
[144月2025 01:10:57.078] [Server thread/DEBUG] [net.minecraftforge.fml.config.ConfigFileTypeHandler/CONFIG]: Built TOML config for .\saves\新的世界\serverconfig\forge-server.toml
[144月2025 01:10:57.079] [Server thread/DEBUG] [net.minecraftforge.fml.config.ConfigFileTypeHandler/CONFIG]: Loaded TOML config file .\saves\新的世界\serverconfig\forge-server.toml
[144月2025 01:10:57.082] [Server thread/DEBUG] [net.minecraftforge.fml.config.ConfigFileTypeHandler/CONFIG]: Watching TOML config file .\saves\新的世界\serverconfig\forge-server.toml for changes
[144月2025 01:10:57.082] [Server thread/DEBUG] [net.minecraftforge.common.ForgeConfig/FORGEMOD]: Loaded forge config file forge-server.toml
[144月2025 01:10:57.089] [Thread-3/DEBUG] [net.minecraftforge.fml.config.ConfigFileTypeHandler/CONFIG]: Config file forge-server.toml changed, sending notifies
[144月2025 01:10:57.090] [Thread-3/DEBUG] [net.minecraftforge.common.ForgeConfig/FORGEMOD]: Forge config just got changed on the file system!
[144月2025 01:10:57.159] [Server thread/DEBUG] [net.minecraftforge.coremod.transformer.CoreModBaseTransformer/COREMOD]: Transforming net/minecraft/world/level/levelgen/PhantomSpawner
[144月2025 01:10:57.179] [Server thread/DEBUG] [net.minecraftforge.coremod.transformer.CoreModBaseTransformer/COREMOD]: Transforming net/minecraft/world/level/levelgen/PatrolSpawner
[144月2025 01:10:57.193] [Server thread/DEBUG] [net.minecraftforge.coremod.transformer.CoreModBaseTransformer/COREMOD]: Transforming net/minecraft/world/entity/npc/CatSpawner
[144月2025 01:10:57.203] [Server thread/DEBUG] [net.minecraftforge.coremod.transformer.CoreModBaseTransformer/COREMOD]: Transforming net/minecraft/world/entity/ai/village/VillageSiege
[144月2025 01:10:57.243] [Server thread/DEBUG] [mixin/]: Mixing TimeStopMixin$ServerChunkCacheMixin from dc_m.mixins.json into net.minecraft.server.level.ServerChunkCache
[144月2025 01:10:57.243] [Server thread/DEBUG] [mixin/]: dc_m.mixins.json:TimeStopMixin$ServerChunkCacheMixin: Class version 61 required is higher than the class version supported by the current version of Mixin (JAVA_8 supports class version 52)
[144月2025 01:10:57.279] [Server thread/DEBUG] [mixin/]: Mixing TimeStopMixin$LevelTicksMixin from dc_m.mixins.json into net.minecraft.world.ticks.LevelTicks
[144月2025 01:10:57.279] [Server thread/DEBUG] [mixin/]: dc_m.mixins.json:TimeStopMixin$LevelTicksMixin: Class version 61 required is higher than the class version supported by the current version of Mixin (JAVA_8 supports class version 52)
[144月2025 01:10:57.340] [Server thread/DEBUG] [mixin/]: Mixing TimeStopMixin$PersistentEntitySectionManagerMixin from dc_m.mixins.json into net.minecraft.world.level.entity.PersistentEntitySectionManager
[144月2025 01:10:57.341] [Server thread/DEBUG] [mixin/]: dc_m.mixins.json:TimeStopMixin$PersistentEntitySectionManagerMixin: Class version 61 required is higher than the class version supported by the current version of Mixin (JAVA_8 supports class version 52)
[144月2025 01:10:57.525] [Server thread/DEBUG] [mixin/]: Mixing TimeStopMixin$RaidsMixin from dc_m.mixins.json into net.minecraft.world.entity.raid.Raids
[144月2025 01:10:57.526] [Server thread/DEBUG] [mixin/]: dc_m.mixins.json:TimeStopMixin$RaidsMixin: Class version 61 required is higher than the class version supported by the current version of Mixin (JAVA_8 supports class version 52)
[144月2025 01:10:57.617] [Server thread/INFO] [net.minecraft.server.MinecraftServer/]: Preparing start region for dimension minecraft:overworld
[144月2025 01:11:01.096] [Server thread/DEBUG] [net.minecraftforge.coremod.transformer.CoreModBaseTransformer/COREMOD]: Transforming net/minecraft/world/level/levelgen/structure/templatesystem/StructureTemplate
[144月2025 01:11:02.844] [Render thread/INFO] [net.minecraft.server.level.progress.LoggerChunkProgressListener/]: 准备生成区域中：0%
[144月2025 01:11:02.844] [Render thread/INFO] [net.minecraft.server.level.progress.LoggerChunkProgressListener/]: 准备生成区域中：0%
[144月2025 01:11:02.845] [Render thread/INFO] [net.minecraft.server.level.progress.LoggerChunkProgressListener/]: 准备生成区域中：0%
[144月2025 01:11:02.845] [Render thread/INFO] [net.minecraft.server.level.progress.LoggerChunkProgressListener/]: 准备生成区域中：0%
[144月2025 01:11:02.845] [Render thread/INFO] [net.minecraft.server.level.progress.LoggerChunkProgressListener/]: 准备生成区域中：0%
[144月2025 01:11:02.845] [Render thread/INFO] [net.minecraft.server.level.progress.LoggerChunkProgressListener/]: 准备生成区域中：0%
[144月2025 01:11:02.846] [Render thread/INFO] [net.minecraft.server.level.progress.LoggerChunkProgressListener/]: 准备生成区域中：0%
[144月2025 01:11:02.846] [Render thread/INFO] [net.minecraft.server.level.progress.LoggerChunkProgressListener/]: 准备生成区域中：0%
[144月2025 01:11:02.846] [Render thread/INFO] [net.minecraft.server.level.progress.LoggerChunkProgressListener/]: 准备生成区域中：0%
[144月2025 01:11:02.846] [Render thread/INFO] [net.minecraft.server.level.progress.LoggerChunkProgressListener/]: 准备生成区域中：0%
[144月2025 01:11:02.846] [Render thread/INFO] [net.minecraft.server.level.progress.LoggerChunkProgressListener/]: 准备生成区域中：0%
[144月2025 01:11:03.129] [Render thread/INFO] [net.minecraft.server.level.progress.LoggerChunkProgressListener/]: 准备生成区域中：0%
[144月2025 01:11:03.644] [Render thread/INFO] [net.minecraft.server.level.progress.LoggerChunkProgressListener/]: 准备生成区域中：16%
[144月2025 01:11:04.143] [Render thread/INFO] [net.minecraft.server.level.progress.LoggerChunkProgressListener/]: 准备生成区域中：44%
[144月2025 01:11:04.639] [Render thread/INFO] [net.minecraft.server.level.progress.LoggerChunkProgressListener/]: 准备生成区域中：89%
[144月2025 01:11:04.717] [Render thread/INFO] [net.minecraft.server.level.progress.LoggerChunkProgressListener/]: Time elapsed: 7093 ms
[144月2025 01:11:04.723] [Server thread/INFO] [net.minecraftforge.server.permission.PermissionAPI/]: Successfully initialized permission handler forge:default_handler
[144月2025 01:11:04.859] [Server thread/DEBUG] [io.netty.buffer.AbstractByteBuf/]: -Dio.netty.buffer.checkAccessible: true
[144月2025 01:11:04.859] [Server thread/DEBUG] [io.netty.buffer.AbstractByteBuf/]: -Dio.netty.buffer.checkBounds: true
[144月2025 01:11:04.862] [Server thread/DEBUG] [io.netty.util.ResourceLeakDetectorFactory/]: Loaded default ResourceLeakDetector: io.netty.util.ResourceLeakDetector@5fbd39c9
[144月2025 01:11:04.911] [Server thread/DEBUG] [net.minecraftforge.coremod.transformer.CoreModBaseTransformer/COREMOD]: Transforming net/minecraft/world/level/NaturalSpawner
[144月2025 01:11:05.035] [Server thread/INFO] [net.minecraft.client.server.IntegratedServer/]: Changing view distance to 12, from 10
[144月2025 01:11:05.042] [Server thread/INFO] [net.minecraft.client.server.IntegratedServer/]: Changing simulation distance to 12, from 0
[144月2025 01:11:05.080] [Render thread/DEBUG] [io.netty.channel.MultithreadEventLoopGroup/]: -Dio.netty.eventLoopThreads: 16
[144月2025 01:11:05.111] [Render thread/DEBUG] [io.netty.util.internal.InternalThreadLocalMap/]: -Dio.netty.threadLocalMap.stringBuilder.initialSize: 1024
[144月2025 01:11:05.111] [Render thread/DEBUG] [io.netty.util.internal.InternalThreadLocalMap/]: -Dio.netty.threadLocalMap.stringBuilder.maxSize: 4096
[144月2025 01:11:05.127] [Render thread/DEBUG] [io.netty.channel.nio.NioEventLoop/]: -Dio.netty.noKeySetOptimization: false
[144月2025 01:11:05.127] [Render thread/DEBUG] [io.netty.channel.nio.NioEventLoop/]: -Dio.netty.selectorAutoRebuildThreshold: 512
[144月2025 01:11:05.139] [Render thread/DEBUG] [io.netty.util.internal.PlatformDependent/]: org.jctools-core.MpscChunkedArrayQueue: available
[144月2025 01:11:05.211] [Render thread/DEBUG] [io.netty.channel.DefaultChannelId/]: -Dio.netty.processId: 7452 (auto-detected)
[144月2025 01:11:05.216] [Render thread/WARN] [io.netty.util.internal.SystemPropertyUtil/]: Unable to parse the boolean system property 'java.net.preferIPv6Addresses':system - using the default value: false
[144月2025 01:11:05.217] [Render thread/DEBUG] [io.netty.util.NetUtil/]: -Djava.net.preferIPv4Stack: false
[144月2025 01:11:05.217] [Render thread/DEBUG] [io.netty.util.NetUtil/]: -Djava.net.preferIPv6Addresses: false
[144月2025 01:11:05.243] [Render thread/DEBUG] [io.netty.util.NetUtilInitializations/]: Loopback interface: lo (Software Loopback Interface 1, 127.0.0.1)
[144月2025 01:11:05.247] [Render thread/DEBUG] [io.netty.util.NetUtil/]: Failed to get SOMAXCONN from sysctl and file \proc\sys\net\core\somaxconn. Default: 200
[144月2025 01:11:05.312] [Render thread/DEBUG] [io.netty.channel.DefaultChannelId/]: -Dio.netty.machineId: dc:71:96:ff:fe:fa:cf:67 (auto-detected)
[144月2025 01:11:05.364] [Render thread/DEBUG] [io.netty.buffer.PooledByteBufAllocator/]: -Dio.netty.allocator.numHeapArenas: 16
[144月2025 01:11:05.364] [Render thread/DEBUG] [io.netty.buffer.PooledByteBufAllocator/]: -Dio.netty.allocator.numDirectArenas: 16
[144月2025 01:11:05.364] [Render thread/DEBUG] [io.netty.buffer.PooledByteBufAllocator/]: -Dio.netty.allocator.pageSize: 8192
[144月2025 01:11:05.365] [Render thread/DEBUG] [io.netty.buffer.PooledByteBufAllocator/]: -Dio.netty.allocator.maxOrder: 9
[144月2025 01:11:05.365] [Render thread/DEBUG] [io.netty.buffer.PooledByteBufAllocator/]: -Dio.netty.allocator.chunkSize: 4194304
[144月2025 01:11:05.365] [Render thread/DEBUG] [io.netty.buffer.PooledByteBufAllocator/]: -Dio.netty.allocator.smallCacheSize: 256
[144月2025 01:11:05.365] [Render thread/DEBUG] [io.netty.buffer.PooledByteBufAllocator/]: -Dio.netty.allocator.normalCacheSize: 64
[144月2025 01:11:05.365] [Render thread/DEBUG] [io.netty.buffer.PooledByteBufAllocator/]: -Dio.netty.allocator.maxCachedBufferCapacity: 32768
[144月2025 01:11:05.365] [Render thread/DEBUG] [io.netty.buffer.PooledByteBufAllocator/]: -Dio.netty.allocator.cacheTrimInterval: 8192
[144月2025 01:11:05.365] [Render thread/DEBUG] [io.netty.buffer.PooledByteBufAllocator/]: -Dio.netty.allocator.cacheTrimIntervalMillis: 0
[144月2025 01:11:05.365] [Render thread/DEBUG] [io.netty.buffer.PooledByteBufAllocator/]: -Dio.netty.allocator.useCacheForAllThreads: false
[144月2025 01:11:05.366] [Render thread/DEBUG] [io.netty.buffer.PooledByteBufAllocator/]: -Dio.netty.allocator.maxCachedByteBuffersPerChunk: 1023
[144月2025 01:11:05.382] [Render thread/DEBUG] [io.netty.buffer.ByteBufUtil/]: -Dio.netty.allocator.type: pooled
[144月2025 01:11:05.382] [Render thread/DEBUG] [io.netty.buffer.ByteBufUtil/]: -Dio.netty.threadLocalDirectBufferSize: 0
[144月2025 01:11:05.382] [Render thread/DEBUG] [io.netty.buffer.ByteBufUtil/]: -Dio.netty.maxThreadLocalCharBufferSize: 16384
[144月2025 01:11:05.445] [Netty Local Client IO #0/DEBUG] [net.minecraftforge.network.HandshakeHandler/FMLHANDSHAKE]: Starting local connection.
[144月2025 01:11:05.735] [Netty Local Client IO #0/DEBUG] [io.netty.util.Recycler/]: -Dio.netty.recycler.maxCapacityPerThread: 4096
[144月2025 01:11:05.736] [Netty Local Client IO #0/DEBUG] [io.netty.util.Recycler/]: -Dio.netty.recycler.ratio: 8
[144月2025 01:11:05.738] [Netty Local Client IO #0/DEBUG] [io.netty.util.Recycler/]: -Dio.netty.recycler.chunkSize: 32
[144月2025 01:11:05.740] [Netty Local Client IO #0/DEBUG] [io.netty.util.Recycler/]: -Dio.netty.recycler.blocking: false
[144月2025 01:11:05.764] [Netty Server IO #1/DEBUG] [net.minecraftforge.network.HandshakeHandler/FMLHANDSHAKE]: Starting local connection.
[144月2025 01:11:05.804] [Server thread/DEBUG] [net.minecraftforge.network.HandshakeHandler/FMLHANDSHAKE]: Sending ticking packet info 'net.minecraftforge.network.HandshakeMessages$S2CModData' to 'fml:handshake' sequence 0
[144月2025 01:11:05.819] [Netty Local Client IO #0/DEBUG] [net.minecraftforge.network.LoginWrapper/FMLHANDSHAKE]: Recieved login wrapper packet event for channel fml:handshake with index 0
[144月2025 01:11:05.850] [Server thread/DEBUG] [net.minecraftforge.network.HandshakeHandler/FMLHANDSHAKE]: Sending ticking packet info 'net.minecraftforge.network.HandshakeMessages$S2CModList' to 'fml:handshake' sequence 1
[144月2025 01:11:05.851] [Netty Local Client IO #0/DEBUG] [net.minecraftforge.network.LoginWrapper/FMLHANDSHAKE]: Recieved login wrapper packet event for channel fml:handshake with index 1
[144月2025 01:11:05.854] [Netty Local Client IO #0/DEBUG] [net.minecraftforge.network.HandshakeHandler/FMLHANDSHAKE]: Logging into server with mod list [minecraft, dc_m, forge]
[144月2025 01:11:05.860] [Netty Local Client IO #0/DEBUG] [net.minecraftforge.network.NetworkRegistry/NETREGISTRY]: Channel 'fml:loginwrapper' : Version test of 'FML3' from server : ACCEPTED
[144月2025 01:11:05.860] [Netty Local Client IO #0/DEBUG] [net.minecraftforge.network.NetworkRegistry/NETREGISTRY]: Channel 'forge:tier_sorting' : Version test of '1.0' from server : ACCEPTED
[144月2025 01:11:05.860] [Netty Local Client IO #0/DEBUG] [net.minecraftforge.network.NetworkRegistry/NETREGISTRY]: Channel 'fml:handshake' : Version test of 'FML3' from server : ACCEPTED
[144月2025 01:11:05.860] [Netty Local Client IO #0/DEBUG] [net.minecraftforge.network.NetworkRegistry/NETREGISTRY]: Channel 'minecraft:unregister' : Version test of 'FML3' from server : ACCEPTED
[144月2025 01:11:05.860] [Netty Local Client IO #0/DEBUG] [net.minecraftforge.network.NetworkRegistry/NETREGISTRY]: Channel 'fml:play' : Version test of 'FML3' from server : ACCEPTED
[144月2025 01:11:05.860] [Netty Local Client IO #0/DEBUG] [net.minecraftforge.network.NetworkRegistry/NETREGISTRY]: Channel 'minecraft:register' : Version test of 'FML3' from server : ACCEPTED
[144月2025 01:11:05.860] [Netty Local Client IO #0/DEBUG] [net.minecraftforge.network.NetworkRegistry/NETREGISTRY]: Channel 'forge:split' : Version test of '1.1' from server : ACCEPTED
[144月2025 01:11:05.860] [Netty Local Client IO #0/DEBUG] [net.minecraftforge.network.NetworkRegistry/NETREGISTRY]: Accepting channel list from server
[144月2025 01:11:05.863] [Netty Local Client IO #0/DEBUG] [net.minecraftforge.network.LoginWrapper/FMLHANDSHAKE]: Dispatching wrapped packet reply for channel fml:handshake with index 1
[144月2025 01:11:05.864] [Netty Local Client IO #0/DEBUG] [net.minecraftforge.network.HandshakeHandler/FMLHANDSHAKE]: Accepted server connection
[144月2025 01:11:05.865] [Netty Server IO #1/DEBUG] [net.minecraftforge.network.LoginWrapper/FMLHANDSHAKE]: Recieved login wrapper packet event for channel fml:handshake with index 1
[144月2025 01:11:05.865] [Netty Server IO #1/DEBUG] [net.minecraftforge.network.HandshakeHandler/FMLHANDSHAKE]: Received client indexed reply 1 of type net.minecraftforge.network.HandshakeMessages$C2SModListReply
[144月2025 01:11:05.865] [Netty Local Client IO #0/DEBUG] [net.minecraftforge.network.HandshakeHandler/REGISTRIES]: Expecting 19 registries: [minecraft:command_argument_type, minecraft:recipe_serializer, minecraft:sound_event, minecraft:particle_type, minecraft:villager_profession, minecraft:item, minecraft:potion, minecraft:painting_variant, forge:fluid_type, minecraft:block_entity_type, forge:display_contexts, minecraft:block, forge:entity_data_serializers, minecraft:mob_effect, minecraft:stat_type, minecraft:menu, minecraft:enchantment, minecraft:fluid, minecraft:entity_type]
[144月2025 01:11:05.866] [Netty Server IO #1/DEBUG] [net.minecraftforge.network.HandshakeHandler/FMLHANDSHAKE]: Received client connection with modlist [minecraft, dc_m, forge]
[144月2025 01:11:05.866] [Netty Server IO #1/DEBUG] [net.minecraftforge.network.NetworkRegistry/NETREGISTRY]: Channel 'fml:loginwrapper' : Version test of 'FML3' from client : ACCEPTED
[144月2025 01:11:05.867] [Netty Server IO #1/DEBUG] [net.minecraftforge.network.NetworkRegistry/NETREGISTRY]: Channel 'forge:tier_sorting' : Version test of '1.0' from client : ACCEPTED
[144月2025 01:11:05.867] [Netty Server IO #1/DEBUG] [net.minecraftforge.network.NetworkRegistry/NETREGISTRY]: Channel 'fml:handshake' : Version test of 'FML3' from client : ACCEPTED
[144月2025 01:11:05.867] [Netty Server IO #1/DEBUG] [net.minecraftforge.network.NetworkRegistry/NETREGISTRY]: Channel 'minecraft:unregister' : Version test of 'FML3' from client : ACCEPTED
[144月2025 01:11:05.867] [Netty Server IO #1/DEBUG] [net.minecraftforge.network.NetworkRegistry/NETREGISTRY]: Channel 'fml:play' : Version test of 'FML3' from client : ACCEPTED
[144月2025 01:11:05.867] [Netty Server IO #1/DEBUG] [net.minecraftforge.network.NetworkRegistry/NETREGISTRY]: Channel 'minecraft:register' : Version test of 'FML3' from client : ACCEPTED
[144月2025 01:11:05.867] [Netty Server IO #1/DEBUG] [net.minecraftforge.network.NetworkRegistry/NETREGISTRY]: Channel 'forge:split' : Version test of '1.1' from client : ACCEPTED
[144月2025 01:11:05.867] [Netty Server IO #1/DEBUG] [net.minecraftforge.network.NetworkRegistry/NETREGISTRY]: Accepting channel list from client
[144月2025 01:11:05.868] [Netty Server IO #1/DEBUG] [net.minecraftforge.network.HandshakeHandler/FMLHANDSHAKE]: Accepted client connection mod list
[144月2025 01:11:05.906] [Server thread/DEBUG] [net.minecraftforge.network.HandshakeHandler/FMLHANDSHAKE]: Sending ticking packet info 'Config forge-server.toml' to 'fml:handshake' sequence 2
[144月2025 01:11:05.907] [Netty Local Client IO #0/DEBUG] [net.minecraftforge.network.LoginWrapper/FMLHANDSHAKE]: Recieved login wrapper packet event for channel fml:handshake with index 2
[144月2025 01:11:05.907] [Netty Local Client IO #0/DEBUG] [net.minecraftforge.network.HandshakeHandler/FMLHANDSHAKE]: Received config sync from server
[144月2025 01:11:05.908] [Netty Local Client IO #0/DEBUG] [net.minecraftforge.network.LoginWrapper/FMLHANDSHAKE]: Dispatching wrapped packet reply for channel fml:handshake with index 2
[144月2025 01:11:05.909] [Netty Server IO #1/DEBUG] [net.minecraftforge.network.LoginWrapper/FMLHANDSHAKE]: Recieved login wrapper packet event for channel fml:handshake with index 2
[144月2025 01:11:05.910] [Netty Server IO #1/DEBUG] [net.minecraftforge.network.HandshakeHandler/FMLHANDSHAKE]: Received client indexed reply 2 of type net.minecraftforge.network.HandshakeMessages$C2SAcknowledge
[144月2025 01:11:05.910] [Netty Server IO #1/DEBUG] [net.minecraftforge.network.HandshakeHandler/FMLHANDSHAKE]: Received acknowledgement from client
[144月2025 01:11:05.948] [Server thread/DEBUG] [net.minecraftforge.network.HandshakeHandler/FMLHANDSHAKE]: Handshake complete!
[144月2025 01:11:05.997] [Netty Local Client IO #0/INFO] [net.minecraftforge.network.NetworkHooks/]: Connected to a modded server.
[144月2025 01:11:06.156] [Server thread/INFO] [net.minecraft.server.players.PlayerList/]: Dev[local:E:cd2870d2] logged in with entity id 3 at (-29.02297147913318, -60.0, 52.86078660559513)
[144月2025 01:11:06.362] [Server thread/INFO] [net.minecraft.server.MinecraftServer/]: Dev加入了游戏
[144月2025 01:11:07.415] [Render thread/INFO] [net.minecraft.advancements.AdvancementList/]: Loaded 153 advancements
[144月2025 01:11:08.673] [Render thread/DEBUG] [mixin/]: Mixing TimeStopMixin$CreativeModeInventoryScreenMixin from dc_m.mixins.json into net.minecraft.client.gui.screens.inventory.CreativeModeInventoryScreen
[144月2025 01:11:08.676] [Render thread/DEBUG] [mixin/]: dc_m.mixins.json:TimeStopMixin$CreativeModeInventoryScreenMixin: Class version 61 required is higher than the class version supported by the current version of Mixin (JAVA_8 supports class version 52)
[144月2025 01:11:08.879] [Render thread/DEBUG] [io.netty.util.internal.ThreadLocalRandom/]: -Dio.netty.initialSeedUniquifier: 0x53e49b0a6130439d
[144月2025 01:11:18.571] [Render thread/DEBUG] [mixin/]: Mixing sword_block.UseAnimMixin from dc_m.mixins.json into net.minecraft.world.item.UseAnim
[144月2025 01:11:18.571] [Render thread/DEBUG] [mixin/]: dc_m.mixins.json:sword_block.UseAnimMixin: Class version 61 required is higher than the class version supported by the current version of Mixin (JAVA_8 supports class version 52)
[144月2025 01:11:18.572] [Render thread/DEBUG] [mixin/]: Renaming @Invoker method useAnim$invokeInit(Ljava/lang/String;I)Lnet/minecraft/world/item/UseAnim; to useAnim$invokeInit_$md$b2251a$0 in dc_m.mixins.json:sword_block.UseAnimMixin
[144月2025 01:11:18.578] [Render thread/DEBUG] [mixin/]: Renaming synthetic method lambda$static$0(I)[Lnet/minecraft/world/item/UseAnim; to mdb2251a$lambda$static$0$1 in dc_m.mixins.json:sword_block.UseAnimMixin
[144月2025 01:12:09.015] [Render thread/INFO] [net.minecraft.client.gui.components.ChatComponent/]: [System] [CHAT] 『砸瓦鲁多！时间暂停！』
[144月2025 01:12:09.028] [Render thread/WARN] [net.minecraft.client.renderer.GameRenderer/]: Failed to load shader: minecraft:shaders/post/defile.json
java.io.FileNotFoundException: minecraft:shaders/post/defile.json
	at net.minecraft.server.packs.resources.ResourceProvider.lambda$getResourceOrThrow$0(ResourceProvider.java:21) ~[forge-1.20.1-47.4.0_mapped_official_1.20.1.jar:?]
	at java.util.Optional.orElseThrow(Optional.java:403) ~[?:?]
	at net.minecraft.server.packs.resources.ResourceProvider.getResourceOrThrow(ResourceProvider.java:21) ~[forge-1.20.1-47.4.0_mapped_official_1.20.1.jar:?]
	at net.minecraft.client.renderer.PostChain.load(PostChain.java:58) ~[forge-1.20.1-47.4.0_mapped_official_1.20.1.jar:?]
	at net.minecraft.client.renderer.PostChain.<init>(PostChain.java:54) ~[forge-1.20.1-47.4.0_mapped_official_1.20.1.jar:?]
	at net.minecraft.client.renderer.GameRenderer.loadEffect(GameRenderer.java:341) ~[forge-1.20.1-47.4.0_mapped_official_1.20.1.jar:?]
	at net.minecraftforge.event.ForgeEventFactory.handler$zzh000$onRenderTickEnd(ForgeEventFactory.java:1274) ~[forge-1.20.1-47.4.0_mapped_official_1.20.1.jar:?]
	at net.minecraftforge.event.ForgeEventFactory.onRenderTickEnd(ForgeEventFactory.java) ~[forge-1.20.1-47.4.0_mapped_official_1.20.1.jar:?]
	at net.minecraft.client.Minecraft.runTick(Minecraft.java:1148) ~[forge-1.20.1-47.4.0_mapped_official_1.20.1.jar:?]
	at net.minecraft.client.Minecraft.run(Minecraft.java:718) ~[forge-1.20.1-47.4.0_mapped_official_1.20.1.jar:?]
	at net.minecraft.client.main.Main.main(Main.java:218) ~[forge-1.20.1-47.4.0_mapped_official_1.20.1.jar:?]
	at jdk.internal.reflect.NativeMethodAccessorImpl.invoke0(Native Method) ~[?:?]
	at jdk.internal.reflect.NativeMethodAccessorImpl.invoke(NativeMethodAccessorImpl.java:77) ~[?:?]
	at jdk.internal.reflect.DelegatingMethodAccessorImpl.invoke(DelegatingMethodAccessorImpl.java:43) ~[?:?]
	at java.lang.reflect.Method.invoke(Method.java:568) ~[?:?]
	at net.minecraftforge.fml.loading.targets.CommonLaunchHandler.runTarget(CommonLaunchHandler.java:111) ~[fmlloader-1.20.1-47.4.0.jar:?]
	at net.minecraftforge.fml.loading.targets.CommonLaunchHandler.clientService(CommonLaunchHandler.java:99) ~[fmlloader-1.20.1-47.4.0.jar:?]
	at net.minecraftforge.fml.loading.targets.ForgeClientUserdevLaunchHandler.devService(ForgeClientUserdevLaunchHandler.java:19) ~[fmlloader-1.20.1-47.4.0.jar:?]
	at net.minecraftforge.fml.loading.targets.CommonDevLaunchHandler.lambda$makeService$7(CommonDevLaunchHandler.java:135) ~[fmlloader-1.20.1-47.4.0.jar:?]
	at cpw.mods.modlauncher.LaunchServiceHandlerDecorator.launch(LaunchServiceHandlerDecorator.java:30) ~[modlauncher-10.0.9.jar:?]
	at cpw.mods.modlauncher.LaunchServiceHandler.launch(LaunchServiceHandler.java:53) ~[modlauncher-10.0.9.jar:?]
	at cpw.mods.modlauncher.LaunchServiceHandler.launch(LaunchServiceHandler.java:71) ~[modlauncher-10.0.9.jar:?]
	at cpw.mods.modlauncher.Launcher.run(Launcher.java:108) ~[modlauncher-10.0.9.jar:?]
	at cpw.mods.modlauncher.Launcher.main(Launcher.java:78) ~[modlauncher-10.0.9.jar:?]
	at cpw.mods.modlauncher.BootstrapLaunchConsumer.accept(BootstrapLaunchConsumer.java:26) ~[modlauncher-10.0.9.jar:?]
	at cpw.mods.modlauncher.BootstrapLaunchConsumer.accept(BootstrapLaunchConsumer.java:23) ~[modlauncher-10.0.9.jar:?]
	at cpw.mods.bootstraplauncher.BootstrapLauncher.main(BootstrapLauncher.java:141) ~[bootstraplauncher-1.1.2.jar:?]
[144月2025 01:12:09.040] [Render thread/WARN] [net.minecraft.client.renderer.GameRenderer/]: Failed to load shader: minecraft:shaders/post/defile.json
java.io.FileNotFoundException: minecraft:shaders/post/defile.json
	at net.minecraft.server.packs.resources.ResourceProvider.lambda$getResourceOrThrow$0(ResourceProvider.java:21) ~[forge-1.20.1-47.4.0_mapped_official_1.20.1.jar:?]
	at java.util.Optional.orElseThrow(Optional.java:403) ~[?:?]
	at net.minecraft.server.packs.resources.ResourceProvider.getResourceOrThrow(ResourceProvider.java:21) ~[forge-1.20.1-47.4.0_mapped_official_1.20.1.jar:?]
	at net.minecraft.client.renderer.PostChain.load(PostChain.java:58) ~[forge-1.20.1-47.4.0_mapped_official_1.20.1.jar:?]
	at net.minecraft.client.renderer.PostChain.<init>(PostChain.java:54) ~[forge-1.20.1-47.4.0_mapped_official_1.20.1.jar:?]
	at net.minecraft.client.renderer.GameRenderer.loadEffect(GameRenderer.java:341) ~[forge-1.20.1-47.4.0_mapped_official_1.20.1.jar:?]
	at net.minecraftforge.event.ForgeEventFactory.handler$zzh000$onRenderTickEnd(ForgeEventFactory.java:1274) ~[forge-1.20.1-47.4.0_mapped_official_1.20.1.jar:?]
	at net.minecraftforge.event.ForgeEventFactory.onRenderTickEnd(ForgeEventFactory.java) ~[forge-1.20.1-47.4.0_mapped_official_1.20.1.jar:?]
	at net.minecraft.client.Minecraft.runTick(Minecraft.java:1148) ~[forge-1.20.1-47.4.0_mapped_official_1.20.1.jar:?]
	at net.minecraft.client.Minecraft.run(Minecraft.java:718) ~[forge-1.20.1-47.4.0_mapped_official_1.20.1.jar:?]
	at net.minecraft.client.main.Main.main(Main.java:218) ~[forge-1.20.1-47.4.0_mapped_official_1.20.1.jar:?]
	at jdk.internal.reflect.NativeMethodAccessorImpl.invoke0(Native Method) ~[?:?]
	at jdk.internal.reflect.NativeMethodAccessorImpl.invoke(NativeMethodAccessorImpl.java:77) ~[?:?]
	at jdk.internal.reflect.DelegatingMethodAccessorImpl.invoke(DelegatingMethodAccessorImpl.java:43) ~[?:?]
	at java.lang.reflect.Method.invoke(Method.java:568) ~[?:?]
	at net.minecraftforge.fml.loading.targets.CommonLaunchHandler.runTarget(CommonLaunchHandler.java:111) ~[fmlloader-1.20.1-47.4.0.jar:?]
	at net.minecraftforge.fml.loading.targets.CommonLaunchHandler.clientService(CommonLaunchHandler.java:99) ~[fmlloader-1.20.1-47.4.0.jar:?]
	at net.minecraftforge.fml.loading.targets.ForgeClientUserdevLaunchHandler.devService(ForgeClientUserdevLaunchHandler.java:19) ~[fmlloader-1.20.1-47.4.0.jar:?]
	at net.minecraftforge.fml.loading.targets.CommonDevLaunchHandler.lambda$makeService$7(CommonDevLaunchHandler.java:135) ~[fmlloader-1.20.1-47.4.0.jar:?]
	at cpw.mods.modlauncher.LaunchServiceHandlerDecorator.launch(LaunchServiceHandlerDecorator.java:30) ~[modlauncher-10.0.9.jar:?]
	at cpw.mods.modlauncher.LaunchServiceHandler.launch(LaunchServiceHandler.java:53) ~[modlauncher-10.0.9.jar:?]
	at cpw.mods.modlauncher.LaunchServiceHandler.launch(LaunchServiceHandler.java:71) ~[modlauncher-10.0.9.jar:?]
	at cpw.mods.modlauncher.Launcher.run(Launcher.java:108) ~[modlauncher-10.0.9.jar:?]
	at cpw.mods.modlauncher.Launcher.main(Launcher.java:78) ~[modlauncher-10.0.9.jar:?]
	at cpw.mods.modlauncher.BootstrapLaunchConsumer.accept(BootstrapLaunchConsumer.java:26) ~[modlauncher-10.0.9.jar:?]
	at cpw.mods.modlauncher.BootstrapLaunchConsumer.accept(BootstrapLaunchConsumer.java:23) ~[modlauncher-10.0.9.jar:?]
	at cpw.mods.bootstraplauncher.BootstrapLauncher.main(BootstrapLauncher.java:141) ~[bootstraplauncher-1.1.2.jar:?]
[144月2025 01:12:09.051] [Render thread/WARN] [net.minecraft.client.renderer.GameRenderer/]: Failed to load shader: minecraft:shaders/post/defile.json
java.io.FileNotFoundException: minecraft:shaders/post/defile.json
	at net.minecraft.server.packs.resources.ResourceProvider.lambda$getResourceOrThrow$0(ResourceProvider.java:21) ~[forge-1.20.1-47.4.0_mapped_official_1.20.1.jar:?]
	at java.util.Optional.orElseThrow(Optional.java:403) ~[?:?]
	at net.minecraft.server.packs.resources.ResourceProvider.getResourceOrThrow(ResourceProvider.java:21) ~[forge-1.20.1-47.4.0_mapped_official_1.20.1.jar:?]
	at net.minecraft.client.renderer.PostChain.load(PostChain.java:58) ~[forge-1.20.1-47.4.0_mapped_official_1.20.1.jar:?]
	at net.minecraft.client.renderer.PostChain.<init>(PostChain.java:54) ~[forge-1.20.1-47.4.0_mapped_official_1.20.1.jar:?]
	at net.minecraft.client.renderer.GameRenderer.loadEffect(GameRenderer.java:341) ~[forge-1.20.1-47.4.0_mapped_official_1.20.1.jar:?]
	at net.minecraftforge.event.ForgeEventFactory.handler$zzh000$onRenderTickEnd(ForgeEventFactory.java:1274) ~[forge-1.20.1-47.4.0_mapped_official_1.20.1.jar:?]
	at net.minecraftforge.event.ForgeEventFactory.onRenderTickEnd(ForgeEventFactory.java) ~[forge-1.20.1-47.4.0_mapped_official_1.20.1.jar:?]
	at net.minecraft.client.Minecraft.runTick(Minecraft.java:1148) ~[forge-1.20.1-47.4.0_mapped_official_1.20.1.jar:?]
	at net.minecraft.client.Minecraft.run(Minecraft.java:718) ~[forge-1.20.1-47.4.0_mapped_official_1.20.1.jar:?]
	at net.minecraft.client.main.Main.main(Main.java:218) ~[forge-1.20.1-47.4.0_mapped_official_1.20.1.jar:?]
	at jdk.internal.reflect.NativeMethodAccessorImpl.invoke0(Native Method) ~[?:?]
	at jdk.internal.reflect.NativeMethodAccessorImpl.invoke(NativeMethodAccessorImpl.java:77) ~[?:?]
	at jdk.internal.reflect.DelegatingMethodAccessorImpl.invoke(DelegatingMethodAccessorImpl.java:43) ~[?:?]
	at java.lang.reflect.Method.invoke(Method.java:568) ~[?:?]
	at net.minecraftforge.fml.loading.targets.CommonLaunchHandler.runTarget(CommonLaunchHandler.java:111) ~[fmlloader-1.20.1-47.4.0.jar:?]
	at net.minecraftforge.fml.loading.targets.CommonLaunchHandler.clientService(CommonLaunchHandler.java:99) ~[fmlloader-1.20.1-47.4.0.jar:?]
	at net.minecraftforge.fml.loading.targets.ForgeClientUserdevLaunchHandler.devService(ForgeClientUserdevLaunchHandler.java:19) ~[fmlloader-1.20.1-47.4.0.jar:?]
	at net.minecraftforge.fml.loading.targets.CommonDevLaunchHandler.lambda$makeService$7(CommonDevLaunchHandler.java:135) ~[fmlloader-1.20.1-47.4.0.jar:?]
	at cpw.mods.modlauncher.LaunchServiceHandlerDecorator.launch(LaunchServiceHandlerDecorator.java:30) ~[modlauncher-10.0.9.jar:?]
	at cpw.mods.modlauncher.LaunchServiceHandler.launch(LaunchServiceHandler.java:53) ~[modlauncher-10.0.9.jar:?]
	at cpw.mods.modlauncher.LaunchServiceHandler.launch(LaunchServiceHandler.java:71) ~[modlauncher-10.0.9.jar:?]
	at cpw.mods.modlauncher.Launcher.run(Launcher.java:108) ~[modlauncher-10.0.9.jar:?]
	at cpw.mods.modlauncher.Launcher.main(Launcher.java:78) ~[modlauncher-10.0.9.jar:?]
	at cpw.mods.modlauncher.BootstrapLaunchConsumer.accept(BootstrapLaunchConsumer.java:26) ~[modlauncher-10.0.9.jar:?]
	at cpw.mods.modlauncher.BootstrapLaunchConsumer.accept(BootstrapLaunchConsumer.java:23) ~[modlauncher-10.0.9.jar:?]
	at cpw.mods.bootstraplauncher.BootstrapLauncher.main(BootstrapLauncher.java:141) ~[bootstraplauncher-1.1.2.jar:?]
[144月2025 01:12:09.065] [Render thread/WARN] [net.minecraft.client.renderer.GameRenderer/]: Failed to load shader: minecraft:shaders/post/defile.json
java.io.FileNotFoundException: minecraft:shaders/post/defile.json
	at net.minecraft.server.packs.resources.ResourceProvider.lambda$getResourceOrThrow$0(ResourceProvider.java:21) ~[forge-1.20.1-47.4.0_mapped_official_1.20.1.jar:?]
	at java.util.Optional.orElseThrow(Optional.java:403) ~[?:?]
	at net.minecraft.server.packs.resources.ResourceProvider.getResourceOrThrow(ResourceProvider.java:21) ~[forge-1.20.1-47.4.0_mapped_official_1.20.1.jar:?]
	at net.minecraft.client.renderer.PostChain.load(PostChain.java:58) ~[forge-1.20.1-47.4.0_mapped_official_1.20.1.jar:?]
	at net.minecraft.client.renderer.PostChain.<init>(PostChain.java:54) ~[forge-1.20.1-47.4.0_mapped_official_1.20.1.jar:?]
	at net.minecraft.client.renderer.GameRenderer.loadEffect(GameRenderer.java:341) ~[forge-1.20.1-47.4.0_mapped_official_1.20.1.jar:?]
	at net.minecraftforge.event.ForgeEventFactory.handler$zzh000$onRenderTickEnd(ForgeEventFactory.java:1274) ~[forge-1.20.1-47.4.0_mapped_official_1.20.1.jar:?]
	at net.minecraftforge.event.ForgeEventFactory.onRenderTickEnd(ForgeEventFactory.java) ~[forge-1.20.1-47.4.0_mapped_official_1.20.1.jar:?]
	at net.minecraft.client.Minecraft.runTick(Minecraft.java:1148) ~[forge-1.20.1-47.4.0_mapped_official_1.20.1.jar:?]
	at net.minecraft.client.Minecraft.run(Minecraft.java:718) ~[forge-1.20.1-47.4.0_mapped_official_1.20.1.jar:?]
	at net.minecraft.client.main.Main.main(Main.java:218) ~[forge-1.20.1-47.4.0_mapped_official_1.20.1.jar:?]
	at jdk.internal.reflect.NativeMethodAccessorImpl.invoke0(Native Method) ~[?:?]
	at jdk.internal.reflect.NativeMethodAccessorImpl.invoke(NativeMethodAccessorImpl.java:77) ~[?:?]
	at jdk.internal.reflect.DelegatingMethodAccessorImpl.invoke(DelegatingMethodAccessorImpl.java:43) ~[?:?]
	at java.lang.reflect.Method.invoke(Method.java:568) ~[?:?]
	at net.minecraftforge.fml.loading.targets.CommonLaunchHandler.runTarget(CommonLaunchHandler.java:111) ~[fmlloader-1.20.1-47.4.0.jar:?]
	at net.minecraftforge.fml.loading.targets.CommonLaunchHandler.clientService(CommonLaunchHandler.java:99) ~[fmlloader-1.20.1-47.4.0.jar:?]
	at net.minecraftforge.fml.loading.targets.ForgeClientUserdevLaunchHandler.devService(ForgeClientUserdevLaunchHandler.java:19) ~[fmlloader-1.20.1-47.4.0.jar:?]
	at net.minecraftforge.fml.loading.targets.CommonDevLaunchHandler.lambda$makeService$7(CommonDevLaunchHandler.java:135) ~[fmlloader-1.20.1-47.4.0.jar:?]
	at cpw.mods.modlauncher.LaunchServiceHandlerDecorator.launch(LaunchServiceHandlerDecorator.java:30) ~[modlauncher-10.0.9.jar:?]
	at cpw.mods.modlauncher.LaunchServiceHandler.launch(LaunchServiceHandler.java:53) ~[modlauncher-10.0.9.jar:?]
	at cpw.mods.modlauncher.LaunchServiceHandler.launch(LaunchServiceHandler.java:71) ~[modlauncher-10.0.9.jar:?]
	at cpw.mods.modlauncher.Launcher.run(Launcher.java:108) ~[modlauncher-10.0.9.jar:?]
	at cpw.mods.modlauncher.Launcher.main(Launcher.java:78) ~[modlauncher-10.0.9.jar:?]
	at cpw.mods.modlauncher.BootstrapLaunchConsumer.accept(BootstrapLaunchConsumer.java:26) ~[modlauncher-10.0.9.jar:?]
	at cpw.mods.modlauncher.BootstrapLaunchConsumer.accept(BootstrapLaunchConsumer.java:23) ~[modlauncher-10.0.9.jar:?]
	at cpw.mods.bootstraplauncher.BootstrapLauncher.main(BootstrapLauncher.java:141) ~[bootstraplauncher-1.1.2.jar:?]
[144月2025 01:12:09.080] [Render thread/WARN] [net.minecraft.client.renderer.GameRenderer/]: Failed to load shader: minecraft:shaders/post/defile.json
java.io.FileNotFoundException: minecraft:shaders/post/defile.json
	at net.minecraft.server.packs.resources.ResourceProvider.lambda$getResourceOrThrow$0(ResourceProvider.java:21) ~[forge-1.20.1-47.4.0_mapped_official_1.20.1.jar:?]
	at java.util.Optional.orElseThrow(Optional.java:403) ~[?:?]
	at net.minecraft.server.packs.resources.ResourceProvider.getResourceOrThrow(ResourceProvider.java:21) ~[forge-1.20.1-47.4.0_mapped_official_1.20.1.jar:?]
	at net.minecraft.client.renderer.PostChain.load(PostChain.java:58) ~[forge-1.20.1-47.4.0_mapped_official_1.20.1.jar:?]
	at net.minecraft.client.renderer.PostChain.<init>(PostChain.java:54) ~[forge-1.20.1-47.4.0_mapped_official_1.20.1.jar:?]
	at net.minecraft.client.renderer.GameRenderer.loadEffect(GameRenderer.java:341) ~[forge-1.20.1-47.4.0_mapped_official_1.20.1.jar:?]
	at net.minecraftforge.event.ForgeEventFactory.handler$zzh000$onRenderTickEnd(ForgeEventFactory.java:1274) ~[forge-1.20.1-47.4.0_mapped_official_1.20.1.jar:?]
	at net.minecraftforge.event.ForgeEventFactory.onRenderTickEnd(ForgeEventFactory.java) ~[forge-1.20.1-47.4.0_mapped_official_1.20.1.jar:?]
	at net.minecraft.client.Minecraft.runTick(Minecraft.java:1148) ~[forge-1.20.1-47.4.0_mapped_official_1.20.1.jar:?]
	at net.minecraft.client.Minecraft.run(Minecraft.java:718) ~[forge-1.20.1-47.4.0_mapped_official_1.20.1.jar:?]
	at net.minecraft.client.main.Main.main(Main.java:218) ~[forge-1.20.1-47.4.0_mapped_official_1.20.1.jar:?]
	at jdk.internal.reflect.NativeMethodAccessorImpl.invoke0(Native Method) ~[?:?]
	at jdk.internal.reflect.NativeMethodAccessorImpl.invoke(NativeMethodAccessorImpl.java:77) ~[?:?]
	at jdk.internal.reflect.DelegatingMethodAccessorImpl.invoke(DelegatingMethodAccessorImpl.java:43) ~[?:?]
	at java.lang.reflect.Method.invoke(Method.java:568) ~[?:?]
	at net.minecraftforge.fml.loading.targets.CommonLaunchHandler.runTarget(CommonLaunchHandler.java:111) ~[fmlloader-1.20.1-47.4.0.jar:?]
	at net.minecraftforge.fml.loading.targets.CommonLaunchHandler.clientService(CommonLaunchHandler.java:99) ~[fmlloader-1.20.1-47.4.0.jar:?]
	at net.minecraftforge.fml.loading.targets.ForgeClientUserdevLaunchHandler.devService(ForgeClientUserdevLaunchHandler.java:19) ~[fmlloader-1.20.1-47.4.0.jar:?]
	at net.minecraftforge.fml.loading.targets.CommonDevLaunchHandler.lambda$makeService$7(CommonDevLaunchHandler.java:135) ~[fmlloader-1.20.1-47.4.0.jar:?]
	at cpw.mods.modlauncher.LaunchServiceHandlerDecorator.launch(LaunchServiceHandlerDecorator.java:30) ~[modlauncher-10.0.9.jar:?]
	at cpw.mods.modlauncher.LaunchServiceHandler.launch(LaunchServiceHandler.java:53) ~[modlauncher-10.0.9.jar:?]
	at cpw.mods.modlauncher.LaunchServiceHandler.launch(LaunchServiceHandler.java:71) ~[modlauncher-10.0.9.jar:?]
	at cpw.mods.modlauncher.Launcher.run(Launcher.java:108) ~[modlauncher-10.0.9.jar:?]
	at cpw.mods.modlauncher.Launcher.main(Launcher.java:78) ~[modlauncher-10.0.9.jar:?]
	at cpw.mods.modlauncher.BootstrapLaunchConsumer.accept(BootstrapLaunchConsumer.java:26) ~[modlauncher-10.0.9.jar:?]
	at cpw.mods.modlauncher.BootstrapLaunchConsumer.accept(BootstrapLaunchConsumer.java:23) ~[modlauncher-10.0.9.jar:?]
	at cpw.mods.bootstraplauncher.BootstrapLauncher.main(BootstrapLauncher.java:141) ~[bootstraplauncher-1.1.2.jar:?]
[144月2025 01:12:09.097] [Render thread/WARN] [net.minecraft.client.renderer.GameRenderer/]: Failed to load shader: minecraft:shaders/post/defile.json
java.io.FileNotFoundException: minecraft:shaders/post/defile.json
	at net.minecraft.server.packs.resources.ResourceProvider.lambda$getResourceOrThrow$0(ResourceProvider.java:21) ~[forge-1.20.1-47.4.0_mapped_official_1.20.1.jar:?]
	at java.util.Optional.orElseThrow(Optional.java:403) ~[?:?]
	at net.minecraft.server.packs.resources.ResourceProvider.getResourceOrThrow(ResourceProvider.java:21) ~[forge-1.20.1-47.4.0_mapped_official_1.20.1.jar:?]
	at net.minecraft.client.renderer.PostChain.load(PostChain.java:58) ~[forge-1.20.1-47.4.0_mapped_official_1.20.1.jar:?]
	at net.minecraft.client.renderer.PostChain.<init>(PostChain.java:54) ~[forge-1.20.1-47.4.0_mapped_official_1.20.1.jar:?]
	at net.minecraft.client.renderer.GameRenderer.loadEffect(GameRenderer.java:341) ~[forge-1.20.1-47.4.0_mapped_official_1.20.1.jar:?]
	at net.minecraftforge.event.ForgeEventFactory.handler$zzh000$onRenderTickEnd(ForgeEventFactory.java:1274) ~[forge-1.20.1-47.4.0_mapped_official_1.20.1.jar:?]
	at net.minecraftforge.event.ForgeEventFactory.onRenderTickEnd(ForgeEventFactory.java) ~[forge-1.20.1-47.4.0_mapped_official_1.20.1.jar:?]
	at net.minecraft.client.Minecraft.runTick(Minecraft.java:1148) ~[forge-1.20.1-47.4.0_mapped_official_1.20.1.jar:?]
	at net.minecraft.client.Minecraft.run(Minecraft.java:718) ~[forge-1.20.1-47.4.0_mapped_official_1.20.1.jar:?]
	at net.minecraft.client.main.Main.main(Main.java:218) ~[forge-1.20.1-47.4.0_mapped_official_1.20.1.jar:?]
	at jdk.internal.reflect.NativeMethodAccessorImpl.invoke0(Native Method) ~[?:?]
	at jdk.internal.reflect.NativeMethodAccessorImpl.invoke(NativeMethodAccessorImpl.java:77) ~[?:?]
	at jdk.internal.reflect.DelegatingMethodAccessorImpl.invoke(DelegatingMethodAccessorImpl.java:43) ~[?:?]
	at java.lang.reflect.Method.invoke(Method.java:568) ~[?:?]
	at net.minecraftforge.fml.loading.targets.CommonLaunchHandler.runTarget(CommonLaunchHandler.java:111) ~[fmlloader-1.20.1-47.4.0.jar:?]
	at net.minecraftforge.fml.loading.targets.CommonLaunchHandler.clientService(CommonLaunchHandler.java:99) ~[fmlloader-1.20.1-47.4.0.jar:?]
	at net.minecraftforge.fml.loading.targets.ForgeClientUserdevLaunchHandler.devService(ForgeClientUserdevLaunchHandler.java:19) ~[fmlloader-1.20.1-47.4.0.jar:?]
	at net.minecraftforge.fml.loading.targets.CommonDevLaunchHandler.lambda$makeService$7(CommonDevLaunchHandler.java:135) ~[fmlloader-1.20.1-47.4.0.jar:?]
	at cpw.mods.modlauncher.LaunchServiceHandlerDecorator.launch(LaunchServiceHandlerDecorator.java:30) ~[modlauncher-10.0.9.jar:?]
	at cpw.mods.modlauncher.LaunchServiceHandler.launch(LaunchServiceHandler.java:53) ~[modlauncher-10.0.9.jar:?]
	at cpw.mods.modlauncher.LaunchServiceHandler.launch(LaunchServiceHandler.java:71) ~[modlauncher-10.0.9.jar:?]
	at cpw.mods.modlauncher.Launcher.run(Launcher.java:108) ~[modlauncher-10.0.9.jar:?]
	at cpw.mods.modlauncher.Launcher.main(Launcher.java:78) ~[modlauncher-10.0.9.jar:?]
	at cpw.mods.modlauncher.BootstrapLaunchConsumer.accept(BootstrapLaunchConsumer.java:26) ~[modlauncher-10.0.9.jar:?]
	at cpw.mods.modlauncher.BootstrapLaunchConsumer.accept(BootstrapLaunchConsumer.java:23) ~[modlauncher-10.0.9.jar:?]
	at cpw.mods.bootstraplauncher.BootstrapLauncher.main(BootstrapLauncher.java:141) ~[bootstraplauncher-1.1.2.jar:?]
[144月2025 01:12:09.115] [Render thread/WARN] [net.minecraft.client.renderer.GameRenderer/]: Failed to load shader: minecraft:shaders/post/defile.json
java.io.FileNotFoundException: minecraft:shaders/post/defile.json
	at net.minecraft.server.packs.resources.ResourceProvider.lambda$getResourceOrThrow$0(ResourceProvider.java:21) ~[forge-1.20.1-47.4.0_mapped_official_1.20.1.jar:?]
	at java.util.Optional.orElseThrow(Optional.java:403) ~[?:?]
	at net.minecraft.server.packs.resources.ResourceProvider.getResourceOrThrow(ResourceProvider.java:21) ~[forge-1.20.1-47.4.0_mapped_official_1.20.1.jar:?]
	at net.minecraft.client.renderer.PostChain.load(PostChain.java:58) ~[forge-1.20.1-47.4.0_mapped_official_1.20.1.jar:?]
	at net.minecraft.client.renderer.PostChain.<init>(PostChain.java:54) ~[forge-1.20.1-47.4.0_mapped_official_1.20.1.jar:?]
	at net.minecraft.client.renderer.GameRenderer.loadEffect(GameRenderer.java:341) ~[forge-1.20.1-47.4.0_mapped_official_1.20.1.jar:?]
	at net.minecraftforge.event.ForgeEventFactory.handler$zzh000$onRenderTickEnd(ForgeEventFactory.java:1274) ~[forge-1.20.1-47.4.0_mapped_official_1.20.1.jar:?]
	at net.minecraftforge.event.ForgeEventFactory.onRenderTickEnd(ForgeEventFactory.java) ~[forge-1.20.1-47.4.0_mapped_official_1.20.1.jar:?]
	at net.minecraft.client.Minecraft.runTick(Minecraft.java:1148) ~[forge-1.20.1-47.4.0_mapped_official_1.20.1.jar:?]
	at net.minecraft.client.Minecraft.run(Minecraft.java:718) ~[forge-1.20.1-47.4.0_mapped_official_1.20.1.jar:?]
	at net.minecraft.client.main.Main.main(Main.java:218) ~[forge-1.20.1-47.4.0_mapped_official_1.20.1.jar:?]
	at jdk.internal.reflect.NativeMethodAccessorImpl.invoke0(Native Method) ~[?:?]
	at jdk.internal.reflect.NativeMethodAccessorImpl.invoke(NativeMethodAccessorImpl.java:77) ~[?:?]
	at jdk.internal.reflect.DelegatingMethodAccessorImpl.invoke(DelegatingMethodAccessorImpl.java:43) ~[?:?]
	at java.lang.reflect.Method.invoke(Method.java:568) ~[?:?]
	at net.minecraftforge.fml.loading.targets.CommonLaunchHandler.runTarget(CommonLaunchHandler.java:111) ~[fmlloader-1.20.1-47.4.0.jar:?]
	at net.minecraftforge.fml.loading.targets.CommonLaunchHandler.clientService(CommonLaunchHandler.java:99) ~[fmlloader-1.20.1-47.4.0.jar:?]
	at net.minecraftforge.fml.loading.targets.ForgeClientUserdevLaunchHandler.devService(ForgeClientUserdevLaunchHandler.java:19) ~[fmlloader-1.20.1-47.4.0.jar:?]
	at net.minecraftforge.fml.loading.targets.CommonDevLaunchHandler.lambda$makeService$7(CommonDevLaunchHandler.java:135) ~[fmlloader-1.20.1-47.4.0.jar:?]
	at cpw.mods.modlauncher.LaunchServiceHandlerDecorator.launch(LaunchServiceHandlerDecorator.java:30) ~[modlauncher-10.0.9.jar:?]
	at cpw.mods.modlauncher.LaunchServiceHandler.launch(LaunchServiceHandler.java:53) ~[modlauncher-10.0.9.jar:?]
	at cpw.mods.modlauncher.LaunchServiceHandler.launch(LaunchServiceHandler.java:71) ~[modlauncher-10.0.9.jar:?]
	at cpw.mods.modlauncher.Launcher.run(Launcher.java:108) ~[modlauncher-10.0.9.jar:?]
	at cpw.mods.modlauncher.Launcher.main(Launcher.java:78) ~[modlauncher-10.0.9.jar:?]
	at cpw.mods.modlauncher.BootstrapLaunchConsumer.accept(BootstrapLaunchConsumer.java:26) ~[modlauncher-10.0.9.jar:?]
	at cpw.mods.modlauncher.BootstrapLaunchConsumer.accept(BootstrapLaunchConsumer.java:23) ~[modlauncher-10.0.9.jar:?]
	at cpw.mods.bootstraplauncher.BootstrapLauncher.main(BootstrapLauncher.java:141) ~[bootstraplauncher-1.1.2.jar:?]
[144月2025 01:12:09.132] [Render thread/WARN] [net.minecraft.client.renderer.GameRenderer/]: Failed to load shader: minecraft:shaders/post/defile.json
java.io.FileNotFoundException: minecraft:shaders/post/defile.json
	at net.minecraft.server.packs.resources.ResourceProvider.lambda$getResourceOrThrow$0(ResourceProvider.java:21) ~[forge-1.20.1-47.4.0_mapped_official_1.20.1.jar:?]
	at java.util.Optional.orElseThrow(Optional.java:403) ~[?:?]
	at net.minecraft.server.packs.resources.ResourceProvider.getResourceOrThrow(ResourceProvider.java:21) ~[forge-1.20.1-47.4.0_mapped_official_1.20.1.jar:?]
	at net.minecraft.client.renderer.PostChain.load(PostChain.java:58) ~[forge-1.20.1-47.4.0_mapped_official_1.20.1.jar:?]
	at net.minecraft.client.renderer.PostChain.<init>(PostChain.java:54) ~[forge-1.20.1-47.4.0_mapped_official_1.20.1.jar:?]
	at net.minecraft.client.renderer.GameRenderer.loadEffect(GameRenderer.java:341) ~[forge-1.20.1-47.4.0_mapped_official_1.20.1.jar:?]
	at net.minecraftforge.event.ForgeEventFactory.handler$zzh000$onRenderTickEnd(ForgeEventFactory.java:1274) ~[forge-1.20.1-47.4.0_mapped_official_1.20.1.jar:?]
	at net.minecraftforge.event.ForgeEventFactory.onRenderTickEnd(ForgeEventFactory.java) ~[forge-1.20.1-47.4.0_mapped_official_1.20.1.jar:?]
	at net.minecraft.client.Minecraft.runTick(Minecraft.java:1148) ~[forge-1.20.1-47.4.0_mapped_official_1.20.1.jar:?]
	at net.minecraft.client.Minecraft.run(Minecraft.java:718) ~[forge-1.20.1-47.4.0_mapped_official_1.20.1.jar:?]
	at net.minecraft.client.main.Main.main(Main.java:218) ~[forge-1.20.1-47.4.0_mapped_official_1.20.1.jar:?]
	at jdk.internal.reflect.NativeMethodAccessorImpl.invoke0(Native Method) ~[?:?]
	at jdk.internal.reflect.NativeMethodAccessorImpl.invoke(NativeMethodAccessorImpl.java:77) ~[?:?]
	at jdk.internal.reflect.DelegatingMethodAccessorImpl.invoke(DelegatingMethodAccessorImpl.java:43) ~[?:?]
	at java.lang.reflect.Method.invoke(Method.java:568) ~[?:?]
	at net.minecraftforge.fml.loading.targets.CommonLaunchHandler.runTarget(CommonLaunchHandler.java:111) ~[fmlloader-1.20.1-47.4.0.jar:?]
	at net.minecraftforge.fml.loading.targets.CommonLaunchHandler.clientService(CommonLaunchHandler.java:99) ~[fmlloader-1.20.1-47.4.0.jar:?]
	at net.minecraftforge.fml.loading.targets.ForgeClientUserdevLaunchHandler.devService(ForgeClientUserdevLaunchHandler.java:19) ~[fmlloader-1.20.1-47.4.0.jar:?]
	at net.minecraftforge.fml.loading.targets.CommonDevLaunchHandler.lambda$makeService$7(CommonDevLaunchHandler.java:135) ~[fmlloader-1.20.1-47.4.0.jar:?]
	at cpw.mods.modlauncher.LaunchServiceHandlerDecorator.launch(LaunchServiceHandlerDecorator.java:30) ~[modlauncher-10.0.9.jar:?]
	at cpw.mods.modlauncher.LaunchServiceHandler.launch(LaunchServiceHandler.java:53) ~[modlauncher-10.0.9.jar:?]
	at cpw.mods.modlauncher.LaunchServiceHandler.launch(LaunchServiceHandler.java:71) ~[modlauncher-10.0.9.jar:?]
	at cpw.mods.modlauncher.Launcher.run(Launcher.java:108) ~[modlauncher-10.0.9.jar:?]
	at cpw.mods.modlauncher.Launcher.main(Launcher.java:78) ~[modlauncher-10.0.9.jar:?]
	at cpw.mods.modlauncher.BootstrapLaunchConsumer.accept(BootstrapLaunchConsumer.java:26) ~[modlauncher-10.0.9.jar:?]
	at cpw.mods.modlauncher.BootstrapLaunchConsumer.accept(BootstrapLaunchConsumer.java:23) ~[modlauncher-10.0.9.jar:?]
	at cpw.mods.bootstraplauncher.BootstrapLauncher.main(BootstrapLauncher.java:141) ~[bootstraplauncher-1.1.2.jar:?]
[144月2025 01:12:09.147] [Render thread/WARN] [net.minecraft.client.renderer.GameRenderer/]: Failed to load shader: minecraft:shaders/post/defile.json
java.io.FileNotFoundException: minecraft:shaders/post/defile.json
	at net.minecraft.server.packs.resources.ResourceProvider.lambda$getResourceOrThrow$0(ResourceProvider.java:21) ~[forge-1.20.1-47.4.0_mapped_official_1.20.1.jar:?]
	at java.util.Optional.orElseThrow(Optional.java:403) ~[?:?]
	at net.minecraft.server.packs.resources.ResourceProvider.getResourceOrThrow(ResourceProvider.java:21) ~[forge-1.20.1-47.4.0_mapped_official_1.20.1.jar:?]
	at net.minecraft.client.renderer.PostChain.load(PostChain.java:58) ~[forge-1.20.1-47.4.0_mapped_official_1.20.1.jar:?]
	at net.minecraft.client.renderer.PostChain.<init>(PostChain.java:54) ~[forge-1.20.1-47.4.0_mapped_official_1.20.1.jar:?]
	at net.minecraft.client.renderer.GameRenderer.loadEffect(GameRenderer.java:341) ~[forge-1.20.1-47.4.0_mapped_official_1.20.1.jar:?]
	at net.minecraftforge.event.ForgeEventFactory.handler$zzh000$onRenderTickEnd(ForgeEventFactory.java:1274) ~[forge-1.20.1-47.4.0_mapped_official_1.20.1.jar:?]
	at net.minecraftforge.event.ForgeEventFactory.onRenderTickEnd(ForgeEventFactory.java) ~[forge-1.20.1-47.4.0_mapped_official_1.20.1.jar:?]
	at net.minecraft.client.Minecraft.runTick(Minecraft.java:1148) ~[forge-1.20.1-47.4.0_mapped_official_1.20.1.jar:?]
	at net.minecraft.client.Minecraft.run(Minecraft.java:718) ~[forge-1.20.1-47.4.0_mapped_official_1.20.1.jar:?]
	at net.minecraft.client.main.Main.main(Main.java:218) ~[forge-1.20.1-47.4.0_mapped_official_1.20.1.jar:?]
	at jdk.internal.reflect.NativeMethodAccessorImpl.invoke0(Native Method) ~[?:?]
	at jdk.internal.reflect.NativeMethodAccessorImpl.invoke(NativeMethodAccessorImpl.java:77) ~[?:?]
	at jdk.internal.reflect.DelegatingMethodAccessorImpl.invoke(DelegatingMethodAccessorImpl.java:43) ~[?:?]
	at java.lang.reflect.Method.invoke(Method.java:568) ~[?:?]
	at net.minecraftforge.fml.loading.targets.CommonLaunchHandler.runTarget(CommonLaunchHandler.java:111) ~[fmlloader-1.20.1-47.4.0.jar:?]
	at net.minecraftforge.fml.loading.targets.CommonLaunchHandler.clientService(CommonLaunchHandler.java:99) ~[fmlloader-1.20.1-47.4.0.jar:?]
	at net.minecraftforge.fml.loading.targets.ForgeClientUserdevLaunchHandler.devService(ForgeClientUserdevLaunchHandler.java:19) ~[fmlloader-1.20.1-47.4.0.jar:?]
	at net.minecraftforge.fml.loading.targets.CommonDevLaunchHandler.lambda$makeService$7(CommonDevLaunchHandler.java:135) ~[fmlloader-1.20.1-47.4.0.jar:?]
	at cpw.mods.modlauncher.LaunchServiceHandlerDecorator.launch(LaunchServiceHandlerDecorator.java:30) ~[modlauncher-10.0.9.jar:?]
	at cpw.mods.modlauncher.LaunchServiceHandler.launch(LaunchServiceHandler.java:53) ~[modlauncher-10.0.9.jar:?]
	at cpw.mods.modlauncher.LaunchServiceHandler.launch(LaunchServiceHandler.java:71) ~[modlauncher-10.0.9.jar:?]
	at cpw.mods.modlauncher.Launcher.run(Launcher.java:108) ~[modlauncher-10.0.9.jar:?]
	at cpw.mods.modlauncher.Launcher.main(Launcher.java:78) ~[modlauncher-10.0.9.jar:?]
	at cpw.mods.modlauncher.BootstrapLaunchConsumer.accept(BootstrapLaunchConsumer.java:26) ~[modlauncher-10.0.9.jar:?]
	at cpw.mods.modlauncher.BootstrapLaunchConsumer.accept(BootstrapLaunchConsumer.java:23) ~[modlauncher-10.0.9.jar:?]
	at cpw.mods.bootstraplauncher.BootstrapLauncher.main(BootstrapLauncher.java:141) ~[bootstraplauncher-1.1.2.jar:?]
[144月2025 01:12:09.165] [Render thread/WARN] [net.minecraft.client.renderer.GameRenderer/]: Failed to load shader: minecraft:shaders/post/defile.json
java.io.FileNotFoundException: minecraft:shaders/post/defile.json
	at net.minecraft.server.packs.resources.ResourceProvider.lambda$getResourceOrThrow$0(ResourceProvider.java:21) ~[forge-1.20.1-47.4.0_mapped_official_1.20.1.jar:?]
	at java.util.Optional.orElseThrow(Optional.java:403) ~[?:?]
	at net.minecraft.server.packs.resources.ResourceProvider.getResourceOrThrow(ResourceProvider.java:21) ~[forge-1.20.1-47.4.0_mapped_official_1.20.1.jar:?]
	at net.minecraft.client.renderer.PostChain.load(PostChain.java:58) ~[forge-1.20.1-47.4.0_mapped_official_1.20.1.jar:?]
	at net.minecraft.client.renderer.PostChain.<init>(PostChain.java:54) ~[forge-1.20.1-47.4.0_mapped_official_1.20.1.jar:?]
	at net.minecraft.client.renderer.GameRenderer.loadEffect(GameRenderer.java:341) ~[forge-1.20.1-47.4.0_mapped_official_1.20.1.jar:?]
	at net.minecraftforge.event.ForgeEventFactory.handler$zzh000$onRenderTickEnd(ForgeEventFactory.java:1274) ~[forge-1.20.1-47.4.0_mapped_official_1.20.1.jar:?]
	at net.minecraftforge.event.ForgeEventFactory.onRenderTickEnd(ForgeEventFactory.java) ~[forge-1.20.1-47.4.0_mapped_official_1.20.1.jar:?]
	at net.minecraft.client.Minecraft.runTick(Minecraft.java:1148) ~[forge-1.20.1-47.4.0_mapped_official_1.20.1.jar:?]
	at net.minecraft.client.Minecraft.run(Minecraft.java:718) ~[forge-1.20.1-47.4.0_mapped_official_1.20.1.jar:?]
	at net.minecraft.client.main.Main.main(Main.java:218) ~[forge-1.20.1-47.4.0_mapped_official_1.20.1.jar:?]
	at jdk.internal.reflect.NativeMethodAccessorImpl.invoke0(Native Method) ~[?:?]
	at jdk.internal.reflect.NativeMethodAccessorImpl.invoke(NativeMethodAccessorImpl.java:77) ~[?:?]
	at jdk.internal.reflect.DelegatingMethodAccessorImpl.invoke(DelegatingMethodAccessorImpl.java:43) ~[?:?]
	at java.lang.reflect.Method.invoke(Method.java:568) ~[?:?]
	at net.minecraftforge.fml.loading.targets.CommonLaunchHandler.runTarget(CommonLaunchHandler.java:111) ~[fmlloader-1.20.1-47.4.0.jar:?]
	at net.minecraftforge.fml.loading.targets.CommonLaunchHandler.clientService(CommonLaunchHandler.java:99) ~[fmlloader-1.20.1-47.4.0.jar:?]
	at net.minecraftforge.fml.loading.targets.ForgeClientUserdevLaunchHandler.devService(ForgeClientUserdevLaunchHandler.java:19) ~[fmlloader-1.20.1-47.4.0.jar:?]
	at net.minecraftforge.fml.loading.targets.CommonDevLaunchHandler.lambda$makeService$7(CommonDevLaunchHandler.java:135) ~[fmlloader-1.20.1-47.4.0.jar:?]
	at cpw.mods.modlauncher.LaunchServiceHandlerDecorator.launch(LaunchServiceHandlerDecorator.java:30) ~[modlauncher-10.0.9.jar:?]
	at cpw.mods.modlauncher.LaunchServiceHandler.launch(LaunchServiceHandler.java:53) ~[modlauncher-10.0.9.jar:?]
	at cpw.mods.modlauncher.LaunchServiceHandler.launch(LaunchServiceHandler.java:71) ~[modlauncher-10.0.9.jar:?]
	at cpw.mods.modlauncher.Launcher.run(Launcher.java:108) ~[modlauncher-10.0.9.jar:?]
	at cpw.mods.modlauncher.Launcher.main(Launcher.java:78) ~[modlauncher-10.0.9.jar:?]
	at cpw.mods.modlauncher.BootstrapLaunchConsumer.accept(BootstrapLaunchConsumer.java:26) ~[modlauncher-10.0.9.jar:?]
	at cpw.mods.modlauncher.BootstrapLaunchConsumer.accept(BootstrapLaunchConsumer.java:23) ~[modlauncher-10.0.9.jar:?]
	at cpw.mods.bootstraplauncher.BootstrapLauncher.main(BootstrapLauncher.java:141) ~[bootstraplauncher-1.1.2.jar:?]
[144月2025 01:12:09.182] [Render thread/WARN] [net.minecraft.client.renderer.GameRenderer/]: Failed to load shader: minecraft:shaders/post/defile.json
java.io.FileNotFoundException: minecraft:shaders/post/defile.json
	at net.minecraft.server.packs.resources.ResourceProvider.lambda$getResourceOrThrow$0(ResourceProvider.java:21) ~[forge-1.20.1-47.4.0_mapped_official_1.20.1.jar:?]
	at java.util.Optional.orElseThrow(Optional.java:403) ~[?:?]
	at net.minecraft.server.packs.resources.ResourceProvider.getResourceOrThrow(ResourceProvider.java:21) ~[forge-1.20.1-47.4.0_mapped_official_1.20.1.jar:?]
	at net.minecraft.client.renderer.PostChain.load(PostChain.java:58) ~[forge-1.20.1-47.4.0_mapped_official_1.20.1.jar:?]
	at net.minecraft.client.renderer.PostChain.<init>(PostChain.java:54) ~[forge-1.20.1-47.4.0_mapped_official_1.20.1.jar:?]
	at net.minecraft.client.renderer.GameRenderer.loadEffect(GameRenderer.java:341) ~[forge-1.20.1-47.4.0_mapped_official_1.20.1.jar:?]
	at net.minecraftforge.event.ForgeEventFactory.handler$zzh000$onRenderTickEnd(ForgeEventFactory.java:1274) ~[forge-1.20.1-47.4.0_mapped_official_1.20.1.jar:?]
	at net.minecraftforge.event.ForgeEventFactory.onRenderTickEnd(ForgeEventFactory.java) ~[forge-1.20.1-47.4.0_mapped_official_1.20.1.jar:?]
	at net.minecraft.client.Minecraft.runTick(Minecraft.java:1148) ~[forge-1.20.1-47.4.0_mapped_official_1.20.1.jar:?]
	at net.minecraft.client.Minecraft.run(Minecraft.java:718) ~[forge-1.20.1-47.4.0_mapped_official_1.20.1.jar:?]
	at net.minecraft.client.main.Main.main(Main.java:218) ~[forge-1.20.1-47.4.0_mapped_official_1.20.1.jar:?]
	at jdk.internal.reflect.NativeMethodAccessorImpl.invoke0(Native Method) ~[?:?]
	at jdk.internal.reflect.NativeMethodAccessorImpl.invoke(NativeMethodAccessorImpl.java:77) ~[?:?]
	at jdk.internal.reflect.DelegatingMethodAccessorImpl.invoke(DelegatingMethodAccessorImpl.java:43) ~[?:?]
	at java.lang.reflect.Method.invoke(Method.java:568) ~[?:?]
	at net.minecraftforge.fml.loading.targets.CommonLaunchHandler.runTarget(CommonLaunchHandler.java:111) ~[fmlloader-1.20.1-47.4.0.jar:?]
	at net.minecraftforge.fml.loading.targets.CommonLaunchHandler.clientService(CommonLaunchHandler.java:99) ~[fmlloader-1.20.1-47.4.0.jar:?]
	at net.minecraftforge.fml.loading.targets.ForgeClientUserdevLaunchHandler.devService(ForgeClientUserdevLaunchHandler.java:19) ~[fmlloader-1.20.1-47.4.0.jar:?]
	at net.minecraftforge.fml.loading.targets.CommonDevLaunchHandler.lambda$makeService$7(CommonDevLaunchHandler.java:135) ~[fmlloader-1.20.1-47.4.0.jar:?]
	at cpw.mods.modlauncher.LaunchServiceHandlerDecorator.launch(LaunchServiceHandlerDecorator.java:30) ~[modlauncher-10.0.9.jar:?]
	at cpw.mods.modlauncher.LaunchServiceHandler.launch(LaunchServiceHandler.java:53) ~[modlauncher-10.0.9.jar:?]
	at cpw.mods.modlauncher.LaunchServiceHandler.launch(LaunchServiceHandler.java:71) ~[modlauncher-10.0.9.jar:?]
	at cpw.mods.modlauncher.Launcher.run(Launcher.java:108) ~[modlauncher-10.0.9.jar:?]
	at cpw.mods.modlauncher.Launcher.main(Launcher.java:78) ~[modlauncher-10.0.9.jar:?]
	at cpw.mods.modlauncher.BootstrapLaunchConsumer.accept(BootstrapLaunchConsumer.java:26) ~[modlauncher-10.0.9.jar:?]
	at cpw.mods.modlauncher.BootstrapLaunchConsumer.accept(BootstrapLaunchConsumer.java:23) ~[modlauncher-10.0.9.jar:?]
	at cpw.mods.bootstraplauncher.BootstrapLauncher.main(BootstrapLauncher.java:141) ~[bootstraplauncher-1.1.2.jar:?]
[144月2025 01:12:09.198] [Render thread/WARN] [net.minecraft.client.renderer.GameRenderer/]: Failed to load shader: minecraft:shaders/post/defile.json
java.io.FileNotFoundException: minecraft:shaders/post/defile.json
	at net.minecraft.server.packs.resources.ResourceProvider.lambda$getResourceOrThrow$0(ResourceProvider.java:21) ~[forge-1.20.1-47.4.0_mapped_official_1.20.1.jar:?]
	at java.util.Optional.orElseThrow(Optional.java:403) ~[?:?]
	at net.minecraft.server.packs.resources.ResourceProvider.getResourceOrThrow(ResourceProvider.java:21) ~[forge-1.20.1-47.4.0_mapped_official_1.20.1.jar:?]
	at net.minecraft.client.renderer.PostChain.load(PostChain.java:58) ~[forge-1.20.1-47.4.0_mapped_official_1.20.1.jar:?]
	at net.minecraft.client.renderer.PostChain.<init>(PostChain.java:54) ~[forge-1.20.1-47.4.0_mapped_official_1.20.1.jar:?]
	at net.minecraft.client.renderer.GameRenderer.loadEffect(GameRenderer.java:341) ~[forge-1.20.1-47.4.0_mapped_official_1.20.1.jar:?]
	at net.minecraftforge.event.ForgeEventFactory.handler$zzh000$onRenderTickEnd(ForgeEventFactory.java:1274) ~[forge-1.20.1-47.4.0_mapped_official_1.20.1.jar:?]
	at net.minecraftforge.event.ForgeEventFactory.onRenderTickEnd(ForgeEventFactory.java) ~[forge-1.20.1-47.4.0_mapped_official_1.20.1.jar:?]
	at net.minecraft.client.Minecraft.runTick(Minecraft.java:1148) ~[forge-1.20.1-47.4.0_mapped_official_1.20.1.jar:?]
	at net.minecraft.client.Minecraft.run(Minecraft.java:718) ~[forge-1.20.1-47.4.0_mapped_official_1.20.1.jar:?]
	at net.minecraft.client.main.Main.main(Main.java:218) ~[forge-1.20.1-47.4.0_mapped_official_1.20.1.jar:?]
	at jdk.internal.reflect.NativeMethodAccessorImpl.invoke0(Native Method) ~[?:?]
	at jdk.internal.reflect.NativeMethodAccessorImpl.invoke(NativeMethodAccessorImpl.java:77) ~[?:?]
	at jdk.internal.reflect.DelegatingMethodAccessorImpl.invoke(DelegatingMethodAccessorImpl.java:43) ~[?:?]
	at java.lang.reflect.Method.invoke(Method.java:568) ~[?:?]
	at net.minecraftforge.fml.loading.targets.CommonLaunchHandler.runTarget(CommonLaunchHandler.java:111) ~[fmlloader-1.20.1-47.4.0.jar:?]
	at net.minecraftforge.fml.loading.targets.CommonLaunchHandler.clientService(CommonLaunchHandler.java:99) ~[fmlloader-1.20.1-47.4.0.jar:?]
	at net.minecraftforge.fml.loading.targets.ForgeClientUserdevLaunchHandler.devService(ForgeClientUserdevLaunchHandler.java:19) ~[fmlloader-1.20.1-47.4.0.jar:?]
	at net.minecraftforge.fml.loading.targets.CommonDevLaunchHandler.lambda$makeService$7(CommonDevLaunchHandler.java:135) ~[fmlloader-1.20.1-47.4.0.jar:?]
	at cpw.mods.modlauncher.LaunchServiceHandlerDecorator.launch(LaunchServiceHandlerDecorator.java:30) ~[modlauncher-10.0.9.jar:?]
	at cpw.mods.modlauncher.LaunchServiceHandler.launch(LaunchServiceHandler.java:53) ~[modlauncher-10.0.9.jar:?]
	at cpw.mods.modlauncher.LaunchServiceHandler.launch(LaunchServiceHandler.java:71) ~[modlauncher-10.0.9.jar:?]
	at cpw.mods.modlauncher.Launcher.run(Launcher.java:108) ~[modlauncher-10.0.9.jar:?]
	at cpw.mods.modlauncher.Launcher.main(Launcher.java:78) ~[modlauncher-10.0.9.jar:?]
	at cpw.mods.modlauncher.BootstrapLaunchConsumer.accept(BootstrapLaunchConsumer.java:26) ~[modlauncher-10.0.9.jar:?]
	at cpw.mods.modlauncher.BootstrapLaunchConsumer.accept(BootstrapLaunchConsumer.java:23) ~[modlauncher-10.0.9.jar:?]
	at cpw.mods.bootstraplauncher.BootstrapLauncher.main(BootstrapLauncher.java:141) ~[bootstraplauncher-1.1.2.jar:?]
[144月2025 01:12:09.218] [Render thread/WARN] [net.minecraft.client.renderer.GameRenderer/]: Failed to load shader: minecraft:shaders/post/defile.json
java.io.FileNotFoundException: minecraft:shaders/post/defile.json
	at net.minecraft.server.packs.resources.ResourceProvider.lambda$getResourceOrThrow$0(ResourceProvider.java:21) ~[forge-1.20.1-47.4.0_mapped_official_1.20.1.jar:?]
	at java.util.Optional.orElseThrow(Optional.java:403) ~[?:?]
	at net.minecraft.server.packs.resources.ResourceProvider.getResourceOrThrow(ResourceProvider.java:21) ~[forge-1.20.1-47.4.0_mapped_official_1.20.1.jar:?]
	at net.minecraft.client.renderer.PostChain.load(PostChain.java:58) ~[forge-1.20.1-47.4.0_mapped_official_1.20.1.jar:?]
	at net.minecraft.client.renderer.PostChain.<init>(PostChain.java:54) ~[forge-1.20.1-47.4.0_mapped_official_1.20.1.jar:?]
	at net.minecraft.client.renderer.GameRenderer.loadEffect(GameRenderer.java:341) ~[forge-1.20.1-47.4.0_mapped_official_1.20.1.jar:?]
	at net.minecraftforge.event.ForgeEventFactory.handler$zzh000$onRenderTickEnd(ForgeEventFactory.java:1274) ~[forge-1.20.1-47.4.0_mapped_official_1.20.1.jar:?]
	at net.minecraftforge.event.ForgeEventFactory.onRenderTickEnd(ForgeEventFactory.java) ~[forge-1.20.1-47.4.0_mapped_official_1.20.1.jar:?]
	at net.minecraft.client.Minecraft.runTick(Minecraft.java:1148) ~[forge-1.20.1-47.4.0_mapped_official_1.20.1.jar:?]
	at net.minecraft.client.Minecraft.run(Minecraft.java:718) ~[forge-1.20.1-47.4.0_mapped_official_1.20.1.jar:?]
	at net.minecraft.client.main.Main.main(Main.java:218) ~[forge-1.20.1-47.4.0_mapped_official_1.20.1.jar:?]
	at jdk.internal.reflect.NativeMethodAccessorImpl.invoke0(Native Method) ~[?:?]
	at jdk.internal.reflect.NativeMethodAccessorImpl.invoke(NativeMethodAccessorImpl.java:77) ~[?:?]
	at jdk.internal.reflect.DelegatingMethodAccessorImpl.invoke(DelegatingMethodAccessorImpl.java:43) ~[?:?]
	at java.lang.reflect.Method.invoke(Method.java:568) ~[?:?]
	at net.minecraftforge.fml.loading.targets.CommonLaunchHandler.runTarget(CommonLaunchHandler.java:111) ~[fmlloader-1.20.1-47.4.0.jar:?]
	at net.minecraftforge.fml.loading.targets.CommonLaunchHandler.clientService(CommonLaunchHandler.java:99) ~[fmlloader-1.20.1-47.4.0.jar:?]
	at net.minecraftforge.fml.loading.targets.ForgeClientUserdevLaunchHandler.devService(ForgeClientUserdevLaunchHandler.java:19) ~[fmlloader-1.20.1-47.4.0.jar:?]
	at net.minecraftforge.fml.loading.targets.CommonDevLaunchHandler.lambda$makeService$7(CommonDevLaunchHandler.java:135) ~[fmlloader-1.20.1-47.4.0.jar:?]
	at cpw.mods.modlauncher.LaunchServiceHandlerDecorator.launch(LaunchServiceHandlerDecorator.java:30) ~[modlauncher-10.0.9.jar:?]
	at cpw.mods.modlauncher.LaunchServiceHandler.launch(LaunchServiceHandler.java:53) ~[modlauncher-10.0.9.jar:?]
	at cpw.mods.modlauncher.LaunchServiceHandler.launch(LaunchServiceHandler.java:71) ~[modlauncher-10.0.9.jar:?]
	at cpw.mods.modlauncher.Launcher.run(Launcher.java:108) ~[modlauncher-10.0.9.jar:?]
	at cpw.mods.modlauncher.Launcher.main(Launcher.java:78) ~[modlauncher-10.0.9.jar:?]
	at cpw.mods.modlauncher.BootstrapLaunchConsumer.accept(BootstrapLaunchConsumer.java:26) ~[modlauncher-10.0.9.jar:?]
	at cpw.mods.modlauncher.BootstrapLaunchConsumer.accept(BootstrapLaunchConsumer.java:23) ~[modlauncher-10.0.9.jar:?]
	at cpw.mods.bootstraplauncher.BootstrapLauncher.main(BootstrapLauncher.java:141) ~[bootstraplauncher-1.1.2.jar:?]
[144月2025 01:12:09.233] [Render thread/WARN] [net.minecraft.client.renderer.GameRenderer/]: Failed to load shader: minecraft:shaders/post/defile.json
java.io.FileNotFoundException: minecraft:shaders/post/defile.json
	at net.minecraft.server.packs.resources.ResourceProvider.lambda$getResourceOrThrow$0(ResourceProvider.java:21) ~[forge-1.20.1-47.4.0_mapped_official_1.20.1.jar:?]
	at java.util.Optional.orElseThrow(Optional.java:403) ~[?:?]
	at net.minecraft.server.packs.resources.ResourceProvider.getResourceOrThrow(ResourceProvider.java:21) ~[forge-1.20.1-47.4.0_mapped_official_1.20.1.jar:?]
	at net.minecraft.client.renderer.PostChain.load(PostChain.java:58) ~[forge-1.20.1-47.4.0_mapped_official_1.20.1.jar:?]
	at net.minecraft.client.renderer.PostChain.<init>(PostChain.java:54) ~[forge-1.20.1-47.4.0_mapped_official_1.20.1.jar:?]
	at net.minecraft.client.renderer.GameRenderer.loadEffect(GameRenderer.java:341) ~[forge-1.20.1-47.4.0_mapped_official_1.20.1.jar:?]
	at net.minecraftforge.event.ForgeEventFactory.handler$zzh000$onRenderTickEnd(ForgeEventFactory.java:1274) ~[forge-1.20.1-47.4.0_mapped_official_1.20.1.jar:?]
	at net.minecraftforge.event.ForgeEventFactory.onRenderTickEnd(ForgeEventFactory.java) ~[forge-1.20.1-47.4.0_mapped_official_1.20.1.jar:?]
	at net.minecraft.client.Minecraft.runTick(Minecraft.java:1148) ~[forge-1.20.1-47.4.0_mapped_official_1.20.1.jar:?]
	at net.minecraft.client.Minecraft.run(Minecraft.java:718) ~[forge-1.20.1-47.4.0_mapped_official_1.20.1.jar:?]
	at net.minecraft.client.main.Main.main(Main.java:218) ~[forge-1.20.1-47.4.0_mapped_official_1.20.1.jar:?]
	at jdk.internal.reflect.NativeMethodAccessorImpl.invoke0(Native Method) ~[?:?]
	at jdk.internal.reflect.NativeMethodAccessorImpl.invoke(NativeMethodAccessorImpl.java:77) ~[?:?]
	at jdk.internal.reflect.DelegatingMethodAccessorImpl.invoke(DelegatingMethodAccessorImpl.java:43) ~[?:?]
	at java.lang.reflect.Method.invoke(Method.java:568) ~[?:?]
	at net.minecraftforge.fml.loading.targets.CommonLaunchHandler.runTarget(CommonLaunchHandler.java:111) ~[fmlloader-1.20.1-47.4.0.jar:?]
	at net.minecraftforge.fml.loading.targets.CommonLaunchHandler.clientService(CommonLaunchHandler.java:99) ~[fmlloader-1.20.1-47.4.0.jar:?]
	at net.minecraftforge.fml.loading.targets.ForgeClientUserdevLaunchHandler.devService(ForgeClientUserdevLaunchHandler.java:19) ~[fmlloader-1.20.1-47.4.0.jar:?]
	at net.minecraftforge.fml.loading.targets.CommonDevLaunchHandler.lambda$makeService$7(CommonDevLaunchHandler.java:135) ~[fmlloader-1.20.1-47.4.0.jar:?]
	at cpw.mods.modlauncher.LaunchServiceHandlerDecorator.launch(LaunchServiceHandlerDecorator.java:30) ~[modlauncher-10.0.9.jar:?]
	at cpw.mods.modlauncher.LaunchServiceHandler.launch(LaunchServiceHandler.java:53) ~[modlauncher-10.0.9.jar:?]
	at cpw.mods.modlauncher.LaunchServiceHandler.launch(LaunchServiceHandler.java:71) ~[modlauncher-10.0.9.jar:?]
	at cpw.mods.modlauncher.Launcher.run(Launcher.java:108) ~[modlauncher-10.0.9.jar:?]
	at cpw.mods.modlauncher.Launcher.main(Launcher.java:78) ~[modlauncher-10.0.9.jar:?]
	at cpw.mods.modlauncher.BootstrapLaunchConsumer.accept(BootstrapLaunchConsumer.java:26) ~[modlauncher-10.0.9.jar:?]
	at cpw.mods.modlauncher.BootstrapLaunchConsumer.accept(BootstrapLaunchConsumer.java:23) ~[modlauncher-10.0.9.jar:?]
	at cpw.mods.bootstraplauncher.BootstrapLauncher.main(BootstrapLauncher.java:141) ~[bootstraplauncher-1.1.2.jar:?]
[144月2025 01:12:09.248] [Render thread/WARN] [net.minecraft.client.renderer.GameRenderer/]: Failed to load shader: minecraft:shaders/post/defile.json
java.io.FileNotFoundException: minecraft:shaders/post/defile.json
	at net.minecraft.server.packs.resources.ResourceProvider.lambda$getResourceOrThrow$0(ResourceProvider.java:21) ~[forge-1.20.1-47.4.0_mapped_official_1.20.1.jar:?]
	at java.util.Optional.orElseThrow(Optional.java:403) ~[?:?]
	at net.minecraft.server.packs.resources.ResourceProvider.getResourceOrThrow(ResourceProvider.java:21) ~[forge-1.20.1-47.4.0_mapped_official_1.20.1.jar:?]
	at net.minecraft.client.renderer.PostChain.load(PostChain.java:58) ~[forge-1.20.1-47.4.0_mapped_official_1.20.1.jar:?]
	at net.minecraft.client.renderer.PostChain.<init>(PostChain.java:54) ~[forge-1.20.1-47.4.0_mapped_official_1.20.1.jar:?]
	at net.minecraft.client.renderer.GameRenderer.loadEffect(GameRenderer.java:341) ~[forge-1.20.1-47.4.0_mapped_official_1.20.1.jar:?]
	at net.minecraftforge.event.ForgeEventFactory.handler$zzh000$onRenderTickEnd(ForgeEventFactory.java:1274) ~[forge-1.20.1-47.4.0_mapped_official_1.20.1.jar:?]
	at net.minecraftforge.event.ForgeEventFactory.onRenderTickEnd(ForgeEventFactory.java) ~[forge-1.20.1-47.4.0_mapped_official_1.20.1.jar:?]
	at net.minecraft.client.Minecraft.runTick(Minecraft.java:1148) ~[forge-1.20.1-47.4.0_mapped_official_1.20.1.jar:?]
	at net.minecraft.client.Minecraft.run(Minecraft.java:718) ~[forge-1.20.1-47.4.0_mapped_official_1.20.1.jar:?]
	at net.minecraft.client.main.Main.main(Main.java:218) ~[forge-1.20.1-47.4.0_mapped_official_1.20.1.jar:?]
	at jdk.internal.reflect.NativeMethodAccessorImpl.invoke0(Native Method) ~[?:?]
	at jdk.internal.reflect.NativeMethodAccessorImpl.invoke(NativeMethodAccessorImpl.java:77) ~[?:?]
	at jdk.internal.reflect.DelegatingMethodAccessorImpl.invoke(DelegatingMethodAccessorImpl.java:43) ~[?:?]
	at java.lang.reflect.Method.invoke(Method.java:568) ~[?:?]
	at net.minecraftforge.fml.loading.targets.CommonLaunchHandler.runTarget(CommonLaunchHandler.java:111) ~[fmlloader-1.20.1-47.4.0.jar:?]
	at net.minecraftforge.fml.loading.targets.CommonLaunchHandler.clientService(CommonLaunchHandler.java:99) ~[fmlloader-1.20.1-47.4.0.jar:?]
	at net.minecraftforge.fml.loading.targets.ForgeClientUserdevLaunchHandler.devService(ForgeClientUserdevLaunchHandler.java:19) ~[fmlloader-1.20.1-47.4.0.jar:?]
	at net.minecraftforge.fml.loading.targets.CommonDevLaunchHandler.lambda$makeService$7(CommonDevLaunchHandler.java:135) ~[fmlloader-1.20.1-47.4.0.jar:?]
	at cpw.mods.modlauncher.LaunchServiceHandlerDecorator.launch(LaunchServiceHandlerDecorator.java:30) ~[modlauncher-10.0.9.jar:?]
	at cpw.mods.modlauncher.LaunchServiceHandler.launch(LaunchServiceHandler.java:53) ~[modlauncher-10.0.9.jar:?]
	at cpw.mods.modlauncher.LaunchServiceHandler.launch(LaunchServiceHandler.java:71) ~[modlauncher-10.0.9.jar:?]
	at cpw.mods.modlauncher.Launcher.run(Launcher.java:108) ~[modlauncher-10.0.9.jar:?]
	at cpw.mods.modlauncher.Launcher.main(Launcher.java:78) ~[modlauncher-10.0.9.jar:?]
	at cpw.mods.modlauncher.BootstrapLaunchConsumer.accept(BootstrapLaunchConsumer.java:26) ~[modlauncher-10.0.9.jar:?]
	at cpw.mods.modlauncher.BootstrapLaunchConsumer.accept(BootstrapLaunchConsumer.java:23) ~[modlauncher-10.0.9.jar:?]
	at cpw.mods.bootstraplauncher.BootstrapLauncher.main(BootstrapLauncher.java:141) ~[bootstraplauncher-1.1.2.jar:?]
[144月2025 01:12:09.265] [Render thread/WARN] [net.minecraft.client.renderer.GameRenderer/]: Failed to load shader: minecraft:shaders/post/defile.json
java.io.FileNotFoundException: minecraft:shaders/post/defile.json
	at net.minecraft.server.packs.resources.ResourceProvider.lambda$getResourceOrThrow$0(ResourceProvider.java:21) ~[forge-1.20.1-47.4.0_mapped_official_1.20.1.jar:?]
	at java.util.Optional.orElseThrow(Optional.java:403) ~[?:?]
	at net.minecraft.server.packs.resources.ResourceProvider.getResourceOrThrow(ResourceProvider.java:21) ~[forge-1.20.1-47.4.0_mapped_official_1.20.1.jar:?]
	at net.minecraft.client.renderer.PostChain.load(PostChain.java:58) ~[forge-1.20.1-47.4.0_mapped_official_1.20.1.jar:?]
	at net.minecraft.client.renderer.PostChain.<init>(PostChain.java:54) ~[forge-1.20.1-47.4.0_mapped_official_1.20.1.jar:?]
	at net.minecraft.client.renderer.GameRenderer.loadEffect(GameRenderer.java:341) ~[forge-1.20.1-47.4.0_mapped_official_1.20.1.jar:?]
	at net.minecraftforge.event.ForgeEventFactory.handler$zzh000$onRenderTickEnd(ForgeEventFactory.java:1274) ~[forge-1.20.1-47.4.0_mapped_official_1.20.1.jar:?]
	at net.minecraftforge.event.ForgeEventFactory.onRenderTickEnd(ForgeEventFactory.java) ~[forge-1.20.1-47.4.0_mapped_official_1.20.1.jar:?]
	at net.minecraft.client.Minecraft.runTick(Minecraft.java:1148) ~[forge-1.20.1-47.4.0_mapped_official_1.20.1.jar:?]
	at net.minecraft.client.Minecraft.run(Minecraft.java:718) ~[forge-1.20.1-47.4.0_mapped_official_1.20.1.jar:?]
	at net.minecraft.client.main.Main.main(Main.java:218) ~[forge-1.20.1-47.4.0_mapped_official_1.20.1.jar:?]
	at jdk.internal.reflect.NativeMethodAccessorImpl.invoke0(Native Method) ~[?:?]
	at jdk.internal.reflect.NativeMethodAccessorImpl.invoke(NativeMethodAccessorImpl.java:77) ~[?:?]
	at jdk.internal.reflect.DelegatingMethodAccessorImpl.invoke(DelegatingMethodAccessorImpl.java:43) ~[?:?]
	at java.lang.reflect.Method.invoke(Method.java:568) ~[?:?]
	at net.minecraftforge.fml.loading.targets.CommonLaunchHandler.runTarget(CommonLaunchHandler.java:111) ~[fmlloader-1.20.1-47.4.0.jar:?]
	at net.minecraftforge.fml.loading.targets.CommonLaunchHandler.clientService(CommonLaunchHandler.java:99) ~[fmlloader-1.20.1-47.4.0.jar:?]
	at net.minecraftforge.fml.loading.targets.ForgeClientUserdevLaunchHandler.devService(ForgeClientUserdevLaunchHandler.java:19) ~[fmlloader-1.20.1-47.4.0.jar:?]
	at net.minecraftforge.fml.loading.targets.CommonDevLaunchHandler.lambda$makeService$7(CommonDevLaunchHandler.java:135) ~[fmlloader-1.20.1-47.4.0.jar:?]
	at cpw.mods.modlauncher.LaunchServiceHandlerDecorator.launch(LaunchServiceHandlerDecorator.java:30) ~[modlauncher-10.0.9.jar:?]
	at cpw.mods.modlauncher.LaunchServiceHandler.launch(LaunchServiceHandler.java:53) ~[modlauncher-10.0.9.jar:?]
	at cpw.mods.modlauncher.LaunchServiceHandler.launch(LaunchServiceHandler.java:71) ~[modlauncher-10.0.9.jar:?]
	at cpw.mods.modlauncher.Launcher.run(Launcher.java:108) ~[modlauncher-10.0.9.jar:?]
	at cpw.mods.modlauncher.Launcher.main(Launcher.java:78) ~[modlauncher-10.0.9.jar:?]
	at cpw.mods.modlauncher.BootstrapLaunchConsumer.accept(BootstrapLaunchConsumer.java:26) ~[modlauncher-10.0.9.jar:?]
	at cpw.mods.modlauncher.BootstrapLaunchConsumer.accept(BootstrapLaunchConsumer.java:23) ~[modlauncher-10.0.9.jar:?]
	at cpw.mods.bootstraplauncher.BootstrapLauncher.main(BootstrapLauncher.java:141) ~[bootstraplauncher-1.1.2.jar:?]
[144月2025 01:12:09.282] [Render thread/WARN] [net.minecraft.client.renderer.GameRenderer/]: Failed to load shader: minecraft:shaders/post/defile.json
java.io.FileNotFoundException: minecraft:shaders/post/defile.json
	at net.minecraft.server.packs.resources.ResourceProvider.lambda$getResourceOrThrow$0(ResourceProvider.java:21) ~[forge-1.20.1-47.4.0_mapped_official_1.20.1.jar:?]
	at java.util.Optional.orElseThrow(Optional.java:403) ~[?:?]
	at net.minecraft.server.packs.resources.ResourceProvider.getResourceOrThrow(ResourceProvider.java:21) ~[forge-1.20.1-47.4.0_mapped_official_1.20.1.jar:?]
	at net.minecraft.client.renderer.PostChain.load(PostChain.java:58) ~[forge-1.20.1-47.4.0_mapped_official_1.20.1.jar:?]
	at net.minecraft.client.renderer.PostChain.<init>(PostChain.java:54) ~[forge-1.20.1-47.4.0_mapped_official_1.20.1.jar:?]
	at net.minecraft.client.renderer.GameRenderer.loadEffect(GameRenderer.java:341) ~[forge-1.20.1-47.4.0_mapped_official_1.20.1.jar:?]
	at net.minecraftforge.event.ForgeEventFactory.handler$zzh000$onRenderTickEnd(ForgeEventFactory.java:1274) ~[forge-1.20.1-47.4.0_mapped_official_1.20.1.jar:?]
	at net.minecraftforge.event.ForgeEventFactory.onRenderTickEnd(ForgeEventFactory.java) ~[forge-1.20.1-47.4.0_mapped_official_1.20.1.jar:?]
	at net.minecraft.client.Minecraft.runTick(Minecraft.java:1148) ~[forge-1.20.1-47.4.0_mapped_official_1.20.1.jar:?]
	at net.minecraft.client.Minecraft.run(Minecraft.java:718) ~[forge-1.20.1-47.4.0_mapped_official_1.20.1.jar:?]
	at net.minecraft.client.main.Main.main(Main.java:218) ~[forge-1.20.1-47.4.0_mapped_official_1.20.1.jar:?]
	at jdk.internal.reflect.NativeMethodAccessorImpl.invoke0(Native Method) ~[?:?]
	at jdk.internal.reflect.NativeMethodAccessorImpl.invoke(NativeMethodAccessorImpl.java:77) ~[?:?]
	at jdk.internal.reflect.DelegatingMethodAccessorImpl.invoke(DelegatingMethodAccessorImpl.java:43) ~[?:?]
	at java.lang.reflect.Method.invoke(Method.java:568) ~[?:?]
	at net.minecraftforge.fml.loading.targets.CommonLaunchHandler.runTarget(CommonLaunchHandler.java:111) ~[fmlloader-1.20.1-47.4.0.jar:?]
	at net.minecraftforge.fml.loading.targets.CommonLaunchHandler.clientService(CommonLaunchHandler.java:99) ~[fmlloader-1.20.1-47.4.0.jar:?]
	at net.minecraftforge.fml.loading.targets.ForgeClientUserdevLaunchHandler.devService(ForgeClientUserdevLaunchHandler.java:19) ~[fmlloader-1.20.1-47.4.0.jar:?]
	at net.minecraftforge.fml.loading.targets.CommonDevLaunchHandler.lambda$makeService$7(CommonDevLaunchHandler.java:135) ~[fmlloader-1.20.1-47.4.0.jar:?]
	at cpw.mods.modlauncher.LaunchServiceHandlerDecorator.launch(LaunchServiceHandlerDecorator.java:30) ~[modlauncher-10.0.9.jar:?]
	at cpw.mods.modlauncher.LaunchServiceHandler.launch(LaunchServiceHandler.java:53) ~[modlauncher-10.0.9.jar:?]
	at cpw.mods.modlauncher.LaunchServiceHandler.launch(LaunchServiceHandler.java:71) ~[modlauncher-10.0.9.jar:?]
	at cpw.mods.modlauncher.Launcher.run(Launcher.java:108) ~[modlauncher-10.0.9.jar:?]
	at cpw.mods.modlauncher.Launcher.main(Launcher.java:78) ~[modlauncher-10.0.9.jar:?]
	at cpw.mods.modlauncher.BootstrapLaunchConsumer.accept(BootstrapLaunchConsumer.java:26) ~[modlauncher-10.0.9.jar:?]
	at cpw.mods.modlauncher.BootstrapLaunchConsumer.accept(BootstrapLaunchConsumer.java:23) ~[modlauncher-10.0.9.jar:?]
	at cpw.mods.bootstraplauncher.BootstrapLauncher.main(BootstrapLauncher.java:141) ~[bootstraplauncher-1.1.2.jar:?]
[144月2025 01:12:09.299] [Render thread/WARN] [net.minecraft.client.renderer.GameRenderer/]: Failed to load shader: minecraft:shaders/post/defile.json
java.io.FileNotFoundException: minecraft:shaders/post/defile.json
	at net.minecraft.server.packs.resources.ResourceProvider.lambda$getResourceOrThrow$0(ResourceProvider.java:21) ~[forge-1.20.1-47.4.0_mapped_official_1.20.1.jar:?]
	at java.util.Optional.orElseThrow(Optional.java:403) ~[?:?]
	at net.minecraft.server.packs.resources.ResourceProvider.getResourceOrThrow(ResourceProvider.java:21) ~[forge-1.20.1-47.4.0_mapped_official_1.20.1.jar:?]
	at net.minecraft.client.renderer.PostChain.load(PostChain.java:58) ~[forge-1.20.1-47.4.0_mapped_official_1.20.1.jar:?]
	at net.minecraft.client.renderer.PostChain.<init>(PostChain.java:54) ~[forge-1.20.1-47.4.0_mapped_official_1.20.1.jar:?]
	at net.minecraft.client.renderer.GameRenderer.loadEffect(GameRenderer.java:341) ~[forge-1.20.1-47.4.0_mapped_official_1.20.1.jar:?]
	at net.minecraftforge.event.ForgeEventFactory.handler$zzh000$onRenderTickEnd(ForgeEventFactory.java:1274) ~[forge-1.20.1-47.4.0_mapped_official_1.20.1.jar:?]
	at net.minecraftforge.event.ForgeEventFactory.onRenderTickEnd(ForgeEventFactory.java) ~[forge-1.20.1-47.4.0_mapped_official_1.20.1.jar:?]
	at net.minecraft.client.Minecraft.runTick(Minecraft.java:1148) ~[forge-1.20.1-47.4.0_mapped_official_1.20.1.jar:?]
	at net.minecraft.client.Minecraft.run(Minecraft.java:718) ~[forge-1.20.1-47.4.0_mapped_official_1.20.1.jar:?]
	at net.minecraft.client.main.Main.main(Main.java:218) ~[forge-1.20.1-47.4.0_mapped_official_1.20.1.jar:?]
	at jdk.internal.reflect.NativeMethodAccessorImpl.invoke0(Native Method) ~[?:?]
	at jdk.internal.reflect.NativeMethodAccessorImpl.invoke(NativeMethodAccessorImpl.java:77) ~[?:?]
	at jdk.internal.reflect.DelegatingMethodAccessorImpl.invoke(DelegatingMethodAccessorImpl.java:43) ~[?:?]
	at java.lang.reflect.Method.invoke(Method.java:568) ~[?:?]
	at net.minecraftforge.fml.loading.targets.CommonLaunchHandler.runTarget(CommonLaunchHandler.java:111) ~[fmlloader-1.20.1-47.4.0.jar:?]
	at net.minecraftforge.fml.loading.targets.CommonLaunchHandler.clientService(CommonLaunchHandler.java:99) ~[fmlloader-1.20.1-47.4.0.jar:?]
	at net.minecraftforge.fml.loading.targets.ForgeClientUserdevLaunchHandler.devService(ForgeClientUserdevLaunchHandler.java:19) ~[fmlloader-1.20.1-47.4.0.jar:?]
	at net.minecraftforge.fml.loading.targets.CommonDevLaunchHandler.lambda$makeService$7(CommonDevLaunchHandler.java:135) ~[fmlloader-1.20.1-47.4.0.jar:?]
	at cpw.mods.modlauncher.LaunchServiceHandlerDecorator.launch(LaunchServiceHandlerDecorator.java:30) ~[modlauncher-10.0.9.jar:?]
	at cpw.mods.modlauncher.LaunchServiceHandler.launch(LaunchServiceHandler.java:53) ~[modlauncher-10.0.9.jar:?]
	at cpw.mods.modlauncher.LaunchServiceHandler.launch(LaunchServiceHandler.java:71) ~[modlauncher-10.0.9.jar:?]
	at cpw.mods.modlauncher.Launcher.run(Launcher.java:108) ~[modlauncher-10.0.9.jar:?]
	at cpw.mods.modlauncher.Launcher.main(Launcher.java:78) ~[modlauncher-10.0.9.jar:?]
	at cpw.mods.modlauncher.BootstrapLaunchConsumer.accept(BootstrapLaunchConsumer.java:26) ~[modlauncher-10.0.9.jar:?]
	at cpw.mods.modlauncher.BootstrapLaunchConsumer.accept(BootstrapLaunchConsumer.java:23) ~[modlauncher-10.0.9.jar:?]
	at cpw.mods.bootstraplauncher.BootstrapLauncher.main(BootstrapLauncher.java:141) ~[bootstraplauncher-1.1.2.jar:?]
[144月2025 01:12:09.315] [Render thread/WARN] [net.minecraft.client.renderer.GameRenderer/]: Failed to load shader: minecraft:shaders/post/defile.json
java.io.FileNotFoundException: minecraft:shaders/post/defile.json
	at net.minecraft.server.packs.resources.ResourceProvider.lambda$getResourceOrThrow$0(ResourceProvider.java:21) ~[forge-1.20.1-47.4.0_mapped_official_1.20.1.jar:?]
	at java.util.Optional.orElseThrow(Optional.java:403) ~[?:?]
	at net.minecraft.server.packs.resources.ResourceProvider.getResourceOrThrow(ResourceProvider.java:21) ~[forge-1.20.1-47.4.0_mapped_official_1.20.1.jar:?]
	at net.minecraft.client.renderer.PostChain.load(PostChain.java:58) ~[forge-1.20.1-47.4.0_mapped_official_1.20.1.jar:?]
	at net.minecraft.client.renderer.PostChain.<init>(PostChain.java:54) ~[forge-1.20.1-47.4.0_mapped_official_1.20.1.jar:?]
	at net.minecraft.client.renderer.GameRenderer.loadEffect(GameRenderer.java:341) ~[forge-1.20.1-47.4.0_mapped_official_1.20.1.jar:?]
	at net.minecraftforge.event.ForgeEventFactory.handler$zzh000$onRenderTickEnd(ForgeEventFactory.java:1274) ~[forge-1.20.1-47.4.0_mapped_official_1.20.1.jar:?]
	at net.minecraftforge.event.ForgeEventFactory.onRenderTickEnd(ForgeEventFactory.java) ~[forge-1.20.1-47.4.0_mapped_official_1.20.1.jar:?]
	at net.minecraft.client.Minecraft.runTick(Minecraft.java:1148) ~[forge-1.20.1-47.4.0_mapped_official_1.20.1.jar:?]
	at net.minecraft.client.Minecraft.run(Minecraft.java:718) ~[forge-1.20.1-47.4.0_mapped_official_1.20.1.jar:?]
	at net.minecraft.client.main.Main.main(Main.java:218) ~[forge-1.20.1-47.4.0_mapped_official_1.20.1.jar:?]
	at jdk.internal.reflect.NativeMethodAccessorImpl.invoke0(Native Method) ~[?:?]
	at jdk.internal.reflect.NativeMethodAccessorImpl.invoke(NativeMethodAccessorImpl.java:77) ~[?:?]
	at jdk.internal.reflect.DelegatingMethodAccessorImpl.invoke(DelegatingMethodAccessorImpl.java:43) ~[?:?]
	at java.lang.reflect.Method.invoke(Method.java:568) ~[?:?]
	at net.minecraftforge.fml.loading.targets.CommonLaunchHandler.runTarget(CommonLaunchHandler.java:111) ~[fmlloader-1.20.1-47.4.0.jar:?]
	at net.minecraftforge.fml.loading.targets.CommonLaunchHandler.clientService(CommonLaunchHandler.java:99) ~[fmlloader-1.20.1-47.4.0.jar:?]
	at net.minecraftforge.fml.loading.targets.ForgeClientUserdevLaunchHandler.devService(ForgeClientUserdevLaunchHandler.java:19) ~[fmlloader-1.20.1-47.4.0.jar:?]
	at net.minecraftforge.fml.loading.targets.CommonDevLaunchHandler.lambda$makeService$7(CommonDevLaunchHandler.java:135) ~[fmlloader-1.20.1-47.4.0.jar:?]
	at cpw.mods.modlauncher.LaunchServiceHandlerDecorator.launch(LaunchServiceHandlerDecorator.java:30) ~[modlauncher-10.0.9.jar:?]
	at cpw.mods.modlauncher.LaunchServiceHandler.launch(LaunchServiceHandler.java:53) ~[modlauncher-10.0.9.jar:?]
	at cpw.mods.modlauncher.LaunchServiceHandler.launch(LaunchServiceHandler.java:71) ~[modlauncher-10.0.9.jar:?]
	at cpw.mods.modlauncher.Launcher.run(Launcher.java:108) ~[modlauncher-10.0.9.jar:?]
	at cpw.mods.modlauncher.Launcher.main(Launcher.java:78) ~[modlauncher-10.0.9.jar:?]
	at cpw.mods.modlauncher.BootstrapLaunchConsumer.accept(BootstrapLaunchConsumer.java:26) ~[modlauncher-10.0.9.jar:?]
	at cpw.mods.modlauncher.BootstrapLaunchConsumer.accept(BootstrapLaunchConsumer.java:23) ~[modlauncher-10.0.9.jar:?]
	at cpw.mods.bootstraplauncher.BootstrapLauncher.main(BootstrapLauncher.java:141) ~[bootstraplauncher-1.1.2.jar:?]
[144月2025 01:12:09.333] [Render thread/WARN] [net.minecraft.client.renderer.GameRenderer/]: Failed to load shader: minecraft:shaders/post/defile.json
java.io.FileNotFoundException: minecraft:shaders/post/defile.json
	at net.minecraft.server.packs.resources.ResourceProvider.lambda$getResourceOrThrow$0(ResourceProvider.java:21) ~[forge-1.20.1-47.4.0_mapped_official_1.20.1.jar:?]
	at java.util.Optional.orElseThrow(Optional.java:403) ~[?:?]
	at net.minecraft.server.packs.resources.ResourceProvider.getResourceOrThrow(ResourceProvider.java:21) ~[forge-1.20.1-47.4.0_mapped_official_1.20.1.jar:?]
	at net.minecraft.client.renderer.PostChain.load(PostChain.java:58) ~[forge-1.20.1-47.4.0_mapped_official_1.20.1.jar:?]
	at net.minecraft.client.renderer.PostChain.<init>(PostChain.java:54) ~[forge-1.20.1-47.4.0_mapped_official_1.20.1.jar:?]
	at net.minecraft.client.renderer.GameRenderer.loadEffect(GameRenderer.java:341) ~[forge-1.20.1-47.4.0_mapped_official_1.20.1.jar:?]
	at net.minecraftforge.event.ForgeEventFactory.handler$zzh000$onRenderTickEnd(ForgeEventFactory.java:1274) ~[forge-1.20.1-47.4.0_mapped_official_1.20.1.jar:?]
	at net.minecraftforge.event.ForgeEventFactory.onRenderTickEnd(ForgeEventFactory.java) ~[forge-1.20.1-47.4.0_mapped_official_1.20.1.jar:?]
	at net.minecraft.client.Minecraft.runTick(Minecraft.java:1148) ~[forge-1.20.1-47.4.0_mapped_official_1.20.1.jar:?]
	at net.minecraft.client.Minecraft.run(Minecraft.java:718) ~[forge-1.20.1-47.4.0_mapped_official_1.20.1.jar:?]
	at net.minecraft.client.main.Main.main(Main.java:218) ~[forge-1.20.1-47.4.0_mapped_official_1.20.1.jar:?]
	at jdk.internal.reflect.NativeMethodAccessorImpl.invoke0(Native Method) ~[?:?]
	at jdk.internal.reflect.NativeMethodAccessorImpl.invoke(NativeMethodAccessorImpl.java:77) ~[?:?]
	at jdk.internal.reflect.DelegatingMethodAccessorImpl.invoke(DelegatingMethodAccessorImpl.java:43) ~[?:?]
	at java.lang.reflect.Method.invoke(Method.java:568) ~[?:?]
	at net.minecraftforge.fml.loading.targets.CommonLaunchHandler.runTarget(CommonLaunchHandler.java:111) ~[fmlloader-1.20.1-47.4.0.jar:?]
	at net.minecraftforge.fml.loading.targets.CommonLaunchHandler.clientService(CommonLaunchHandler.java:99) ~[fmlloader-1.20.1-47.4.0.jar:?]
	at net.minecraftforge.fml.loading.targets.ForgeClientUserdevLaunchHandler.devService(ForgeClientUserdevLaunchHandler.java:19) ~[fmlloader-1.20.1-47.4.0.jar:?]
	at net.minecraftforge.fml.loading.targets.CommonDevLaunchHandler.lambda$makeService$7(CommonDevLaunchHandler.java:135) ~[fmlloader-1.20.1-47.4.0.jar:?]
	at cpw.mods.modlauncher.LaunchServiceHandlerDecorator.launch(LaunchServiceHandlerDecorator.java:30) ~[modlauncher-10.0.9.jar:?]
	at cpw.mods.modlauncher.LaunchServiceHandler.launch(LaunchServiceHandler.java:53) ~[modlauncher-10.0.9.jar:?]
	at cpw.mods.modlauncher.LaunchServiceHandler.launch(LaunchServiceHandler.java:71) ~[modlauncher-10.0.9.jar:?]
	at cpw.mods.modlauncher.Launcher.run(Launcher.java:108) ~[modlauncher-10.0.9.jar:?]
	at cpw.mods.modlauncher.Launcher.main(Launcher.java:78) ~[modlauncher-10.0.9.jar:?]
	at cpw.mods.modlauncher.BootstrapLaunchConsumer.accept(BootstrapLaunchConsumer.java:26) ~[modlauncher-10.0.9.jar:?]
	at cpw.mods.modlauncher.BootstrapLaunchConsumer.accept(BootstrapLaunchConsumer.java:23) ~[modlauncher-10.0.9.jar:?]
	at cpw.mods.bootstraplauncher.BootstrapLauncher.main(BootstrapLauncher.java:141) ~[bootstraplauncher-1.1.2.jar:?]
[144月2025 01:12:09.357] [Render thread/WARN] [net.minecraft.client.renderer.GameRenderer/]: Failed to load shader: minecraft:shaders/post/defile.json
java.io.FileNotFoundException: minecraft:shaders/post/defile.json
	at net.minecraft.server.packs.resources.ResourceProvider.lambda$getResourceOrThrow$0(ResourceProvider.java:21) ~[forge-1.20.1-47.4.0_mapped_official_1.20.1.jar:?]
	at java.util.Optional.orElseThrow(Optional.java:403) ~[?:?]
	at net.minecraft.server.packs.resources.ResourceProvider.getResourceOrThrow(ResourceProvider.java:21) ~[forge-1.20.1-47.4.0_mapped_official_1.20.1.jar:?]
	at net.minecraft.client.renderer.PostChain.load(PostChain.java:58) ~[forge-1.20.1-47.4.0_mapped_official_1.20.1.jar:?]
	at net.minecraft.client.renderer.PostChain.<init>(PostChain.java:54) ~[forge-1.20.1-47.4.0_mapped_official_1.20.1.jar:?]
	at net.minecraft.client.renderer.GameRenderer.loadEffect(GameRenderer.java:341) ~[forge-1.20.1-47.4.0_mapped_official_1.20.1.jar:?]
	at net.minecraftforge.event.ForgeEventFactory.handler$zzh000$onRenderTickEnd(ForgeEventFactory.java:1274) ~[forge-1.20.1-47.4.0_mapped_official_1.20.1.jar:?]
	at net.minecraftforge.event.ForgeEventFactory.onRenderTickEnd(ForgeEventFactory.java) ~[forge-1.20.1-47.4.0_mapped_official_1.20.1.jar:?]
	at net.minecraft.client.Minecraft.runTick(Minecraft.java:1148) ~[forge-1.20.1-47.4.0_mapped_official_1.20.1.jar:?]
	at net.minecraft.client.Minecraft.run(Minecraft.java:718) ~[forge-1.20.1-47.4.0_mapped_official_1.20.1.jar:?]
	at net.minecraft.client.main.Main.main(Main.java:218) ~[forge-1.20.1-47.4.0_mapped_official_1.20.1.jar:?]
	at jdk.internal.reflect.NativeMethodAccessorImpl.invoke0(Native Method) ~[?:?]
	at jdk.internal.reflect.NativeMethodAccessorImpl.invoke(NativeMethodAccessorImpl.java:77) ~[?:?]
	at jdk.internal.reflect.DelegatingMethodAccessorImpl.invoke(DelegatingMethodAccessorImpl.java:43) ~[?:?]
	at java.lang.reflect.Method.invoke(Method.java:568) ~[?:?]
	at net.minecraftforge.fml.loading.targets.CommonLaunchHandler.runTarget(CommonLaunchHandler.java:111) ~[fmlloader-1.20.1-47.4.0.jar:?]
	at net.minecraftforge.fml.loading.targets.CommonLaunchHandler.clientService(CommonLaunchHandler.java:99) ~[fmlloader-1.20.1-47.4.0.jar:?]
	at net.minecraftforge.fml.loading.targets.ForgeClientUserdevLaunchHandler.devService(ForgeClientUserdevLaunchHandler.java:19) ~[fmlloader-1.20.1-47.4.0.jar:?]
	at net.minecraftforge.fml.loading.targets.CommonDevLaunchHandler.lambda$makeService$7(CommonDevLaunchHandler.java:135) ~[fmlloader-1.20.1-47.4.0.jar:?]
	at cpw.mods.modlauncher.LaunchServiceHandlerDecorator.launch(LaunchServiceHandlerDecorator.java:30) ~[modlauncher-10.0.9.jar:?]
	at cpw.mods.modlauncher.LaunchServiceHandler.launch(LaunchServiceHandler.java:53) ~[modlauncher-10.0.9.jar:?]
	at cpw.mods.modlauncher.LaunchServiceHandler.launch(LaunchServiceHandler.java:71) ~[modlauncher-10.0.9.jar:?]
	at cpw.mods.modlauncher.Launcher.run(Launcher.java:108) ~[modlauncher-10.0.9.jar:?]
	at cpw.mods.modlauncher.Launcher.main(Launcher.java:78) ~[modlauncher-10.0.9.jar:?]
	at cpw.mods.modlauncher.BootstrapLaunchConsumer.accept(BootstrapLaunchConsumer.java:26) ~[modlauncher-10.0.9.jar:?]
	at cpw.mods.modlauncher.BootstrapLaunchConsumer.accept(BootstrapLaunchConsumer.java:23) ~[modlauncher-10.0.9.jar:?]
	at cpw.mods.bootstraplauncher.BootstrapLauncher.main(BootstrapLauncher.java:141) ~[bootstraplauncher-1.1.2.jar:?]
[144月2025 01:12:09.372] [Render thread/WARN] [net.minecraft.client.renderer.GameRenderer/]: Failed to load shader: minecraft:shaders/post/defile.json
java.io.FileNotFoundException: minecraft:shaders/post/defile.json
	at net.minecraft.server.packs.resources.ResourceProvider.lambda$getResourceOrThrow$0(ResourceProvider.java:21) ~[forge-1.20.1-47.4.0_mapped_official_1.20.1.jar:?]
	at java.util.Optional.orElseThrow(Optional.java:403) ~[?:?]
	at net.minecraft.server.packs.resources.ResourceProvider.getResourceOrThrow(ResourceProvider.java:21) ~[forge-1.20.1-47.4.0_mapped_official_1.20.1.jar:?]
	at net.minecraft.client.renderer.PostChain.load(PostChain.java:58) ~[forge-1.20.1-47.4.0_mapped_official_1.20.1.jar:?]
	at net.minecraft.client.renderer.PostChain.<init>(PostChain.java:54) ~[forge-1.20.1-47.4.0_mapped_official_1.20.1.jar:?]
	at net.minecraft.client.renderer.GameRenderer.loadEffect(GameRenderer.java:341) ~[forge-1.20.1-47.4.0_mapped_official_1.20.1.jar:?]
	at net.minecraftforge.event.ForgeEventFactory.handler$zzh000$onRenderTickEnd(ForgeEventFactory.java:1274) ~[forge-1.20.1-47.4.0_mapped_official_1.20.1.jar:?]
	at net.minecraftforge.event.ForgeEventFactory.onRenderTickEnd(ForgeEventFactory.java) ~[forge-1.20.1-47.4.0_mapped_official_1.20.1.jar:?]
	at net.minecraft.client.Minecraft.runTick(Minecraft.java:1148) ~[forge-1.20.1-47.4.0_mapped_official_1.20.1.jar:?]
	at net.minecraft.client.Minecraft.run(Minecraft.java:718) ~[forge-1.20.1-47.4.0_mapped_official_1.20.1.jar:?]
	at net.minecraft.client.main.Main.main(Main.java:218) ~[forge-1.20.1-47.4.0_mapped_official_1.20.1.jar:?]
	at jdk.internal.reflect.NativeMethodAccessorImpl.invoke0(Native Method) ~[?:?]
	at jdk.internal.reflect.NativeMethodAccessorImpl.invoke(NativeMethodAccessorImpl.java:77) ~[?:?]
	at jdk.internal.reflect.DelegatingMethodAccessorImpl.invoke(DelegatingMethodAccessorImpl.java:43) ~[?:?]
	at java.lang.reflect.Method.invoke(Method.java:568) ~[?:?]
	at net.minecraftforge.fml.loading.targets.CommonLaunchHandler.runTarget(CommonLaunchHandler.java:111) ~[fmlloader-1.20.1-47.4.0.jar:?]
	at net.minecraftforge.fml.loading.targets.CommonLaunchHandler.clientService(CommonLaunchHandler.java:99) ~[fmlloader-1.20.1-47.4.0.jar:?]
	at net.minecraftforge.fml.loading.targets.ForgeClientUserdevLaunchHandler.devService(ForgeClientUserdevLaunchHandler.java:19) ~[fmlloader-1.20.1-47.4.0.jar:?]
	at net.minecraftforge.fml.loading.targets.CommonDevLaunchHandler.lambda$makeService$7(CommonDevLaunchHandler.java:135) ~[fmlloader-1.20.1-47.4.0.jar:?]
	at cpw.mods.modlauncher.LaunchServiceHandlerDecorator.launch(LaunchServiceHandlerDecorator.java:30) ~[modlauncher-10.0.9.jar:?]
	at cpw.mods.modlauncher.LaunchServiceHandler.launch(LaunchServiceHandler.java:53) ~[modlauncher-10.0.9.jar:?]
	at cpw.mods.modlauncher.LaunchServiceHandler.launch(LaunchServiceHandler.java:71) ~[modlauncher-10.0.9.jar:?]
	at cpw.mods.modlauncher.Launcher.run(Launcher.java:108) ~[modlauncher-10.0.9.jar:?]
	at cpw.mods.modlauncher.Launcher.main(Launcher.java:78) ~[modlauncher-10.0.9.jar:?]
	at cpw.mods.modlauncher.BootstrapLaunchConsumer.accept(BootstrapLaunchConsumer.java:26) ~[modlauncher-10.0.9.jar:?]
	at cpw.mods.modlauncher.BootstrapLaunchConsumer.accept(BootstrapLaunchConsumer.java:23) ~[modlauncher-10.0.9.jar:?]
	at cpw.mods.bootstraplauncher.BootstrapLauncher.main(BootstrapLauncher.java:141) ~[bootstraplauncher-1.1.2.jar:?]
[144月2025 01:12:09.389] [Render thread/WARN] [net.minecraft.client.renderer.GameRenderer/]: Failed to load shader: minecraft:shaders/post/defile.json
java.io.FileNotFoundException: minecraft:shaders/post/defile.json
	at net.minecraft.server.packs.resources.ResourceProvider.lambda$getResourceOrThrow$0(ResourceProvider.java:21) ~[forge-1.20.1-47.4.0_mapped_official_1.20.1.jar:?]
	at java.util.Optional.orElseThrow(Optional.java:403) ~[?:?]
	at net.minecraft.server.packs.resources.ResourceProvider.getResourceOrThrow(ResourceProvider.java:21) ~[forge-1.20.1-47.4.0_mapped_official_1.20.1.jar:?]
	at net.minecraft.client.renderer.PostChain.load(PostChain.java:58) ~[forge-1.20.1-47.4.0_mapped_official_1.20.1.jar:?]
	at net.minecraft.client.renderer.PostChain.<init>(PostChain.java:54) ~[forge-1.20.1-47.4.0_mapped_official_1.20.1.jar:?]
	at net.minecraft.client.renderer.GameRenderer.loadEffect(GameRenderer.java:341) ~[forge-1.20.1-47.4.0_mapped_official_1.20.1.jar:?]
	at net.minecraftforge.event.ForgeEventFactory.handler$zzh000$onRenderTickEnd(ForgeEventFactory.java:1274) ~[forge-1.20.1-47.4.0_mapped_official_1.20.1.jar:?]
	at net.minecraftforge.event.ForgeEventFactory.onRenderTickEnd(ForgeEventFactory.java) ~[forge-1.20.1-47.4.0_mapped_official_1.20.1.jar:?]
	at net.minecraft.client.Minecraft.runTick(Minecraft.java:1148) ~[forge-1.20.1-47.4.0_mapped_official_1.20.1.jar:?]
	at net.minecraft.client.Minecraft.run(Minecraft.java:718) ~[forge-1.20.1-47.4.0_mapped_official_1.20.1.jar:?]
	at net.minecraft.client.main.Main.main(Main.java:218) ~[forge-1.20.1-47.4.0_mapped_official_1.20.1.jar:?]
	at jdk.internal.reflect.NativeMethodAccessorImpl.invoke0(Native Method) ~[?:?]
	at jdk.internal.reflect.NativeMethodAccessorImpl.invoke(NativeMethodAccessorImpl.java:77) ~[?:?]
	at jdk.internal.reflect.DelegatingMethodAccessorImpl.invoke(DelegatingMethodAccessorImpl.java:43) ~[?:?]
	at java.lang.reflect.Method.invoke(Method.java:568) ~[?:?]
	at net.minecraftforge.fml.loading.targets.CommonLaunchHandler.runTarget(CommonLaunchHandler.java:111) ~[fmlloader-1.20.1-47.4.0.jar:?]
	at net.minecraftforge.fml.loading.targets.CommonLaunchHandler.clientService(CommonLaunchHandler.java:99) ~[fmlloader-1.20.1-47.4.0.jar:?]
	at net.minecraftforge.fml.loading.targets.ForgeClientUserdevLaunchHandler.devService(ForgeClientUserdevLaunchHandler.java:19) ~[fmlloader-1.20.1-47.4.0.jar:?]
	at net.minecraftforge.fml.loading.targets.CommonDevLaunchHandler.lambda$makeService$7(CommonDevLaunchHandler.java:135) ~[fmlloader-1.20.1-47.4.0.jar:?]
	at cpw.mods.modlauncher.LaunchServiceHandlerDecorator.launch(LaunchServiceHandlerDecorator.java:30) ~[modlauncher-10.0.9.jar:?]
	at cpw.mods.modlauncher.LaunchServiceHandler.launch(LaunchServiceHandler.java:53) ~[modlauncher-10.0.9.jar:?]
	at cpw.mods.modlauncher.LaunchServiceHandler.launch(LaunchServiceHandler.java:71) ~[modlauncher-10.0.9.jar:?]
	at cpw.mods.modlauncher.Launcher.run(Launcher.java:108) ~[modlauncher-10.0.9.jar:?]
	at cpw.mods.modlauncher.Launcher.main(Launcher.java:78) ~[modlauncher-10.0.9.jar:?]
	at cpw.mods.modlauncher.BootstrapLaunchConsumer.accept(BootstrapLaunchConsumer.java:26) ~[modlauncher-10.0.9.jar:?]
	at cpw.mods.modlauncher.BootstrapLaunchConsumer.accept(BootstrapLaunchConsumer.java:23) ~[modlauncher-10.0.9.jar:?]
	at cpw.mods.bootstraplauncher.BootstrapLauncher.main(BootstrapLauncher.java:141) ~[bootstraplauncher-1.1.2.jar:?]
[144月2025 01:12:09.404] [Render thread/WARN] [net.minecraft.client.renderer.GameRenderer/]: Failed to load shader: minecraft:shaders/post/defile.json
java.io.FileNotFoundException: minecraft:shaders/post/defile.json
	at net.minecraft.server.packs.resources.ResourceProvider.lambda$getResourceOrThrow$0(ResourceProvider.java:21) ~[forge-1.20.1-47.4.0_mapped_official_1.20.1.jar:?]
	at java.util.Optional.orElseThrow(Optional.java:403) ~[?:?]
	at net.minecraft.server.packs.resources.ResourceProvider.getResourceOrThrow(ResourceProvider.java:21) ~[forge-1.20.1-47.4.0_mapped_official_1.20.1.jar:?]
	at net.minecraft.client.renderer.PostChain.load(PostChain.java:58) ~[forge-1.20.1-47.4.0_mapped_official_1.20.1.jar:?]
	at net.minecraft.client.renderer.PostChain.<init>(PostChain.java:54) ~[forge-1.20.1-47.4.0_mapped_official_1.20.1.jar:?]
	at net.minecraft.client.renderer.GameRenderer.loadEffect(GameRenderer.java:341) ~[forge-1.20.1-47.4.0_mapped_official_1.20.1.jar:?]
	at net.minecraftforge.event.ForgeEventFactory.handler$zzh000$onRenderTickEnd(ForgeEventFactory.java:1274) ~[forge-1.20.1-47.4.0_mapped_official_1.20.1.jar:?]
	at net.minecraftforge.event.ForgeEventFactory.onRenderTickEnd(ForgeEventFactory.java) ~[forge-1.20.1-47.4.0_mapped_official_1.20.1.jar:?]
	at net.minecraft.client.Minecraft.runTick(Minecraft.java:1148) ~[forge-1.20.1-47.4.0_mapped_official_1.20.1.jar:?]
	at net.minecraft.client.Minecraft.run(Minecraft.java:718) ~[forge-1.20.1-47.4.0_mapped_official_1.20.1.jar:?]
	at net.minecraft.client.main.Main.main(Main.java:218) ~[forge-1.20.1-47.4.0_mapped_official_1.20.1.jar:?]
	at jdk.internal.reflect.NativeMethodAccessorImpl.invoke0(Native Method) ~[?:?]
	at jdk.internal.reflect.NativeMethodAccessorImpl.invoke(NativeMethodAccessorImpl.java:77) ~[?:?]
	at jdk.internal.reflect.DelegatingMethodAccessorImpl.invoke(DelegatingMethodAccessorImpl.java:43) ~[?:?]
	at java.lang.reflect.Method.invoke(Method.java:568) ~[?:?]
	at net.minecraftforge.fml.loading.targets.CommonLaunchHandler.runTarget(CommonLaunchHandler.java:111) ~[fmlloader-1.20.1-47.4.0.jar:?]
	at net.minecraftforge.fml.loading.targets.CommonLaunchHandler.clientService(CommonLaunchHandler.java:99) ~[fmlloader-1.20.1-47.4.0.jar:?]
	at net.minecraftforge.fml.loading.targets.ForgeClientUserdevLaunchHandler.devService(ForgeClientUserdevLaunchHandler.java:19) ~[fmlloader-1.20.1-47.4.0.jar:?]
	at net.minecraftforge.fml.loading.targets.CommonDevLaunchHandler.lambda$makeService$7(CommonDevLaunchHandler.java:135) ~[fmlloader-1.20.1-47.4.0.jar:?]
	at cpw.mods.modlauncher.LaunchServiceHandlerDecorator.launch(LaunchServiceHandlerDecorator.java:30) ~[modlauncher-10.0.9.jar:?]
	at cpw.mods.modlauncher.LaunchServiceHandler.launch(LaunchServiceHandler.java:53) ~[modlauncher-10.0.9.jar:?]
	at cpw.mods.modlauncher.LaunchServiceHandler.launch(LaunchServiceHandler.java:71) ~[modlauncher-10.0.9.jar:?]
	at cpw.mods.modlauncher.Launcher.run(Launcher.java:108) ~[modlauncher-10.0.9.jar:?]
	at cpw.mods.modlauncher.Launcher.main(Launcher.java:78) ~[modlauncher-10.0.9.jar:?]
	at cpw.mods.modlauncher.BootstrapLaunchConsumer.accept(BootstrapLaunchConsumer.java:26) ~[modlauncher-10.0.9.jar:?]
	at cpw.mods.modlauncher.BootstrapLaunchConsumer.accept(BootstrapLaunchConsumer.java:23) ~[modlauncher-10.0.9.jar:?]
	at cpw.mods.bootstraplauncher.BootstrapLauncher.main(BootstrapLauncher.java:141) ~[bootstraplauncher-1.1.2.jar:?]
[144月2025 01:12:09.425] [Render thread/WARN] [net.minecraft.client.renderer.GameRenderer/]: Failed to load shader: minecraft:shaders/post/defile.json
java.io.FileNotFoundException: minecraft:shaders/post/defile.json
	at net.minecraft.server.packs.resources.ResourceProvider.lambda$getResourceOrThrow$0(ResourceProvider.java:21) ~[forge-1.20.1-47.4.0_mapped_official_1.20.1.jar:?]
	at java.util.Optional.orElseThrow(Optional.java:403) ~[?:?]
	at net.minecraft.server.packs.resources.ResourceProvider.getResourceOrThrow(ResourceProvider.java:21) ~[forge-1.20.1-47.4.0_mapped_official_1.20.1.jar:?]
	at net.minecraft.client.renderer.PostChain.load(PostChain.java:58) ~[forge-1.20.1-47.4.0_mapped_official_1.20.1.jar:?]
	at net.minecraft.client.renderer.PostChain.<init>(PostChain.java:54) ~[forge-1.20.1-47.4.0_mapped_official_1.20.1.jar:?]
	at net.minecraft.client.renderer.GameRenderer.loadEffect(GameRenderer.java:341) ~[forge-1.20.1-47.4.0_mapped_official_1.20.1.jar:?]
	at net.minecraftforge.event.ForgeEventFactory.handler$zzh000$onRenderTickEnd(ForgeEventFactory.java:1274) ~[forge-1.20.1-47.4.0_mapped_official_1.20.1.jar:?]
	at net.minecraftforge.event.ForgeEventFactory.onRenderTickEnd(ForgeEventFactory.java) ~[forge-1.20.1-47.4.0_mapped_official_1.20.1.jar:?]
	at net.minecraft.client.Minecraft.runTick(Minecraft.java:1148) ~[forge-1.20.1-47.4.0_mapped_official_1.20.1.jar:?]
	at net.minecraft.client.Minecraft.run(Minecraft.java:718) ~[forge-1.20.1-47.4.0_mapped_official_1.20.1.jar:?]
	at net.minecraft.client.main.Main.main(Main.java:218) ~[forge-1.20.1-47.4.0_mapped_official_1.20.1.jar:?]
	at jdk.internal.reflect.NativeMethodAccessorImpl.invoke0(Native Method) ~[?:?]
	at jdk.internal.reflect.NativeMethodAccessorImpl.invoke(NativeMethodAccessorImpl.java:77) ~[?:?]
	at jdk.internal.reflect.DelegatingMethodAccessorImpl.invoke(DelegatingMethodAccessorImpl.java:43) ~[?:?]
	at java.lang.reflect.Method.invoke(Method.java:568) ~[?:?]
	at net.minecraftforge.fml.loading.targets.CommonLaunchHandler.runTarget(CommonLaunchHandler.java:111) ~[fmlloader-1.20.1-47.4.0.jar:?]
	at net.minecraftforge.fml.loading.targets.CommonLaunchHandler.clientService(CommonLaunchHandler.java:99) ~[fmlloader-1.20.1-47.4.0.jar:?]
	at net.minecraftforge.fml.loading.targets.ForgeClientUserdevLaunchHandler.devService(ForgeClientUserdevLaunchHandler.java:19) ~[fmlloader-1.20.1-47.4.0.jar:?]
	at net.minecraftforge.fml.loading.targets.CommonDevLaunchHandler.lambda$makeService$7(CommonDevLaunchHandler.java:135) ~[fmlloader-1.20.1-47.4.0.jar:?]
	at cpw.mods.modlauncher.LaunchServiceHandlerDecorator.launch(LaunchServiceHandlerDecorator.java:30) ~[modlauncher-10.0.9.jar:?]
	at cpw.mods.modlauncher.LaunchServiceHandler.launch(LaunchServiceHandler.java:53) ~[modlauncher-10.0.9.jar:?]
	at cpw.mods.modlauncher.LaunchServiceHandler.launch(LaunchServiceHandler.java:71) ~[modlauncher-10.0.9.jar:?]
	at cpw.mods.modlauncher.Launcher.run(Launcher.java:108) ~[modlauncher-10.0.9.jar:?]
	at cpw.mods.modlauncher.Launcher.main(Launcher.java:78) ~[modlauncher-10.0.9.jar:?]
	at cpw.mods.modlauncher.BootstrapLaunchConsumer.accept(BootstrapLaunchConsumer.java:26) ~[modlauncher-10.0.9.jar:?]
	at cpw.mods.modlauncher.BootstrapLaunchConsumer.accept(BootstrapLaunchConsumer.java:23) ~[modlauncher-10.0.9.jar:?]
	at cpw.mods.bootstraplauncher.BootstrapLauncher.main(BootstrapLauncher.java:141) ~[bootstraplauncher-1.1.2.jar:?]
[144月2025 01:12:09.438] [Render thread/WARN] [net.minecraft.client.renderer.GameRenderer/]: Failed to load shader: minecraft:shaders/post/defile.json
java.io.FileNotFoundException: minecraft:shaders/post/defile.json
	at net.minecraft.server.packs.resources.ResourceProvider.lambda$getResourceOrThrow$0(ResourceProvider.java:21) ~[forge-1.20.1-47.4.0_mapped_official_1.20.1.jar:?]
	at java.util.Optional.orElseThrow(Optional.java:403) ~[?:?]
	at net.minecraft.server.packs.resources.ResourceProvider.getResourceOrThrow(ResourceProvider.java:21) ~[forge-1.20.1-47.4.0_mapped_official_1.20.1.jar:?]
	at net.minecraft.client.renderer.PostChain.load(PostChain.java:58) ~[forge-1.20.1-47.4.0_mapped_official_1.20.1.jar:?]
	at net.minecraft.client.renderer.PostChain.<init>(PostChain.java:54) ~[forge-1.20.1-47.4.0_mapped_official_1.20.1.jar:?]
	at net.minecraft.client.renderer.GameRenderer.loadEffect(GameRenderer.java:341) ~[forge-1.20.1-47.4.0_mapped_official_1.20.1.jar:?]
	at net.minecraftforge.event.ForgeEventFactory.handler$zzh000$onRenderTickEnd(ForgeEventFactory.java:1274) ~[forge-1.20.1-47.4.0_mapped_official_1.20.1.jar:?]
	at net.minecraftforge.event.ForgeEventFactory.onRenderTickEnd(ForgeEventFactory.java) ~[forge-1.20.1-47.4.0_mapped_official_1.20.1.jar:?]
	at net.minecraft.client.Minecraft.runTick(Minecraft.java:1148) ~[forge-1.20.1-47.4.0_mapped_official_1.20.1.jar:?]
	at net.minecraft.client.Minecraft.run(Minecraft.java:718) ~[forge-1.20.1-47.4.0_mapped_official_1.20.1.jar:?]
	at net.minecraft.client.main.Main.main(Main.java:218) ~[forge-1.20.1-47.4.0_mapped_official_1.20.1.jar:?]
	at jdk.internal.reflect.NativeMethodAccessorImpl.invoke0(Native Method) ~[?:?]
	at jdk.internal.reflect.NativeMethodAccessorImpl.invoke(NativeMethodAccessorImpl.java:77) ~[?:?]
	at jdk.internal.reflect.DelegatingMethodAccessorImpl.invoke(DelegatingMethodAccessorImpl.java:43) ~[?:?]
	at java.lang.reflect.Method.invoke(Method.java:568) ~[?:?]
	at net.minecraftforge.fml.loading.targets.CommonLaunchHandler.runTarget(CommonLaunchHandler.java:111) ~[fmlloader-1.20.1-47.4.0.jar:?]
	at net.minecraftforge.fml.loading.targets.CommonLaunchHandler.clientService(CommonLaunchHandler.java:99) ~[fmlloader-1.20.1-47.4.0.jar:?]
	at net.minecraftforge.fml.loading.targets.ForgeClientUserdevLaunchHandler.devService(ForgeClientUserdevLaunchHandler.java:19) ~[fmlloader-1.20.1-47.4.0.jar:?]
	at net.minecraftforge.fml.loading.targets.CommonDevLaunchHandler.lambda$makeService$7(CommonDevLaunchHandler.java:135) ~[fmlloader-1.20.1-47.4.0.jar:?]
	at cpw.mods.modlauncher.LaunchServiceHandlerDecorator.launch(LaunchServiceHandlerDecorator.java:30) ~[modlauncher-10.0.9.jar:?]
	at cpw.mods.modlauncher.LaunchServiceHandler.launch(LaunchServiceHandler.java:53) ~[modlauncher-10.0.9.jar:?]
	at cpw.mods.modlauncher.LaunchServiceHandler.launch(LaunchServiceHandler.java:71) ~[modlauncher-10.0.9.jar:?]
	at cpw.mods.modlauncher.Launcher.run(Launcher.java:108) ~[modlauncher-10.0.9.jar:?]
	at cpw.mods.modlauncher.Launcher.main(Launcher.java:78) ~[modlauncher-10.0.9.jar:?]
	at cpw.mods.modlauncher.BootstrapLaunchConsumer.accept(BootstrapLaunchConsumer.java:26) ~[modlauncher-10.0.9.jar:?]
	at cpw.mods.modlauncher.BootstrapLaunchConsumer.accept(BootstrapLaunchConsumer.java:23) ~[modlauncher-10.0.9.jar:?]
	at cpw.mods.bootstraplauncher.BootstrapLauncher.main(BootstrapLauncher.java:141) ~[bootstraplauncher-1.1.2.jar:?]
[144月2025 01:12:09.452] [Render thread/WARN] [net.minecraft.client.renderer.GameRenderer/]: Failed to load shader: minecraft:shaders/post/defile.json
java.io.FileNotFoundException: minecraft:shaders/post/defile.json
	at net.minecraft.server.packs.resources.ResourceProvider.lambda$getResourceOrThrow$0(ResourceProvider.java:21) ~[forge-1.20.1-47.4.0_mapped_official_1.20.1.jar:?]
	at java.util.Optional.orElseThrow(Optional.java:403) ~[?:?]
	at net.minecraft.server.packs.resources.ResourceProvider.getResourceOrThrow(ResourceProvider.java:21) ~[forge-1.20.1-47.4.0_mapped_official_1.20.1.jar:?]
	at net.minecraft.client.renderer.PostChain.load(PostChain.java:58) ~[forge-1.20.1-47.4.0_mapped_official_1.20.1.jar:?]
	at net.minecraft.client.renderer.PostChain.<init>(PostChain.java:54) ~[forge-1.20.1-47.4.0_mapped_official_1.20.1.jar:?]
	at net.minecraft.client.renderer.GameRenderer.loadEffect(GameRenderer.java:341) ~[forge-1.20.1-47.4.0_mapped_official_1.20.1.jar:?]
	at net.minecraftforge.event.ForgeEventFactory.handler$zzh000$onRenderTickEnd(ForgeEventFactory.java:1274) ~[forge-1.20.1-47.4.0_mapped_official_1.20.1.jar:?]
	at net.minecraftforge.event.ForgeEventFactory.onRenderTickEnd(ForgeEventFactory.java) ~[forge-1.20.1-47.4.0_mapped_official_1.20.1.jar:?]
	at net.minecraft.client.Minecraft.runTick(Minecraft.java:1148) ~[forge-1.20.1-47.4.0_mapped_official_1.20.1.jar:?]
	at net.minecraft.client.Minecraft.run(Minecraft.java:718) ~[forge-1.20.1-47.4.0_mapped_official_1.20.1.jar:?]
	at net.minecraft.client.main.Main.main(Main.java:218) ~[forge-1.20.1-47.4.0_mapped_official_1.20.1.jar:?]
	at jdk.internal.reflect.NativeMethodAccessorImpl.invoke0(Native Method) ~[?:?]
	at jdk.internal.reflect.NativeMethodAccessorImpl.invoke(NativeMethodAccessorImpl.java:77) ~[?:?]
	at jdk.internal.reflect.DelegatingMethodAccessorImpl.invoke(DelegatingMethodAccessorImpl.java:43) ~[?:?]
	at java.lang.reflect.Method.invoke(Method.java:568) ~[?:?]
	at net.minecraftforge.fml.loading.targets.CommonLaunchHandler.runTarget(CommonLaunchHandler.java:111) ~[fmlloader-1.20.1-47.4.0.jar:?]
	at net.minecraftforge.fml.loading.targets.CommonLaunchHandler.clientService(CommonLaunchHandler.java:99) ~[fmlloader-1.20.1-47.4.0.jar:?]
	at net.minecraftforge.fml.loading.targets.ForgeClientUserdevLaunchHandler.devService(ForgeClientUserdevLaunchHandler.java:19) ~[fmlloader-1.20.1-47.4.0.jar:?]
	at net.minecraftforge.fml.loading.targets.CommonDevLaunchHandler.lambda$makeService$7(CommonDevLaunchHandler.java:135) ~[fmlloader-1.20.1-47.4.0.jar:?]
	at cpw.mods.modlauncher.LaunchServiceHandlerDecorator.launch(LaunchServiceHandlerDecorator.java:30) ~[modlauncher-10.0.9.jar:?]
	at cpw.mods.modlauncher.LaunchServiceHandler.launch(LaunchServiceHandler.java:53) ~[modlauncher-10.0.9.jar:?]
	at cpw.mods.modlauncher.LaunchServiceHandler.launch(LaunchServiceHandler.java:71) ~[modlauncher-10.0.9.jar:?]
	at cpw.mods.modlauncher.Launcher.run(Launcher.java:108) ~[modlauncher-10.0.9.jar:?]
	at cpw.mods.modlauncher.Launcher.main(Launcher.java:78) ~[modlauncher-10.0.9.jar:?]
	at cpw.mods.modlauncher.BootstrapLaunchConsumer.accept(BootstrapLaunchConsumer.java:26) ~[modlauncher-10.0.9.jar:?]
	at cpw.mods.modlauncher.BootstrapLaunchConsumer.accept(BootstrapLaunchConsumer.java:23) ~[modlauncher-10.0.9.jar:?]
	at cpw.mods.bootstraplauncher.BootstrapLauncher.main(BootstrapLauncher.java:141) ~[bootstraplauncher-1.1.2.jar:?]
[144月2025 01:12:09.467] [Render thread/WARN] [net.minecraft.client.renderer.GameRenderer/]: Failed to load shader: minecraft:shaders/post/defile.json
java.io.FileNotFoundException: minecraft:shaders/post/defile.json
	at net.minecraft.server.packs.resources.ResourceProvider.lambda$getResourceOrThrow$0(ResourceProvider.java:21) ~[forge-1.20.1-47.4.0_mapped_official_1.20.1.jar:?]
	at java.util.Optional.orElseThrow(Optional.java:403) ~[?:?]
	at net.minecraft.server.packs.resources.ResourceProvider.getResourceOrThrow(ResourceProvider.java:21) ~[forge-1.20.1-47.4.0_mapped_official_1.20.1.jar:?]
	at net.minecraft.client.renderer.PostChain.load(PostChain.java:58) ~[forge-1.20.1-47.4.0_mapped_official_1.20.1.jar:?]
	at net.minecraft.client.renderer.PostChain.<init>(PostChain.java:54) ~[forge-1.20.1-47.4.0_mapped_official_1.20.1.jar:?]
	at net.minecraft.client.renderer.GameRenderer.loadEffect(GameRenderer.java:341) ~[forge-1.20.1-47.4.0_mapped_official_1.20.1.jar:?]
	at net.minecraftforge.event.ForgeEventFactory.handler$zzh000$onRenderTickEnd(ForgeEventFactory.java:1274) ~[forge-1.20.1-47.4.0_mapped_official_1.20.1.jar:?]
	at net.minecraftforge.event.ForgeEventFactory.onRenderTickEnd(ForgeEventFactory.java) ~[forge-1.20.1-47.4.0_mapped_official_1.20.1.jar:?]
	at net.minecraft.client.Minecraft.runTick(Minecraft.java:1148) ~[forge-1.20.1-47.4.0_mapped_official_1.20.1.jar:?]
	at net.minecraft.client.Minecraft.run(Minecraft.java:718) ~[forge-1.20.1-47.4.0_mapped_official_1.20.1.jar:?]
	at net.minecraft.client.main.Main.main(Main.java:218) ~[forge-1.20.1-47.4.0_mapped_official_1.20.1.jar:?]
	at jdk.internal.reflect.NativeMethodAccessorImpl.invoke0(Native Method) ~[?:?]
	at jdk.internal.reflect.NativeMethodAccessorImpl.invoke(NativeMethodAccessorImpl.java:77) ~[?:?]
	at jdk.internal.reflect.DelegatingMethodAccessorImpl.invoke(DelegatingMethodAccessorImpl.java:43) ~[?:?]
	at java.lang.reflect.Method.invoke(Method.java:568) ~[?:?]
	at net.minecraftforge.fml.loading.targets.CommonLaunchHandler.runTarget(CommonLaunchHandler.java:111) ~[fmlloader-1.20.1-47.4.0.jar:?]
	at net.minecraftforge.fml.loading.targets.CommonLaunchHandler.clientService(CommonLaunchHandler.java:99) ~[fmlloader-1.20.1-47.4.0.jar:?]
	at net.minecraftforge.fml.loading.targets.ForgeClientUserdevLaunchHandler.devService(ForgeClientUserdevLaunchHandler.java:19) ~[fmlloader-1.20.1-47.4.0.jar:?]
	at net.minecraftforge.fml.loading.targets.CommonDevLaunchHandler.lambda$makeService$7(CommonDevLaunchHandler.java:135) ~[fmlloader-1.20.1-47.4.0.jar:?]
	at cpw.mods.modlauncher.LaunchServiceHandlerDecorator.launch(LaunchServiceHandlerDecorator.java:30) ~[modlauncher-10.0.9.jar:?]
	at cpw.mods.modlauncher.LaunchServiceHandler.launch(LaunchServiceHandler.java:53) ~[modlauncher-10.0.9.jar:?]
	at cpw.mods.modlauncher.LaunchServiceHandler.launch(LaunchServiceHandler.java:71) ~[modlauncher-10.0.9.jar:?]
	at cpw.mods.modlauncher.Launcher.run(Launcher.java:108) ~[modlauncher-10.0.9.jar:?]
	at cpw.mods.modlauncher.Launcher.main(Launcher.java:78) ~[modlauncher-10.0.9.jar:?]
	at cpw.mods.modlauncher.BootstrapLaunchConsumer.accept(BootstrapLaunchConsumer.java:26) ~[modlauncher-10.0.9.jar:?]
	at cpw.mods.modlauncher.BootstrapLaunchConsumer.accept(BootstrapLaunchConsumer.java:23) ~[modlauncher-10.0.9.jar:?]
	at cpw.mods.bootstraplauncher.BootstrapLauncher.main(BootstrapLauncher.java:141) ~[bootstraplauncher-1.1.2.jar:?]
[144月2025 01:12:09.482] [Render thread/WARN] [net.minecraft.client.renderer.GameRenderer/]: Failed to load shader: minecraft:shaders/post/defile.json
java.io.FileNotFoundException: minecraft:shaders/post/defile.json
	at net.minecraft.server.packs.resources.ResourceProvider.lambda$getResourceOrThrow$0(ResourceProvider.java:21) ~[forge-1.20.1-47.4.0_mapped_official_1.20.1.jar:?]
	at java.util.Optional.orElseThrow(Optional.java:403) ~[?:?]
	at net.minecraft.server.packs.resources.ResourceProvider.getResourceOrThrow(ResourceProvider.java:21) ~[forge-1.20.1-47.4.0_mapped_official_1.20.1.jar:?]
	at net.minecraft.client.renderer.PostChain.load(PostChain.java:58) ~[forge-1.20.1-47.4.0_mapped_official_1.20.1.jar:?]
	at net.minecraft.client.renderer.PostChain.<init>(PostChain.java:54) ~[forge-1.20.1-47.4.0_mapped_official_1.20.1.jar:?]
	at net.minecraft.client.renderer.GameRenderer.loadEffect(GameRenderer.java:341) ~[forge-1.20.1-47.4.0_mapped_official_1.20.1.jar:?]
	at net.minecraftforge.event.ForgeEventFactory.handler$zzh000$onRenderTickEnd(ForgeEventFactory.java:1274) ~[forge-1.20.1-47.4.0_mapped_official_1.20.1.jar:?]
	at net.minecraftforge.event.ForgeEventFactory.onRenderTickEnd(ForgeEventFactory.java) ~[forge-1.20.1-47.4.0_mapped_official_1.20.1.jar:?]
	at net.minecraft.client.Minecraft.runTick(Minecraft.java:1148) ~[forge-1.20.1-47.4.0_mapped_official_1.20.1.jar:?]
	at net.minecraft.client.Minecraft.run(Minecraft.java:718) ~[forge-1.20.1-47.4.0_mapped_official_1.20.1.jar:?]
	at net.minecraft.client.main.Main.main(Main.java:218) ~[forge-1.20.1-47.4.0_mapped_official_1.20.1.jar:?]
	at jdk.internal.reflect.NativeMethodAccessorImpl.invoke0(Native Method) ~[?:?]
	at jdk.internal.reflect.NativeMethodAccessorImpl.invoke(NativeMethodAccessorImpl.java:77) ~[?:?]
	at jdk.internal.reflect.DelegatingMethodAccessorImpl.invoke(DelegatingMethodAccessorImpl.java:43) ~[?:?]
	at java.lang.reflect.Method.invoke(Method.java:568) ~[?:?]
	at net.minecraftforge.fml.loading.targets.CommonLaunchHandler.runTarget(CommonLaunchHandler.java:111) ~[fmlloader-1.20.1-47.4.0.jar:?]
	at net.minecraftforge.fml.loading.targets.CommonLaunchHandler.clientService(CommonLaunchHandler.java:99) ~[fmlloader-1.20.1-47.4.0.jar:?]
	at net.minecraftforge.fml.loading.targets.ForgeClientUserdevLaunchHandler.devService(ForgeClientUserdevLaunchHandler.java:19) ~[fmlloader-1.20.1-47.4.0.jar:?]
	at net.minecraftforge.fml.loading.targets.CommonDevLaunchHandler.lambda$makeService$7(CommonDevLaunchHandler.java:135) ~[fmlloader-1.20.1-47.4.0.jar:?]
	at cpw.mods.modlauncher.LaunchServiceHandlerDecorator.launch(LaunchServiceHandlerDecorator.java:30) ~[modlauncher-10.0.9.jar:?]
	at cpw.mods.modlauncher.LaunchServiceHandler.launch(LaunchServiceHandler.java:53) ~[modlauncher-10.0.9.jar:?]
	at cpw.mods.modlauncher.LaunchServiceHandler.launch(LaunchServiceHandler.java:71) ~[modlauncher-10.0.9.jar:?]
	at cpw.mods.modlauncher.Launcher.run(Launcher.java:108) ~[modlauncher-10.0.9.jar:?]
	at cpw.mods.modlauncher.Launcher.main(Launcher.java:78) ~[modlauncher-10.0.9.jar:?]
	at cpw.mods.modlauncher.BootstrapLaunchConsumer.accept(BootstrapLaunchConsumer.java:26) ~[modlauncher-10.0.9.jar:?]
	at cpw.mods.modlauncher.BootstrapLaunchConsumer.accept(BootstrapLaunchConsumer.java:23) ~[modlauncher-10.0.9.jar:?]
	at cpw.mods.bootstraplauncher.BootstrapLauncher.main(BootstrapLauncher.java:141) ~[bootstraplauncher-1.1.2.jar:?]
[144月2025 01:12:09.498] [Render thread/WARN] [net.minecraft.client.renderer.GameRenderer/]: Failed to load shader: minecraft:shaders/post/defile.json
java.io.FileNotFoundException: minecraft:shaders/post/defile.json
	at net.minecraft.server.packs.resources.ResourceProvider.lambda$getResourceOrThrow$0(ResourceProvider.java:21) ~[forge-1.20.1-47.4.0_mapped_official_1.20.1.jar:?]
	at java.util.Optional.orElseThrow(Optional.java:403) ~[?:?]
	at net.minecraft.server.packs.resources.ResourceProvider.getResourceOrThrow(ResourceProvider.java:21) ~[forge-1.20.1-47.4.0_mapped_official_1.20.1.jar:?]
	at net.minecraft.client.renderer.PostChain.load(PostChain.java:58) ~[forge-1.20.1-47.4.0_mapped_official_1.20.1.jar:?]
	at net.minecraft.client.renderer.PostChain.<init>(PostChain.java:54) ~[forge-1.20.1-47.4.0_mapped_official_1.20.1.jar:?]
	at net.minecraft.client.renderer.GameRenderer.loadEffect(GameRenderer.java:341) ~[forge-1.20.1-47.4.0_mapped_official_1.20.1.jar:?]
	at net.minecraftforge.event.ForgeEventFactory.handler$zzh000$onRenderTickEnd(ForgeEventFactory.java:1274) ~[forge-1.20.1-47.4.0_mapped_official_1.20.1.jar:?]
	at net.minecraftforge.event.ForgeEventFactory.onRenderTickEnd(ForgeEventFactory.java) ~[forge-1.20.1-47.4.0_mapped_official_1.20.1.jar:?]
	at net.minecraft.client.Minecraft.runTick(Minecraft.java:1148) ~[forge-1.20.1-47.4.0_mapped_official_1.20.1.jar:?]
	at net.minecraft.client.Minecraft.run(Minecraft.java:718) ~[forge-1.20.1-47.4.0_mapped_official_1.20.1.jar:?]
	at net.minecraft.client.main.Main.main(Main.java:218) ~[forge-1.20.1-47.4.0_mapped_official_1.20.1.jar:?]
	at jdk.internal.reflect.NativeMethodAccessorImpl.invoke0(Native Method) ~[?:?]
	at jdk.internal.reflect.NativeMethodAccessorImpl.invoke(NativeMethodAccessorImpl.java:77) ~[?:?]
	at jdk.internal.reflect.DelegatingMethodAccessorImpl.invoke(DelegatingMethodAccessorImpl.java:43) ~[?:?]
	at java.lang.reflect.Method.invoke(Method.java:568) ~[?:?]
	at net.minecraftforge.fml.loading.targets.CommonLaunchHandler.runTarget(CommonLaunchHandler.java:111) ~[fmlloader-1.20.1-47.4.0.jar:?]
	at net.minecraftforge.fml.loading.targets.CommonLaunchHandler.clientService(CommonLaunchHandler.java:99) ~[fmlloader-1.20.1-47.4.0.jar:?]
	at net.minecraftforge.fml.loading.targets.ForgeClientUserdevLaunchHandler.devService(ForgeClientUserdevLaunchHandler.java:19) ~[fmlloader-1.20.1-47.4.0.jar:?]
	at net.minecraftforge.fml.loading.targets.CommonDevLaunchHandler.lambda$makeService$7(CommonDevLaunchHandler.java:135) ~[fmlloader-1.20.1-47.4.0.jar:?]
	at cpw.mods.modlauncher.LaunchServiceHandlerDecorator.launch(LaunchServiceHandlerDecorator.java:30) ~[modlauncher-10.0.9.jar:?]
	at cpw.mods.modlauncher.LaunchServiceHandler.launch(LaunchServiceHandler.java:53) ~[modlauncher-10.0.9.jar:?]
	at cpw.mods.modlauncher.LaunchServiceHandler.launch(LaunchServiceHandler.java:71) ~[modlauncher-10.0.9.jar:?]
	at cpw.mods.modlauncher.Launcher.run(Launcher.java:108) ~[modlauncher-10.0.9.jar:?]
	at cpw.mods.modlauncher.Launcher.main(Launcher.java:78) ~[modlauncher-10.0.9.jar:?]
	at cpw.mods.modlauncher.BootstrapLaunchConsumer.accept(BootstrapLaunchConsumer.java:26) ~[modlauncher-10.0.9.jar:?]
	at cpw.mods.modlauncher.BootstrapLaunchConsumer.accept(BootstrapLaunchConsumer.java:23) ~[modlauncher-10.0.9.jar:?]
	at cpw.mods.bootstraplauncher.BootstrapLauncher.main(BootstrapLauncher.java:141) ~[bootstraplauncher-1.1.2.jar:?]
[144月2025 01:12:09.517] [Render thread/WARN] [net.minecraft.client.renderer.GameRenderer/]: Failed to load shader: minecraft:shaders/post/defile.json
java.io.FileNotFoundException: minecraft:shaders/post/defile.json
	at net.minecraft.server.packs.resources.ResourceProvider.lambda$getResourceOrThrow$0(ResourceProvider.java:21) ~[forge-1.20.1-47.4.0_mapped_official_1.20.1.jar:?]
	at java.util.Optional.orElseThrow(Optional.java:403) ~[?:?]
	at net.minecraft.server.packs.resources.ResourceProvider.getResourceOrThrow(ResourceProvider.java:21) ~[forge-1.20.1-47.4.0_mapped_official_1.20.1.jar:?]
	at net.minecraft.client.renderer.PostChain.load(PostChain.java:58) ~[forge-1.20.1-47.4.0_mapped_official_1.20.1.jar:?]
	at net.minecraft.client.renderer.PostChain.<init>(PostChain.java:54) ~[forge-1.20.1-47.4.0_mapped_official_1.20.1.jar:?]
	at net.minecraft.client.renderer.GameRenderer.loadEffect(GameRenderer.java:341) ~[forge-1.20.1-47.4.0_mapped_official_1.20.1.jar:?]
	at net.minecraftforge.event.ForgeEventFactory.handler$zzh000$onRenderTickEnd(ForgeEventFactory.java:1274) ~[forge-1.20.1-47.4.0_mapped_official_1.20.1.jar:?]
	at net.minecraftforge.event.ForgeEventFactory.onRenderTickEnd(ForgeEventFactory.java) ~[forge-1.20.1-47.4.0_mapped_official_1.20.1.jar:?]
	at net.minecraft.client.Minecraft.runTick(Minecraft.java:1148) ~[forge-1.20.1-47.4.0_mapped_official_1.20.1.jar:?]
	at net.minecraft.client.Minecraft.run(Minecraft.java:718) ~[forge-1.20.1-47.4.0_mapped_official_1.20.1.jar:?]
	at net.minecraft.client.main.Main.main(Main.java:218) ~[forge-1.20.1-47.4.0_mapped_official_1.20.1.jar:?]
	at jdk.internal.reflect.NativeMethodAccessorImpl.invoke0(Native Method) ~[?:?]
	at jdk.internal.reflect.NativeMethodAccessorImpl.invoke(NativeMethodAccessorImpl.java:77) ~[?:?]
	at jdk.internal.reflect.DelegatingMethodAccessorImpl.invoke(DelegatingMethodAccessorImpl.java:43) ~[?:?]
	at java.lang.reflect.Method.invoke(Method.java:568) ~[?:?]
	at net.minecraftforge.fml.loading.targets.CommonLaunchHandler.runTarget(CommonLaunchHandler.java:111) ~[fmlloader-1.20.1-47.4.0.jar:?]
	at net.minecraftforge.fml.loading.targets.CommonLaunchHandler.clientService(CommonLaunchHandler.java:99) ~[fmlloader-1.20.1-47.4.0.jar:?]
	at net.minecraftforge.fml.loading.targets.ForgeClientUserdevLaunchHandler.devService(ForgeClientUserdevLaunchHandler.java:19) ~[fmlloader-1.20.1-47.4.0.jar:?]
	at net.minecraftforge.fml.loading.targets.CommonDevLaunchHandler.lambda$makeService$7(CommonDevLaunchHandler.java:135) ~[fmlloader-1.20.1-47.4.0.jar:?]
	at cpw.mods.modlauncher.LaunchServiceHandlerDecorator.launch(LaunchServiceHandlerDecorator.java:30) ~[modlauncher-10.0.9.jar:?]
	at cpw.mods.modlauncher.LaunchServiceHandler.launch(LaunchServiceHandler.java:53) ~[modlauncher-10.0.9.jar:?]
	at cpw.mods.modlauncher.LaunchServiceHandler.launch(LaunchServiceHandler.java:71) ~[modlauncher-10.0.9.jar:?]
	at cpw.mods.modlauncher.Launcher.run(Launcher.java:108) ~[modlauncher-10.0.9.jar:?]
	at cpw.mods.modlauncher.Launcher.main(Launcher.java:78) ~[modlauncher-10.0.9.jar:?]
	at cpw.mods.modlauncher.BootstrapLaunchConsumer.accept(BootstrapLaunchConsumer.java:26) ~[modlauncher-10.0.9.jar:?]
	at cpw.mods.modlauncher.BootstrapLaunchConsumer.accept(BootstrapLaunchConsumer.java:23) ~[modlauncher-10.0.9.jar:?]
	at cpw.mods.bootstraplauncher.BootstrapLauncher.main(BootstrapLauncher.java:141) ~[bootstraplauncher-1.1.2.jar:?]
[144月2025 01:12:09.530] [Render thread/WARN] [net.minecraft.client.renderer.GameRenderer/]: Failed to load shader: minecraft:shaders/post/defile.json
java.io.FileNotFoundException: minecraft:shaders/post/defile.json
	at net.minecraft.server.packs.resources.ResourceProvider.lambda$getResourceOrThrow$0(ResourceProvider.java:21) ~[forge-1.20.1-47.4.0_mapped_official_1.20.1.jar:?]
	at java.util.Optional.orElseThrow(Optional.java:403) ~[?:?]
	at net.minecraft.server.packs.resources.ResourceProvider.getResourceOrThrow(ResourceProvider.java:21) ~[forge-1.20.1-47.4.0_mapped_official_1.20.1.jar:?]
	at net.minecraft.client.renderer.PostChain.load(PostChain.java:58) ~[forge-1.20.1-47.4.0_mapped_official_1.20.1.jar:?]
	at net.minecraft.client.renderer.PostChain.<init>(PostChain.java:54) ~[forge-1.20.1-47.4.0_mapped_official_1.20.1.jar:?]
	at net.minecraft.client.renderer.GameRenderer.loadEffect(GameRenderer.java:341) ~[forge-1.20.1-47.4.0_mapped_official_1.20.1.jar:?]
	at net.minecraftforge.event.ForgeEventFactory.handler$zzh000$onRenderTickEnd(ForgeEventFactory.java:1274) ~[forge-1.20.1-47.4.0_mapped_official_1.20.1.jar:?]
	at net.minecraftforge.event.ForgeEventFactory.onRenderTickEnd(ForgeEventFactory.java) ~[forge-1.20.1-47.4.0_mapped_official_1.20.1.jar:?]
	at net.minecraft.client.Minecraft.runTick(Minecraft.java:1148) ~[forge-1.20.1-47.4.0_mapped_official_1.20.1.jar:?]
	at net.minecraft.client.Minecraft.run(Minecraft.java:718) ~[forge-1.20.1-47.4.0_mapped_official_1.20.1.jar:?]
	at net.minecraft.client.main.Main.main(Main.java:218) ~[forge-1.20.1-47.4.0_mapped_official_1.20.1.jar:?]
	at jdk.internal.reflect.NativeMethodAccessorImpl.invoke0(Native Method) ~[?:?]
	at jdk.internal.reflect.NativeMethodAccessorImpl.invoke(NativeMethodAccessorImpl.java:77) ~[?:?]
	at jdk.internal.reflect.DelegatingMethodAccessorImpl.invoke(DelegatingMethodAccessorImpl.java:43) ~[?:?]
	at java.lang.reflect.Method.invoke(Method.java:568) ~[?:?]
	at net.minecraftforge.fml.loading.targets.CommonLaunchHandler.runTarget(CommonLaunchHandler.java:111) ~[fmlloader-1.20.1-47.4.0.jar:?]
	at net.minecraftforge.fml.loading.targets.CommonLaunchHandler.clientService(CommonLaunchHandler.java:99) ~[fmlloader-1.20.1-47.4.0.jar:?]
	at net.minecraftforge.fml.loading.targets.ForgeClientUserdevLaunchHandler.devService(ForgeClientUserdevLaunchHandler.java:19) ~[fmlloader-1.20.1-47.4.0.jar:?]
	at net.minecraftforge.fml.loading.targets.CommonDevLaunchHandler.lambda$makeService$7(CommonDevLaunchHandler.java:135) ~[fmlloader-1.20.1-47.4.0.jar:?]
	at cpw.mods.modlauncher.LaunchServiceHandlerDecorator.launch(LaunchServiceHandlerDecorator.java:30) ~[modlauncher-10.0.9.jar:?]
	at cpw.mods.modlauncher.LaunchServiceHandler.launch(LaunchServiceHandler.java:53) ~[modlauncher-10.0.9.jar:?]
	at cpw.mods.modlauncher.LaunchServiceHandler.launch(LaunchServiceHandler.java:71) ~[modlauncher-10.0.9.jar:?]
	at cpw.mods.modlauncher.Launcher.run(Launcher.java:108) ~[modlauncher-10.0.9.jar:?]
	at cpw.mods.modlauncher.Launcher.main(Launcher.java:78) ~[modlauncher-10.0.9.jar:?]
	at cpw.mods.modlauncher.BootstrapLaunchConsumer.accept(BootstrapLaunchConsumer.java:26) ~[modlauncher-10.0.9.jar:?]
	at cpw.mods.modlauncher.BootstrapLaunchConsumer.accept(BootstrapLaunchConsumer.java:23) ~[modlauncher-10.0.9.jar:?]
	at cpw.mods.bootstraplauncher.BootstrapLauncher.main(BootstrapLauncher.java:141) ~[bootstraplauncher-1.1.2.jar:?]
[144月2025 01:12:09.547] [Render thread/WARN] [net.minecraft.client.renderer.GameRenderer/]: Failed to load shader: minecraft:shaders/post/defile.json
java.io.FileNotFoundException: minecraft:shaders/post/defile.json
	at net.minecraft.server.packs.resources.ResourceProvider.lambda$getResourceOrThrow$0(ResourceProvider.java:21) ~[forge-1.20.1-47.4.0_mapped_official_1.20.1.jar:?]
	at java.util.Optional.orElseThrow(Optional.java:403) ~[?:?]
	at net.minecraft.server.packs.resources.ResourceProvider.getResourceOrThrow(ResourceProvider.java:21) ~[forge-1.20.1-47.4.0_mapped_official_1.20.1.jar:?]
	at net.minecraft.client.renderer.PostChain.load(PostChain.java:58) ~[forge-1.20.1-47.4.0_mapped_official_1.20.1.jar:?]
	at net.minecraft.client.renderer.PostChain.<init>(PostChain.java:54) ~[forge-1.20.1-47.4.0_mapped_official_1.20.1.jar:?]
	at net.minecraft.client.renderer.GameRenderer.loadEffect(GameRenderer.java:341) ~[forge-1.20.1-47.4.0_mapped_official_1.20.1.jar:?]
	at net.minecraftforge.event.ForgeEventFactory.handler$zzh000$onRenderTickEnd(ForgeEventFactory.java:1274) ~[forge-1.20.1-47.4.0_mapped_official_1.20.1.jar:?]
	at net.minecraftforge.event.ForgeEventFactory.onRenderTickEnd(ForgeEventFactory.java) ~[forge-1.20.1-47.4.0_mapped_official_1.20.1.jar:?]
	at net.minecraft.client.Minecraft.runTick(Minecraft.java:1148) ~[forge-1.20.1-47.4.0_mapped_official_1.20.1.jar:?]
	at net.minecraft.client.Minecraft.run(Minecraft.java:718) ~[forge-1.20.1-47.4.0_mapped_official_1.20.1.jar:?]
	at net.minecraft.client.main.Main.main(Main.java:218) ~[forge-1.20.1-47.4.0_mapped_official_1.20.1.jar:?]
	at jdk.internal.reflect.NativeMethodAccessorImpl.invoke0(Native Method) ~[?:?]
	at jdk.internal.reflect.NativeMethodAccessorImpl.invoke(NativeMethodAccessorImpl.java:77) ~[?:?]
	at jdk.internal.reflect.DelegatingMethodAccessorImpl.invoke(DelegatingMethodAccessorImpl.java:43) ~[?:?]
	at java.lang.reflect.Method.invoke(Method.java:568) ~[?:?]
	at net.minecraftforge.fml.loading.targets.CommonLaunchHandler.runTarget(CommonLaunchHandler.java:111) ~[fmlloader-1.20.1-47.4.0.jar:?]
	at net.minecraftforge.fml.loading.targets.CommonLaunchHandler.clientService(CommonLaunchHandler.java:99) ~[fmlloader-1.20.1-47.4.0.jar:?]
	at net.minecraftforge.fml.loading.targets.ForgeClientUserdevLaunchHandler.devService(ForgeClientUserdevLaunchHandler.java:19) ~[fmlloader-1.20.1-47.4.0.jar:?]
	at net.minecraftforge.fml.loading.targets.CommonDevLaunchHandler.lambda$makeService$7(CommonDevLaunchHandler.java:135) ~[fmlloader-1.20.1-47.4.0.jar:?]
	at cpw.mods.modlauncher.LaunchServiceHandlerDecorator.launch(LaunchServiceHandlerDecorator.java:30) ~[modlauncher-10.0.9.jar:?]
	at cpw.mods.modlauncher.LaunchServiceHandler.launch(LaunchServiceHandler.java:53) ~[modlauncher-10.0.9.jar:?]
	at cpw.mods.modlauncher.LaunchServiceHandler.launch(LaunchServiceHandler.java:71) ~[modlauncher-10.0.9.jar:?]
	at cpw.mods.modlauncher.Launcher.run(Launcher.java:108) ~[modlauncher-10.0.9.jar:?]
	at cpw.mods.modlauncher.Launcher.main(Launcher.java:78) ~[modlauncher-10.0.9.jar:?]
	at cpw.mods.modlauncher.BootstrapLaunchConsumer.accept(BootstrapLaunchConsumer.java:26) ~[modlauncher-10.0.9.jar:?]
	at cpw.mods.modlauncher.BootstrapLaunchConsumer.accept(BootstrapLaunchConsumer.java:23) ~[modlauncher-10.0.9.jar:?]
	at cpw.mods.bootstraplauncher.BootstrapLauncher.main(BootstrapLauncher.java:141) ~[bootstraplauncher-1.1.2.jar:?]
[144月2025 01:12:09.564] [Render thread/WARN] [net.minecraft.client.renderer.GameRenderer/]: Failed to load shader: minecraft:shaders/post/defile.json
java.io.FileNotFoundException: minecraft:shaders/post/defile.json
	at net.minecraft.server.packs.resources.ResourceProvider.lambda$getResourceOrThrow$0(ResourceProvider.java:21) ~[forge-1.20.1-47.4.0_mapped_official_1.20.1.jar:?]
	at java.util.Optional.orElseThrow(Optional.java:403) ~[?:?]
	at net.minecraft.server.packs.resources.ResourceProvider.getResourceOrThrow(ResourceProvider.java:21) ~[forge-1.20.1-47.4.0_mapped_official_1.20.1.jar:?]
	at net.minecraft.client.renderer.PostChain.load(PostChain.java:58) ~[forge-1.20.1-47.4.0_mapped_official_1.20.1.jar:?]
	at net.minecraft.client.renderer.PostChain.<init>(PostChain.java:54) ~[forge-1.20.1-47.4.0_mapped_official_1.20.1.jar:?]
	at net.minecraft.client.renderer.GameRenderer.loadEffect(GameRenderer.java:341) ~[forge-1.20.1-47.4.0_mapped_official_1.20.1.jar:?]
	at net.minecraftforge.event.ForgeEventFactory.handler$zzh000$onRenderTickEnd(ForgeEventFactory.java:1274) ~[forge-1.20.1-47.4.0_mapped_official_1.20.1.jar:?]
	at net.minecraftforge.event.ForgeEventFactory.onRenderTickEnd(ForgeEventFactory.java) ~[forge-1.20.1-47.4.0_mapped_official_1.20.1.jar:?]
	at net.minecraft.client.Minecraft.runTick(Minecraft.java:1148) ~[forge-1.20.1-47.4.0_mapped_official_1.20.1.jar:?]
	at net.minecraft.client.Minecraft.run(Minecraft.java:718) ~[forge-1.20.1-47.4.0_mapped_official_1.20.1.jar:?]
	at net.minecraft.client.main.Main.main(Main.java:218) ~[forge-1.20.1-47.4.0_mapped_official_1.20.1.jar:?]
	at jdk.internal.reflect.NativeMethodAccessorImpl.invoke0(Native Method) ~[?:?]
	at jdk.internal.reflect.NativeMethodAccessorImpl.invoke(NativeMethodAccessorImpl.java:77) ~[?:?]
	at jdk.internal.reflect.DelegatingMethodAccessorImpl.invoke(DelegatingMethodAccessorImpl.java:43) ~[?:?]
	at java.lang.reflect.Method.invoke(Method.java:568) ~[?:?]
	at net.minecraftforge.fml.loading.targets.CommonLaunchHandler.runTarget(CommonLaunchHandler.java:111) ~[fmlloader-1.20.1-47.4.0.jar:?]
	at net.minecraftforge.fml.loading.targets.CommonLaunchHandler.clientService(CommonLaunchHandler.java:99) ~[fmlloader-1.20.1-47.4.0.jar:?]
	at net.minecraftforge.fml.loading.targets.ForgeClientUserdevLaunchHandler.devService(ForgeClientUserdevLaunchHandler.java:19) ~[fmlloader-1.20.1-47.4.0.jar:?]
	at net.minecraftforge.fml.loading.targets.CommonDevLaunchHandler.lambda$makeService$7(CommonDevLaunchHandler.java:135) ~[fmlloader-1.20.1-47.4.0.jar:?]
	at cpw.mods.modlauncher.LaunchServiceHandlerDecorator.launch(LaunchServiceHandlerDecorator.java:30) ~[modlauncher-10.0.9.jar:?]
	at cpw.mods.modlauncher.LaunchServiceHandler.launch(LaunchServiceHandler.java:53) ~[modlauncher-10.0.9.jar:?]
	at cpw.mods.modlauncher.LaunchServiceHandler.launch(LaunchServiceHandler.java:71) ~[modlauncher-10.0.9.jar:?]
	at cpw.mods.modlauncher.Launcher.run(Launcher.java:108) ~[modlauncher-10.0.9.jar:?]
	at cpw.mods.modlauncher.Launcher.main(Launcher.java:78) ~[modlauncher-10.0.9.jar:?]
	at cpw.mods.modlauncher.BootstrapLaunchConsumer.accept(BootstrapLaunchConsumer.java:26) ~[modlauncher-10.0.9.jar:?]
	at cpw.mods.modlauncher.BootstrapLaunchConsumer.accept(BootstrapLaunchConsumer.java:23) ~[modlauncher-10.0.9.jar:?]
	at cpw.mods.bootstraplauncher.BootstrapLauncher.main(BootstrapLauncher.java:141) ~[bootstraplauncher-1.1.2.jar:?]
[144月2025 01:12:09.581] [Render thread/WARN] [net.minecraft.client.renderer.GameRenderer/]: Failed to load shader: minecraft:shaders/post/defile.json
java.io.FileNotFoundException: minecraft:shaders/post/defile.json
	at net.minecraft.server.packs.resources.ResourceProvider.lambda$getResourceOrThrow$0(ResourceProvider.java:21) ~[forge-1.20.1-47.4.0_mapped_official_1.20.1.jar:?]
	at java.util.Optional.orElseThrow(Optional.java:403) ~[?:?]
	at net.minecraft.server.packs.resources.ResourceProvider.getResourceOrThrow(ResourceProvider.java:21) ~[forge-1.20.1-47.4.0_mapped_official_1.20.1.jar:?]
	at net.minecraft.client.renderer.PostChain.load(PostChain.java:58) ~[forge-1.20.1-47.4.0_mapped_official_1.20.1.jar:?]
	at net.minecraft.client.renderer.PostChain.<init>(PostChain.java:54) ~[forge-1.20.1-47.4.0_mapped_official_1.20.1.jar:?]
	at net.minecraft.client.renderer.GameRenderer.loadEffect(GameRenderer.java:341) ~[forge-1.20.1-47.4.0_mapped_official_1.20.1.jar:?]
	at net.minecraftforge.event.ForgeEventFactory.handler$zzh000$onRenderTickEnd(ForgeEventFactory.java:1274) ~[forge-1.20.1-47.4.0_mapped_official_1.20.1.jar:?]
	at net.minecraftforge.event.ForgeEventFactory.onRenderTickEnd(ForgeEventFactory.java) ~[forge-1.20.1-47.4.0_mapped_official_1.20.1.jar:?]
	at net.minecraft.client.Minecraft.runTick(Minecraft.java:1148) ~[forge-1.20.1-47.4.0_mapped_official_1.20.1.jar:?]
	at net.minecraft.client.Minecraft.run(Minecraft.java:718) ~[forge-1.20.1-47.4.0_mapped_official_1.20.1.jar:?]
	at net.minecraft.client.main.Main.main(Main.java:218) ~[forge-1.20.1-47.4.0_mapped_official_1.20.1.jar:?]
	at jdk.internal.reflect.NativeMethodAccessorImpl.invoke0(Native Method) ~[?:?]
	at jdk.internal.reflect.NativeMethodAccessorImpl.invoke(NativeMethodAccessorImpl.java:77) ~[?:?]
	at jdk.internal.reflect.DelegatingMethodAccessorImpl.invoke(DelegatingMethodAccessorImpl.java:43) ~[?:?]
	at java.lang.reflect.Method.invoke(Method.java:568) ~[?:?]
	at net.minecraftforge.fml.loading.targets.CommonLaunchHandler.runTarget(CommonLaunchHandler.java:111) ~[fmlloader-1.20.1-47.4.0.jar:?]
	at net.minecraftforge.fml.loading.targets.CommonLaunchHandler.clientService(CommonLaunchHandler.java:99) ~[fmlloader-1.20.1-47.4.0.jar:?]
	at net.minecraftforge.fml.loading.targets.ForgeClientUserdevLaunchHandler.devService(ForgeClientUserdevLaunchHandler.java:19) ~[fmlloader-1.20.1-47.4.0.jar:?]
	at net.minecraftforge.fml.loading.targets.CommonDevLaunchHandler.lambda$makeService$7(CommonDevLaunchHandler.java:135) ~[fmlloader-1.20.1-47.4.0.jar:?]
	at cpw.mods.modlauncher.LaunchServiceHandlerDecorator.launch(LaunchServiceHandlerDecorator.java:30) ~[modlauncher-10.0.9.jar:?]
	at cpw.mods.modlauncher.LaunchServiceHandler.launch(LaunchServiceHandler.java:53) ~[modlauncher-10.0.9.jar:?]
	at cpw.mods.modlauncher.LaunchServiceHandler.launch(LaunchServiceHandler.java:71) ~[modlauncher-10.0.9.jar:?]
	at cpw.mods.modlauncher.Launcher.run(Launcher.java:108) ~[modlauncher-10.0.9.jar:?]
	at cpw.mods.modlauncher.Launcher.main(Launcher.java:78) ~[modlauncher-10.0.9.jar:?]
	at cpw.mods.modlauncher.BootstrapLaunchConsumer.accept(BootstrapLaunchConsumer.java:26) ~[modlauncher-10.0.9.jar:?]
	at cpw.mods.modlauncher.BootstrapLaunchConsumer.accept(BootstrapLaunchConsumer.java:23) ~[modlauncher-10.0.9.jar:?]
	at cpw.mods.bootstraplauncher.BootstrapLauncher.main(BootstrapLauncher.java:141) ~[bootstraplauncher-1.1.2.jar:?]
[144月2025 01:12:09.597] [Render thread/WARN] [net.minecraft.client.renderer.GameRenderer/]: Failed to load shader: minecraft:shaders/post/defile.json
java.io.FileNotFoundException: minecraft:shaders/post/defile.json
	at net.minecraft.server.packs.resources.ResourceProvider.lambda$getResourceOrThrow$0(ResourceProvider.java:21) ~[forge-1.20.1-47.4.0_mapped_official_1.20.1.jar:?]
	at java.util.Optional.orElseThrow(Optional.java:403) ~[?:?]
	at net.minecraft.server.packs.resources.ResourceProvider.getResourceOrThrow(ResourceProvider.java:21) ~[forge-1.20.1-47.4.0_mapped_official_1.20.1.jar:?]
	at net.minecraft.client.renderer.PostChain.load(PostChain.java:58) ~[forge-1.20.1-47.4.0_mapped_official_1.20.1.jar:?]
	at net.minecraft.client.renderer.PostChain.<init>(PostChain.java:54) ~[forge-1.20.1-47.4.0_mapped_official_1.20.1.jar:?]
	at net.minecraft.client.renderer.GameRenderer.loadEffect(GameRenderer.java:341) ~[forge-1.20.1-47.4.0_mapped_official_1.20.1.jar:?]
	at net.minecraftforge.event.ForgeEventFactory.handler$zzh000$onRenderTickEnd(ForgeEventFactory.java:1274) ~[forge-1.20.1-47.4.0_mapped_official_1.20.1.jar:?]
	at net.minecraftforge.event.ForgeEventFactory.onRenderTickEnd(ForgeEventFactory.java) ~[forge-1.20.1-47.4.0_mapped_official_1.20.1.jar:?]
	at net.minecraft.client.Minecraft.runTick(Minecraft.java:1148) ~[forge-1.20.1-47.4.0_mapped_official_1.20.1.jar:?]
	at net.minecraft.client.Minecraft.run(Minecraft.java:718) ~[forge-1.20.1-47.4.0_mapped_official_1.20.1.jar:?]
	at net.minecraft.client.main.Main.main(Main.java:218) ~[forge-1.20.1-47.4.0_mapped_official_1.20.1.jar:?]
	at jdk.internal.reflect.NativeMethodAccessorImpl.invoke0(Native Method) ~[?:?]
	at jdk.internal.reflect.NativeMethodAccessorImpl.invoke(NativeMethodAccessorImpl.java:77) ~[?:?]
	at jdk.internal.reflect.DelegatingMethodAccessorImpl.invoke(DelegatingMethodAccessorImpl.java:43) ~[?:?]
	at java.lang.reflect.Method.invoke(Method.java:568) ~[?:?]
	at net.minecraftforge.fml.loading.targets.CommonLaunchHandler.runTarget(CommonLaunchHandler.java:111) ~[fmlloader-1.20.1-47.4.0.jar:?]
	at net.minecraftforge.fml.loading.targets.CommonLaunchHandler.clientService(CommonLaunchHandler.java:99) ~[fmlloader-1.20.1-47.4.0.jar:?]
	at net.minecraftforge.fml.loading.targets.ForgeClientUserdevLaunchHandler.devService(ForgeClientUserdevLaunchHandler.java:19) ~[fmlloader-1.20.1-47.4.0.jar:?]
	at net.minecraftforge.fml.loading.targets.CommonDevLaunchHandler.lambda$makeService$7(CommonDevLaunchHandler.java:135) ~[fmlloader-1.20.1-47.4.0.jar:?]
	at cpw.mods.modlauncher.LaunchServiceHandlerDecorator.launch(LaunchServiceHandlerDecorator.java:30) ~[modlauncher-10.0.9.jar:?]
	at cpw.mods.modlauncher.LaunchServiceHandler.launch(LaunchServiceHandler.java:53) ~[modlauncher-10.0.9.jar:?]
	at cpw.mods.modlauncher.LaunchServiceHandler.launch(LaunchServiceHandler.java:71) ~[modlauncher-10.0.9.jar:?]
	at cpw.mods.modlauncher.Launcher.run(Launcher.java:108) ~[modlauncher-10.0.9.jar:?]
	at cpw.mods.modlauncher.Launcher.main(Launcher.java:78) ~[modlauncher-10.0.9.jar:?]
	at cpw.mods.modlauncher.BootstrapLaunchConsumer.accept(BootstrapLaunchConsumer.java:26) ~[modlauncher-10.0.9.jar:?]
	at cpw.mods.modlauncher.BootstrapLaunchConsumer.accept(BootstrapLaunchConsumer.java:23) ~[modlauncher-10.0.9.jar:?]
	at cpw.mods.bootstraplauncher.BootstrapLauncher.main(BootstrapLauncher.java:141) ~[bootstraplauncher-1.1.2.jar:?]
[144月2025 01:12:09.623] [Render thread/WARN] [net.minecraft.client.renderer.GameRenderer/]: Failed to load shader: minecraft:shaders/post/defile.json
java.io.FileNotFoundException: minecraft:shaders/post/defile.json
	at net.minecraft.server.packs.resources.ResourceProvider.lambda$getResourceOrThrow$0(ResourceProvider.java:21) ~[forge-1.20.1-47.4.0_mapped_official_1.20.1.jar:?]
	at java.util.Optional.orElseThrow(Optional.java:403) ~[?:?]
	at net.minecraft.server.packs.resources.ResourceProvider.getResourceOrThrow(ResourceProvider.java:21) ~[forge-1.20.1-47.4.0_mapped_official_1.20.1.jar:?]
	at net.minecraft.client.renderer.PostChain.load(PostChain.java:58) ~[forge-1.20.1-47.4.0_mapped_official_1.20.1.jar:?]
	at net.minecraft.client.renderer.PostChain.<init>(PostChain.java:54) ~[forge-1.20.1-47.4.0_mapped_official_1.20.1.jar:?]
	at net.minecraft.client.renderer.GameRenderer.loadEffect(GameRenderer.java:341) ~[forge-1.20.1-47.4.0_mapped_official_1.20.1.jar:?]
	at net.minecraftforge.event.ForgeEventFactory.handler$zzh000$onRenderTickEnd(ForgeEventFactory.java:1274) ~[forge-1.20.1-47.4.0_mapped_official_1.20.1.jar:?]
	at net.minecraftforge.event.ForgeEventFactory.onRenderTickEnd(ForgeEventFactory.java) ~[forge-1.20.1-47.4.0_mapped_official_1.20.1.jar:?]
	at net.minecraft.client.Minecraft.runTick(Minecraft.java:1148) ~[forge-1.20.1-47.4.0_mapped_official_1.20.1.jar:?]
	at net.minecraft.client.Minecraft.run(Minecraft.java:718) ~[forge-1.20.1-47.4.0_mapped_official_1.20.1.jar:?]
	at net.minecraft.client.main.Main.main(Main.java:218) ~[forge-1.20.1-47.4.0_mapped_official_1.20.1.jar:?]
	at jdk.internal.reflect.NativeMethodAccessorImpl.invoke0(Native Method) ~[?:?]
	at jdk.internal.reflect.NativeMethodAccessorImpl.invoke(NativeMethodAccessorImpl.java:77) ~[?:?]
	at jdk.internal.reflect.DelegatingMethodAccessorImpl.invoke(DelegatingMethodAccessorImpl.java:43) ~[?:?]
	at java.lang.reflect.Method.invoke(Method.java:568) ~[?:?]
	at net.minecraftforge.fml.loading.targets.CommonLaunchHandler.runTarget(CommonLaunchHandler.java:111) ~[fmlloader-1.20.1-47.4.0.jar:?]
	at net.minecraftforge.fml.loading.targets.CommonLaunchHandler.clientService(CommonLaunchHandler.java:99) ~[fmlloader-1.20.1-47.4.0.jar:?]
	at net.minecraftforge.fml.loading.targets.ForgeClientUserdevLaunchHandler.devService(ForgeClientUserdevLaunchHandler.java:19) ~[fmlloader-1.20.1-47.4.0.jar:?]
	at net.minecraftforge.fml.loading.targets.CommonDevLaunchHandler.lambda$makeService$7(CommonDevLaunchHandler.java:135) ~[fmlloader-1.20.1-47.4.0.jar:?]
	at cpw.mods.modlauncher.LaunchServiceHandlerDecorator.launch(LaunchServiceHandlerDecorator.java:30) ~[modlauncher-10.0.9.jar:?]
	at cpw.mods.modlauncher.LaunchServiceHandler.launch(LaunchServiceHandler.java:53) ~[modlauncher-10.0.9.jar:?]
	at cpw.mods.modlauncher.LaunchServiceHandler.launch(LaunchServiceHandler.java:71) ~[modlauncher-10.0.9.jar:?]
	at cpw.mods.modlauncher.Launcher.run(Launcher.java:108) ~[modlauncher-10.0.9.jar:?]
	at cpw.mods.modlauncher.Launcher.main(Launcher.java:78) ~[modlauncher-10.0.9.jar:?]
	at cpw.mods.modlauncher.BootstrapLaunchConsumer.accept(BootstrapLaunchConsumer.java:26) ~[modlauncher-10.0.9.jar:?]
	at cpw.mods.modlauncher.BootstrapLaunchConsumer.accept(BootstrapLaunchConsumer.java:23) ~[modlauncher-10.0.9.jar:?]
	at cpw.mods.bootstraplauncher.BootstrapLauncher.main(BootstrapLauncher.java:141) ~[bootstraplauncher-1.1.2.jar:?]
[144月2025 01:12:09.637] [Render thread/WARN] [net.minecraft.client.renderer.GameRenderer/]: Failed to load shader: minecraft:shaders/post/defile.json
java.io.FileNotFoundException: minecraft:shaders/post/defile.json
	at net.minecraft.server.packs.resources.ResourceProvider.lambda$getResourceOrThrow$0(ResourceProvider.java:21) ~[forge-1.20.1-47.4.0_mapped_official_1.20.1.jar:?]
	at java.util.Optional.orElseThrow(Optional.java:403) ~[?:?]
	at net.minecraft.server.packs.resources.ResourceProvider.getResourceOrThrow(ResourceProvider.java:21) ~[forge-1.20.1-47.4.0_mapped_official_1.20.1.jar:?]
	at net.minecraft.client.renderer.PostChain.load(PostChain.java:58) ~[forge-1.20.1-47.4.0_mapped_official_1.20.1.jar:?]
	at net.minecraft.client.renderer.PostChain.<init>(PostChain.java:54) ~[forge-1.20.1-47.4.0_mapped_official_1.20.1.jar:?]
	at net.minecraft.client.renderer.GameRenderer.loadEffect(GameRenderer.java:341) ~[forge-1.20.1-47.4.0_mapped_official_1.20.1.jar:?]
	at net.minecraftforge.event.ForgeEventFactory.handler$zzh000$onRenderTickEnd(ForgeEventFactory.java:1274) ~[forge-1.20.1-47.4.0_mapped_official_1.20.1.jar:?]
	at net.minecraftforge.event.ForgeEventFactory.onRenderTickEnd(ForgeEventFactory.java) ~[forge-1.20.1-47.4.0_mapped_official_1.20.1.jar:?]
	at net.minecraft.client.Minecraft.runTick(Minecraft.java:1148) ~[forge-1.20.1-47.4.0_mapped_official_1.20.1.jar:?]
	at net.minecraft.client.Minecraft.run(Minecraft.java:718) ~[forge-1.20.1-47.4.0_mapped_official_1.20.1.jar:?]
	at net.minecraft.client.main.Main.main(Main.java:218) ~[forge-1.20.1-47.4.0_mapped_official_1.20.1.jar:?]
	at jdk.internal.reflect.NativeMethodAccessorImpl.invoke0(Native Method) ~[?:?]
	at jdk.internal.reflect.NativeMethodAccessorImpl.invoke(NativeMethodAccessorImpl.java:77) ~[?:?]
	at jdk.internal.reflect.DelegatingMethodAccessorImpl.invoke(DelegatingMethodAccessorImpl.java:43) ~[?:?]
	at java.lang.reflect.Method.invoke(Method.java:568) ~[?:?]
	at net.minecraftforge.fml.loading.targets.CommonLaunchHandler.runTarget(CommonLaunchHandler.java:111) ~[fmlloader-1.20.1-47.4.0.jar:?]
	at net.minecraftforge.fml.loading.targets.CommonLaunchHandler.clientService(CommonLaunchHandler.java:99) ~[fmlloader-1.20.1-47.4.0.jar:?]
	at net.minecraftforge.fml.loading.targets.ForgeClientUserdevLaunchHandler.devService(ForgeClientUserdevLaunchHandler.java:19) ~[fmlloader-1.20.1-47.4.0.jar:?]
	at net.minecraftforge.fml.loading.targets.CommonDevLaunchHandler.lambda$makeService$7(CommonDevLaunchHandler.java:135) ~[fmlloader-1.20.1-47.4.0.jar:?]
	at cpw.mods.modlauncher.LaunchServiceHandlerDecorator.launch(LaunchServiceHandlerDecorator.java:30) ~[modlauncher-10.0.9.jar:?]
	at cpw.mods.modlauncher.LaunchServiceHandler.launch(LaunchServiceHandler.java:53) ~[modlauncher-10.0.9.jar:?]
	at cpw.mods.modlauncher.LaunchServiceHandler.launch(LaunchServiceHandler.java:71) ~[modlauncher-10.0.9.jar:?]
	at cpw.mods.modlauncher.Launcher.run(Launcher.java:108) ~[modlauncher-10.0.9.jar:?]
	at cpw.mods.modlauncher.Launcher.main(Launcher.java:78) ~[modlauncher-10.0.9.jar:?]
	at cpw.mods.modlauncher.BootstrapLaunchConsumer.accept(BootstrapLaunchConsumer.java:26) ~[modlauncher-10.0.9.jar:?]
	at cpw.mods.modlauncher.BootstrapLaunchConsumer.accept(BootstrapLaunchConsumer.java:23) ~[modlauncher-10.0.9.jar:?]
	at cpw.mods.bootstraplauncher.BootstrapLauncher.main(BootstrapLauncher.java:141) ~[bootstraplauncher-1.1.2.jar:?]
[144月2025 01:12:09.652] [Render thread/WARN] [net.minecraft.client.renderer.GameRenderer/]: Failed to load shader: minecraft:shaders/post/defile.json
java.io.FileNotFoundException: minecraft:shaders/post/defile.json
	at net.minecraft.server.packs.resources.ResourceProvider.lambda$getResourceOrThrow$0(ResourceProvider.java:21) ~[forge-1.20.1-47.4.0_mapped_official_1.20.1.jar:?]
	at java.util.Optional.orElseThrow(Optional.java:403) ~[?:?]
	at net.minecraft.server.packs.resources.ResourceProvider.getResourceOrThrow(ResourceProvider.java:21) ~[forge-1.20.1-47.4.0_mapped_official_1.20.1.jar:?]
	at net.minecraft.client.renderer.PostChain.load(PostChain.java:58) ~[forge-1.20.1-47.4.0_mapped_official_1.20.1.jar:?]
	at net.minecraft.client.renderer.PostChain.<init>(PostChain.java:54) ~[forge-1.20.1-47.4.0_mapped_official_1.20.1.jar:?]
	at net.minecraft.client.renderer.GameRenderer.loadEffect(GameRenderer.java:341) ~[forge-1.20.1-47.4.0_mapped_official_1.20.1.jar:?]
	at net.minecraftforge.event.ForgeEventFactory.handler$zzh000$onRenderTickEnd(ForgeEventFactory.java:1274) ~[forge-1.20.1-47.4.0_mapped_official_1.20.1.jar:?]
	at net.minecraftforge.event.ForgeEventFactory.onRenderTickEnd(ForgeEventFactory.java) ~[forge-1.20.1-47.4.0_mapped_official_1.20.1.jar:?]
	at net.minecraft.client.Minecraft.runTick(Minecraft.java:1148) ~[forge-1.20.1-47.4.0_mapped_official_1.20.1.jar:?]
	at net.minecraft.client.Minecraft.run(Minecraft.java:718) ~[forge-1.20.1-47.4.0_mapped_official_1.20.1.jar:?]
	at net.minecraft.client.main.Main.main(Main.java:218) ~[forge-1.20.1-47.4.0_mapped_official_1.20.1.jar:?]
	at jdk.internal.reflect.NativeMethodAccessorImpl.invoke0(Native Method) ~[?:?]
	at jdk.internal.reflect.NativeMethodAccessorImpl.invoke(NativeMethodAccessorImpl.java:77) ~[?:?]
	at jdk.internal.reflect.DelegatingMethodAccessorImpl.invoke(DelegatingMethodAccessorImpl.java:43) ~[?:?]
	at java.lang.reflect.Method.invoke(Method.java:568) ~[?:?]
	at net.minecraftforge.fml.loading.targets.CommonLaunchHandler.runTarget(CommonLaunchHandler.java:111) ~[fmlloader-1.20.1-47.4.0.jar:?]
	at net.minecraftforge.fml.loading.targets.CommonLaunchHandler.clientService(CommonLaunchHandler.java:99) ~[fmlloader-1.20.1-47.4.0.jar:?]
	at net.minecraftforge.fml.loading.targets.ForgeClientUserdevLaunchHandler.devService(ForgeClientUserdevLaunchHandler.java:19) ~[fmlloader-1.20.1-47.4.0.jar:?]
	at net.minecraftforge.fml.loading.targets.CommonDevLaunchHandler.lambda$makeService$7(CommonDevLaunchHandler.java:135) ~[fmlloader-1.20.1-47.4.0.jar:?]
	at cpw.mods.modlauncher.LaunchServiceHandlerDecorator.launch(LaunchServiceHandlerDecorator.java:30) ~[modlauncher-10.0.9.jar:?]
	at cpw.mods.modlauncher.LaunchServiceHandler.launch(LaunchServiceHandler.java:53) ~[modlauncher-10.0.9.jar:?]
	at cpw.mods.modlauncher.LaunchServiceHandler.launch(LaunchServiceHandler.java:71) ~[modlauncher-10.0.9.jar:?]
	at cpw.mods.modlauncher.Launcher.run(Launcher.java:108) ~[modlauncher-10.0.9.jar:?]
	at cpw.mods.modlauncher.Launcher.main(Launcher.java:78) ~[modlauncher-10.0.9.jar:?]
	at cpw.mods.modlauncher.BootstrapLaunchConsumer.accept(BootstrapLaunchConsumer.java:26) ~[modlauncher-10.0.9.jar:?]
	at cpw.mods.modlauncher.BootstrapLaunchConsumer.accept(BootstrapLaunchConsumer.java:23) ~[modlauncher-10.0.9.jar:?]
	at cpw.mods.bootstraplauncher.BootstrapLauncher.main(BootstrapLauncher.java:141) ~[bootstraplauncher-1.1.2.jar:?]
[144月2025 01:12:09.667] [Render thread/WARN] [net.minecraft.client.renderer.GameRenderer/]: Failed to load shader: minecraft:shaders/post/defile.json
java.io.FileNotFoundException: minecraft:shaders/post/defile.json
	at net.minecraft.server.packs.resources.ResourceProvider.lambda$getResourceOrThrow$0(ResourceProvider.java:21) ~[forge-1.20.1-47.4.0_mapped_official_1.20.1.jar:?]
	at java.util.Optional.orElseThrow(Optional.java:403) ~[?:?]
	at net.minecraft.server.packs.resources.ResourceProvider.getResourceOrThrow(ResourceProvider.java:21) ~[forge-1.20.1-47.4.0_mapped_official_1.20.1.jar:?]
	at net.minecraft.client.renderer.PostChain.load(PostChain.java:58) ~[forge-1.20.1-47.4.0_mapped_official_1.20.1.jar:?]
	at net.minecraft.client.renderer.PostChain.<init>(PostChain.java:54) ~[forge-1.20.1-47.4.0_mapped_official_1.20.1.jar:?]
	at net.minecraft.client.renderer.GameRenderer.loadEffect(GameRenderer.java:341) ~[forge-1.20.1-47.4.0_mapped_official_1.20.1.jar:?]
	at net.minecraftforge.event.ForgeEventFactory.handler$zzh000$onRenderTickEnd(ForgeEventFactory.java:1274) ~[forge-1.20.1-47.4.0_mapped_official_1.20.1.jar:?]
	at net.minecraftforge.event.ForgeEventFactory.onRenderTickEnd(ForgeEventFactory.java) ~[forge-1.20.1-47.4.0_mapped_official_1.20.1.jar:?]
	at net.minecraft.client.Minecraft.runTick(Minecraft.java:1148) ~[forge-1.20.1-47.4.0_mapped_official_1.20.1.jar:?]
	at net.minecraft.client.Minecraft.run(Minecraft.java:718) ~[forge-1.20.1-47.4.0_mapped_official_1.20.1.jar:?]
	at net.minecraft.client.main.Main.main(Main.java:218) ~[forge-1.20.1-47.4.0_mapped_official_1.20.1.jar:?]
	at jdk.internal.reflect.NativeMethodAccessorImpl.invoke0(Native Method) ~[?:?]
	at jdk.internal.reflect.NativeMethodAccessorImpl.invoke(NativeMethodAccessorImpl.java:77) ~[?:?]
	at jdk.internal.reflect.DelegatingMethodAccessorImpl.invoke(DelegatingMethodAccessorImpl.java:43) ~[?:?]
	at java.lang.reflect.Method.invoke(Method.java:568) ~[?:?]
	at net.minecraftforge.fml.loading.targets.CommonLaunchHandler.runTarget(CommonLaunchHandler.java:111) ~[fmlloader-1.20.1-47.4.0.jar:?]
	at net.minecraftforge.fml.loading.targets.CommonLaunchHandler.clientService(CommonLaunchHandler.java:99) ~[fmlloader-1.20.1-47.4.0.jar:?]
	at net.minecraftforge.fml.loading.targets.ForgeClientUserdevLaunchHandler.devService(ForgeClientUserdevLaunchHandler.java:19) ~[fmlloader-1.20.1-47.4.0.jar:?]
	at net.minecraftforge.fml.loading.targets.CommonDevLaunchHandler.lambda$makeService$7(CommonDevLaunchHandler.java:135) ~[fmlloader-1.20.1-47.4.0.jar:?]
	at cpw.mods.modlauncher.LaunchServiceHandlerDecorator.launch(LaunchServiceHandlerDecorator.java:30) ~[modlauncher-10.0.9.jar:?]
	at cpw.mods.modlauncher.LaunchServiceHandler.launch(LaunchServiceHandler.java:53) ~[modlauncher-10.0.9.jar:?]
	at cpw.mods.modlauncher.LaunchServiceHandler.launch(LaunchServiceHandler.java:71) ~[modlauncher-10.0.9.jar:?]
	at cpw.mods.modlauncher.Launcher.run(Launcher.java:108) ~[modlauncher-10.0.9.jar:?]
	at cpw.mods.modlauncher.Launcher.main(Launcher.java:78) ~[modlauncher-10.0.9.jar:?]
	at cpw.mods.modlauncher.BootstrapLaunchConsumer.accept(BootstrapLaunchConsumer.java:26) ~[modlauncher-10.0.9.jar:?]
	at cpw.mods.modlauncher.BootstrapLaunchConsumer.accept(BootstrapLaunchConsumer.java:23) ~[modlauncher-10.0.9.jar:?]
	at cpw.mods.bootstraplauncher.BootstrapLauncher.main(BootstrapLauncher.java:141) ~[bootstraplauncher-1.1.2.jar:?]
[144月2025 01:12:09.683] [Render thread/WARN] [net.minecraft.client.renderer.GameRenderer/]: Failed to load shader: minecraft:shaders/post/defile.json
java.io.FileNotFoundException: minecraft:shaders/post/defile.json
	at net.minecraft.server.packs.resources.ResourceProvider.lambda$getResourceOrThrow$0(ResourceProvider.java:21) ~[forge-1.20.1-47.4.0_mapped_official_1.20.1.jar:?]
	at java.util.Optional.orElseThrow(Optional.java:403) ~[?:?]
	at net.minecraft.server.packs.resources.ResourceProvider.getResourceOrThrow(ResourceProvider.java:21) ~[forge-1.20.1-47.4.0_mapped_official_1.20.1.jar:?]
	at net.minecraft.client.renderer.PostChain.load(PostChain.java:58) ~[forge-1.20.1-47.4.0_mapped_official_1.20.1.jar:?]
	at net.minecraft.client.renderer.PostChain.<init>(PostChain.java:54) ~[forge-1.20.1-47.4.0_mapped_official_1.20.1.jar:?]
	at net.minecraft.client.renderer.GameRenderer.loadEffect(GameRenderer.java:341) ~[forge-1.20.1-47.4.0_mapped_official_1.20.1.jar:?]
	at net.minecraftforge.event.ForgeEventFactory.handler$zzh000$onRenderTickEnd(ForgeEventFactory.java:1274) ~[forge-1.20.1-47.4.0_mapped_official_1.20.1.jar:?]
	at net.minecraftforge.event.ForgeEventFactory.onRenderTickEnd(ForgeEventFactory.java) ~[forge-1.20.1-47.4.0_mapped_official_1.20.1.jar:?]
	at net.minecraft.client.Minecraft.runTick(Minecraft.java:1148) ~[forge-1.20.1-47.4.0_mapped_official_1.20.1.jar:?]
	at net.minecraft.client.Minecraft.run(Minecraft.java:718) ~[forge-1.20.1-47.4.0_mapped_official_1.20.1.jar:?]
	at net.minecraft.client.main.Main.main(Main.java:218) ~[forge-1.20.1-47.4.0_mapped_official_1.20.1.jar:?]
	at jdk.internal.reflect.NativeMethodAccessorImpl.invoke0(Native Method) ~[?:?]
	at jdk.internal.reflect.NativeMethodAccessorImpl.invoke(NativeMethodAccessorImpl.java:77) ~[?:?]
	at jdk.internal.reflect.DelegatingMethodAccessorImpl.invoke(DelegatingMethodAccessorImpl.java:43) ~[?:?]
	at java.lang.reflect.Method.invoke(Method.java:568) ~[?:?]
	at net.minecraftforge.fml.loading.targets.CommonLaunchHandler.runTarget(CommonLaunchHandler.java:111) ~[fmlloader-1.20.1-47.4.0.jar:?]
	at net.minecraftforge.fml.loading.targets.CommonLaunchHandler.clientService(CommonLaunchHandler.java:99) ~[fmlloader-1.20.1-47.4.0.jar:?]
	at net.minecraftforge.fml.loading.targets.ForgeClientUserdevLaunchHandler.devService(ForgeClientUserdevLaunchHandler.java:19) ~[fmlloader-1.20.1-47.4.0.jar:?]
	at net.minecraftforge.fml.loading.targets.CommonDevLaunchHandler.lambda$makeService$7(CommonDevLaunchHandler.java:135) ~[fmlloader-1.20.1-47.4.0.jar:?]
	at cpw.mods.modlauncher.LaunchServiceHandlerDecorator.launch(LaunchServiceHandlerDecorator.java:30) ~[modlauncher-10.0.9.jar:?]
	at cpw.mods.modlauncher.LaunchServiceHandler.launch(LaunchServiceHandler.java:53) ~[modlauncher-10.0.9.jar:?]
	at cpw.mods.modlauncher.LaunchServiceHandler.launch(LaunchServiceHandler.java:71) ~[modlauncher-10.0.9.jar:?]
	at cpw.mods.modlauncher.Launcher.run(Launcher.java:108) ~[modlauncher-10.0.9.jar:?]
	at cpw.mods.modlauncher.Launcher.main(Launcher.java:78) ~[modlauncher-10.0.9.jar:?]
	at cpw.mods.modlauncher.BootstrapLaunchConsumer.accept(BootstrapLaunchConsumer.java:26) ~[modlauncher-10.0.9.jar:?]
	at cpw.mods.modlauncher.BootstrapLaunchConsumer.accept(BootstrapLaunchConsumer.java:23) ~[modlauncher-10.0.9.jar:?]
	at cpw.mods.bootstraplauncher.BootstrapLauncher.main(BootstrapLauncher.java:141) ~[bootstraplauncher-1.1.2.jar:?]
[144月2025 01:12:09.700] [Render thread/WARN] [net.minecraft.client.renderer.GameRenderer/]: Failed to load shader: minecraft:shaders/post/defile.json
java.io.FileNotFoundException: minecraft:shaders/post/defile.json
	at net.minecraft.server.packs.resources.ResourceProvider.lambda$getResourceOrThrow$0(ResourceProvider.java:21) ~[forge-1.20.1-47.4.0_mapped_official_1.20.1.jar:?]
	at java.util.Optional.orElseThrow(Optional.java:403) ~[?:?]
	at net.minecraft.server.packs.resources.ResourceProvider.getResourceOrThrow(ResourceProvider.java:21) ~[forge-1.20.1-47.4.0_mapped_official_1.20.1.jar:?]
	at net.minecraft.client.renderer.PostChain.load(PostChain.java:58) ~[forge-1.20.1-47.4.0_mapped_official_1.20.1.jar:?]
	at net.minecraft.client.renderer.PostChain.<init>(PostChain.java:54) ~[forge-1.20.1-47.4.0_mapped_official_1.20.1.jar:?]
	at net.minecraft.client.renderer.GameRenderer.loadEffect(GameRenderer.java:341) ~[forge-1.20.1-47.4.0_mapped_official_1.20.1.jar:?]
	at net.minecraftforge.event.ForgeEventFactory.handler$zzh000$onRenderTickEnd(ForgeEventFactory.java:1274) ~[forge-1.20.1-47.4.0_mapped_official_1.20.1.jar:?]
	at net.minecraftforge.event.ForgeEventFactory.onRenderTickEnd(ForgeEventFactory.java) ~[forge-1.20.1-47.4.0_mapped_official_1.20.1.jar:?]
	at net.minecraft.client.Minecraft.runTick(Minecraft.java:1148) ~[forge-1.20.1-47.4.0_mapped_official_1.20.1.jar:?]
	at net.minecraft.client.Minecraft.run(Minecraft.java:718) ~[forge-1.20.1-47.4.0_mapped_official_1.20.1.jar:?]
	at net.minecraft.client.main.Main.main(Main.java:218) ~[forge-1.20.1-47.4.0_mapped_official_1.20.1.jar:?]
	at jdk.internal.reflect.NativeMethodAccessorImpl.invoke0(Native Method) ~[?:?]
	at jdk.internal.reflect.NativeMethodAccessorImpl.invoke(NativeMethodAccessorImpl.java:77) ~[?:?]
	at jdk.internal.reflect.DelegatingMethodAccessorImpl.invoke(DelegatingMethodAccessorImpl.java:43) ~[?:?]
	at java.lang.reflect.Method.invoke(Method.java:568) ~[?:?]
	at net.minecraftforge.fml.loading.targets.CommonLaunchHandler.runTarget(CommonLaunchHandler.java:111) ~[fmlloader-1.20.1-47.4.0.jar:?]
	at net.minecraftforge.fml.loading.targets.CommonLaunchHandler.clientService(CommonLaunchHandler.java:99) ~[fmlloader-1.20.1-47.4.0.jar:?]
	at net.minecraftforge.fml.loading.targets.ForgeClientUserdevLaunchHandler.devService(ForgeClientUserdevLaunchHandler.java:19) ~[fmlloader-1.20.1-47.4.0.jar:?]
	at net.minecraftforge.fml.loading.targets.CommonDevLaunchHandler.lambda$makeService$7(CommonDevLaunchHandler.java:135) ~[fmlloader-1.20.1-47.4.0.jar:?]
	at cpw.mods.modlauncher.LaunchServiceHandlerDecorator.launch(LaunchServiceHandlerDecorator.java:30) ~[modlauncher-10.0.9.jar:?]
	at cpw.mods.modlauncher.LaunchServiceHandler.launch(LaunchServiceHandler.java:53) ~[modlauncher-10.0.9.jar:?]
	at cpw.mods.modlauncher.LaunchServiceHandler.launch(LaunchServiceHandler.java:71) ~[modlauncher-10.0.9.jar:?]
	at cpw.mods.modlauncher.Launcher.run(Launcher.java:108) ~[modlauncher-10.0.9.jar:?]
	at cpw.mods.modlauncher.Launcher.main(Launcher.java:78) ~[modlauncher-10.0.9.jar:?]
	at cpw.mods.modlauncher.BootstrapLaunchConsumer.accept(BootstrapLaunchConsumer.java:26) ~[modlauncher-10.0.9.jar:?]
	at cpw.mods.modlauncher.BootstrapLaunchConsumer.accept(BootstrapLaunchConsumer.java:23) ~[modlauncher-10.0.9.jar:?]
	at cpw.mods.bootstraplauncher.BootstrapLauncher.main(BootstrapLauncher.java:141) ~[bootstraplauncher-1.1.2.jar:?]
[144月2025 01:12:09.718] [Render thread/WARN] [net.minecraft.client.renderer.GameRenderer/]: Failed to load shader: minecraft:shaders/post/defile.json
java.io.FileNotFoundException: minecraft:shaders/post/defile.json
	at net.minecraft.server.packs.resources.ResourceProvider.lambda$getResourceOrThrow$0(ResourceProvider.java:21) ~[forge-1.20.1-47.4.0_mapped_official_1.20.1.jar:?]
	at java.util.Optional.orElseThrow(Optional.java:403) ~[?:?]
	at net.minecraft.server.packs.resources.ResourceProvider.getResourceOrThrow(ResourceProvider.java:21) ~[forge-1.20.1-47.4.0_mapped_official_1.20.1.jar:?]
	at net.minecraft.client.renderer.PostChain.load(PostChain.java:58) ~[forge-1.20.1-47.4.0_mapped_official_1.20.1.jar:?]
	at net.minecraft.client.renderer.PostChain.<init>(PostChain.java:54) ~[forge-1.20.1-47.4.0_mapped_official_1.20.1.jar:?]
	at net.minecraft.client.renderer.GameRenderer.loadEffect(GameRenderer.java:341) ~[forge-1.20.1-47.4.0_mapped_official_1.20.1.jar:?]
	at net.minecraftforge.event.ForgeEventFactory.handler$zzh000$onRenderTickEnd(ForgeEventFactory.java:1274) ~[forge-1.20.1-47.4.0_mapped_official_1.20.1.jar:?]
	at net.minecraftforge.event.ForgeEventFactory.onRenderTickEnd(ForgeEventFactory.java) ~[forge-1.20.1-47.4.0_mapped_official_1.20.1.jar:?]
	at net.minecraft.client.Minecraft.runTick(Minecraft.java:1148) ~[forge-1.20.1-47.4.0_mapped_official_1.20.1.jar:?]
	at net.minecraft.client.Minecraft.run(Minecraft.java:718) ~[forge-1.20.1-47.4.0_mapped_official_1.20.1.jar:?]
	at net.minecraft.client.main.Main.main(Main.java:218) ~[forge-1.20.1-47.4.0_mapped_official_1.20.1.jar:?]
	at jdk.internal.reflect.NativeMethodAccessorImpl.invoke0(Native Method) ~[?:?]
	at jdk.internal.reflect.NativeMethodAccessorImpl.invoke(NativeMethodAccessorImpl.java:77) ~[?:?]
	at jdk.internal.reflect.DelegatingMethodAccessorImpl.invoke(DelegatingMethodAccessorImpl.java:43) ~[?:?]
	at java.lang.reflect.Method.invoke(Method.java:568) ~[?:?]
	at net.minecraftforge.fml.loading.targets.CommonLaunchHandler.runTarget(CommonLaunchHandler.java:111) ~[fmlloader-1.20.1-47.4.0.jar:?]
	at net.minecraftforge.fml.loading.targets.CommonLaunchHandler.clientService(CommonLaunchHandler.java:99) ~[fmlloader-1.20.1-47.4.0.jar:?]
	at net.minecraftforge.fml.loading.targets.ForgeClientUserdevLaunchHandler.devService(ForgeClientUserdevLaunchHandler.java:19) ~[fmlloader-1.20.1-47.4.0.jar:?]
	at net.minecraftforge.fml.loading.targets.CommonDevLaunchHandler.lambda$makeService$7(CommonDevLaunchHandler.java:135) ~[fmlloader-1.20.1-47.4.0.jar:?]
	at cpw.mods.modlauncher.LaunchServiceHandlerDecorator.launch(LaunchServiceHandlerDecorator.java:30) ~[modlauncher-10.0.9.jar:?]
	at cpw.mods.modlauncher.LaunchServiceHandler.launch(LaunchServiceHandler.java:53) ~[modlauncher-10.0.9.jar:?]
	at cpw.mods.modlauncher.LaunchServiceHandler.launch(LaunchServiceHandler.java:71) ~[modlauncher-10.0.9.jar:?]
	at cpw.mods.modlauncher.Launcher.run(Launcher.java:108) ~[modlauncher-10.0.9.jar:?]
	at cpw.mods.modlauncher.Launcher.main(Launcher.java:78) ~[modlauncher-10.0.9.jar:?]
	at cpw.mods.modlauncher.BootstrapLaunchConsumer.accept(BootstrapLaunchConsumer.java:26) ~[modlauncher-10.0.9.jar:?]
	at cpw.mods.modlauncher.BootstrapLaunchConsumer.accept(BootstrapLaunchConsumer.java:23) ~[modlauncher-10.0.9.jar:?]
	at cpw.mods.bootstraplauncher.BootstrapLauncher.main(BootstrapLauncher.java:141) ~[bootstraplauncher-1.1.2.jar:?]
[144月2025 01:12:09.734] [Render thread/WARN] [net.minecraft.client.renderer.GameRenderer/]: Failed to load shader: minecraft:shaders/post/defile.json
java.io.FileNotFoundException: minecraft:shaders/post/defile.json
	at net.minecraft.server.packs.resources.ResourceProvider.lambda$getResourceOrThrow$0(ResourceProvider.java:21) ~[forge-1.20.1-47.4.0_mapped_official_1.20.1.jar:?]
	at java.util.Optional.orElseThrow(Optional.java:403) ~[?:?]
	at net.minecraft.server.packs.resources.ResourceProvider.getResourceOrThrow(ResourceProvider.java:21) ~[forge-1.20.1-47.4.0_mapped_official_1.20.1.jar:?]
	at net.minecraft.client.renderer.PostChain.load(PostChain.java:58) ~[forge-1.20.1-47.4.0_mapped_official_1.20.1.jar:?]
	at net.minecraft.client.renderer.PostChain.<init>(PostChain.java:54) ~[forge-1.20.1-47.4.0_mapped_official_1.20.1.jar:?]
	at net.minecraft.client.renderer.GameRenderer.loadEffect(GameRenderer.java:341) ~[forge-1.20.1-47.4.0_mapped_official_1.20.1.jar:?]
	at net.minecraftforge.event.ForgeEventFactory.handler$zzh000$onRenderTickEnd(ForgeEventFactory.java:1274) ~[forge-1.20.1-47.4.0_mapped_official_1.20.1.jar:?]
	at net.minecraftforge.event.ForgeEventFactory.onRenderTickEnd(ForgeEventFactory.java) ~[forge-1.20.1-47.4.0_mapped_official_1.20.1.jar:?]
	at net.minecraft.client.Minecraft.runTick(Minecraft.java:1148) ~[forge-1.20.1-47.4.0_mapped_official_1.20.1.jar:?]
	at net.minecraft.client.Minecraft.run(Minecraft.java:718) ~[forge-1.20.1-47.4.0_mapped_official_1.20.1.jar:?]
	at net.minecraft.client.main.Main.main(Main.java:218) ~[forge-1.20.1-47.4.0_mapped_official_1.20.1.jar:?]
	at jdk.internal.reflect.NativeMethodAccessorImpl.invoke0(Native Method) ~[?:?]
	at jdk.internal.reflect.NativeMethodAccessorImpl.invoke(NativeMethodAccessorImpl.java:77) ~[?:?]
	at jdk.internal.reflect.DelegatingMethodAccessorImpl.invoke(DelegatingMethodAccessorImpl.java:43) ~[?:?]
	at java.lang.reflect.Method.invoke(Method.java:568) ~[?:?]
	at net.minecraftforge.fml.loading.targets.CommonLaunchHandler.runTarget(CommonLaunchHandler.java:111) ~[fmlloader-1.20.1-47.4.0.jar:?]
	at net.minecraftforge.fml.loading.targets.CommonLaunchHandler.clientService(CommonLaunchHandler.java:99) ~[fmlloader-1.20.1-47.4.0.jar:?]
	at net.minecraftforge.fml.loading.targets.ForgeClientUserdevLaunchHandler.devService(ForgeClientUserdevLaunchHandler.java:19) ~[fmlloader-1.20.1-47.4.0.jar:?]
	at net.minecraftforge.fml.loading.targets.CommonDevLaunchHandler.lambda$makeService$7(CommonDevLaunchHandler.java:135) ~[fmlloader-1.20.1-47.4.0.jar:?]
	at cpw.mods.modlauncher.LaunchServiceHandlerDecorator.launch(LaunchServiceHandlerDecorator.java:30) ~[modlauncher-10.0.9.jar:?]
	at cpw.mods.modlauncher.LaunchServiceHandler.launch(LaunchServiceHandler.java:53) ~[modlauncher-10.0.9.jar:?]
	at cpw.mods.modlauncher.LaunchServiceHandler.launch(LaunchServiceHandler.java:71) ~[modlauncher-10.0.9.jar:?]
	at cpw.mods.modlauncher.Launcher.run(Launcher.java:108) ~[modlauncher-10.0.9.jar:?]
	at cpw.mods.modlauncher.Launcher.main(Launcher.java:78) ~[modlauncher-10.0.9.jar:?]
	at cpw.mods.modlauncher.BootstrapLaunchConsumer.accept(BootstrapLaunchConsumer.java:26) ~[modlauncher-10.0.9.jar:?]
	at cpw.mods.modlauncher.BootstrapLaunchConsumer.accept(BootstrapLaunchConsumer.java:23) ~[modlauncher-10.0.9.jar:?]
	at cpw.mods.bootstraplauncher.BootstrapLauncher.main(BootstrapLauncher.java:141) ~[bootstraplauncher-1.1.2.jar:?]
[144月2025 01:12:09.749] [Render thread/WARN] [net.minecraft.client.renderer.GameRenderer/]: Failed to load shader: minecraft:shaders/post/defile.json
java.io.FileNotFoundException: minecraft:shaders/post/defile.json
	at net.minecraft.server.packs.resources.ResourceProvider.lambda$getResourceOrThrow$0(ResourceProvider.java:21) ~[forge-1.20.1-47.4.0_mapped_official_1.20.1.jar:?]
	at java.util.Optional.orElseThrow(Optional.java:403) ~[?:?]
	at net.minecraft.server.packs.resources.ResourceProvider.getResourceOrThrow(ResourceProvider.java:21) ~[forge-1.20.1-47.4.0_mapped_official_1.20.1.jar:?]
	at net.minecraft.client.renderer.PostChain.load(PostChain.java:58) ~[forge-1.20.1-47.4.0_mapped_official_1.20.1.jar:?]
	at net.minecraft.client.renderer.PostChain.<init>(PostChain.java:54) ~[forge-1.20.1-47.4.0_mapped_official_1.20.1.jar:?]
	at net.minecraft.client.renderer.GameRenderer.loadEffect(GameRenderer.java:341) ~[forge-1.20.1-47.4.0_mapped_official_1.20.1.jar:?]
	at net.minecraftforge.event.ForgeEventFactory.handler$zzh000$onRenderTickEnd(ForgeEventFactory.java:1274) ~[forge-1.20.1-47.4.0_mapped_official_1.20.1.jar:?]
	at net.minecraftforge.event.ForgeEventFactory.onRenderTickEnd(ForgeEventFactory.java) ~[forge-1.20.1-47.4.0_mapped_official_1.20.1.jar:?]
	at net.minecraft.client.Minecraft.runTick(Minecraft.java:1148) ~[forge-1.20.1-47.4.0_mapped_official_1.20.1.jar:?]
	at net.minecraft.client.Minecraft.run(Minecraft.java:718) ~[forge-1.20.1-47.4.0_mapped_official_1.20.1.jar:?]
	at net.minecraft.client.main.Main.main(Main.java:218) ~[forge-1.20.1-47.4.0_mapped_official_1.20.1.jar:?]
	at jdk.internal.reflect.NativeMethodAccessorImpl.invoke0(Native Method) ~[?:?]
	at jdk.internal.reflect.NativeMethodAccessorImpl.invoke(NativeMethodAccessorImpl.java:77) ~[?:?]
	at jdk.internal.reflect.DelegatingMethodAccessorImpl.invoke(DelegatingMethodAccessorImpl.java:43) ~[?:?]
	at java.lang.reflect.Method.invoke(Method.java:568) ~[?:?]
	at net.minecraftforge.fml.loading.targets.CommonLaunchHandler.runTarget(CommonLaunchHandler.java:111) ~[fmlloader-1.20.1-47.4.0.jar:?]
	at net.minecraftforge.fml.loading.targets.CommonLaunchHandler.clientService(CommonLaunchHandler.java:99) ~[fmlloader-1.20.1-47.4.0.jar:?]
	at net.minecraftforge.fml.loading.targets.ForgeClientUserdevLaunchHandler.devService(ForgeClientUserdevLaunchHandler.java:19) ~[fmlloader-1.20.1-47.4.0.jar:?]
	at net.minecraftforge.fml.loading.targets.CommonDevLaunchHandler.lambda$makeService$7(CommonDevLaunchHandler.java:135) ~[fmlloader-1.20.1-47.4.0.jar:?]
	at cpw.mods.modlauncher.LaunchServiceHandlerDecorator.launch(LaunchServiceHandlerDecorator.java:30) ~[modlauncher-10.0.9.jar:?]
	at cpw.mods.modlauncher.LaunchServiceHandler.launch(LaunchServiceHandler.java:53) ~[modlauncher-10.0.9.jar:?]
	at cpw.mods.modlauncher.LaunchServiceHandler.launch(LaunchServiceHandler.java:71) ~[modlauncher-10.0.9.jar:?]
	at cpw.mods.modlauncher.Launcher.run(Launcher.java:108) ~[modlauncher-10.0.9.jar:?]
	at cpw.mods.modlauncher.Launcher.main(Launcher.java:78) ~[modlauncher-10.0.9.jar:?]
	at cpw.mods.modlauncher.BootstrapLaunchConsumer.accept(BootstrapLaunchConsumer.java:26) ~[modlauncher-10.0.9.jar:?]
	at cpw.mods.modlauncher.BootstrapLaunchConsumer.accept(BootstrapLaunchConsumer.java:23) ~[modlauncher-10.0.9.jar:?]
	at cpw.mods.bootstraplauncher.BootstrapLauncher.main(BootstrapLauncher.java:141) ~[bootstraplauncher-1.1.2.jar:?]
[144月2025 01:12:09.767] [Render thread/WARN] [net.minecraft.client.renderer.GameRenderer/]: Failed to load shader: minecraft:shaders/post/defile.json
java.io.FileNotFoundException: minecraft:shaders/post/defile.json
	at net.minecraft.server.packs.resources.ResourceProvider.lambda$getResourceOrThrow$0(ResourceProvider.java:21) ~[forge-1.20.1-47.4.0_mapped_official_1.20.1.jar:?]
	at java.util.Optional.orElseThrow(Optional.java:403) ~[?:?]
	at net.minecraft.server.packs.resources.ResourceProvider.getResourceOrThrow(ResourceProvider.java:21) ~[forge-1.20.1-47.4.0_mapped_official_1.20.1.jar:?]
	at net.minecraft.client.renderer.PostChain.load(PostChain.java:58) ~[forge-1.20.1-47.4.0_mapped_official_1.20.1.jar:?]
	at net.minecraft.client.renderer.PostChain.<init>(PostChain.java:54) ~[forge-1.20.1-47.4.0_mapped_official_1.20.1.jar:?]
	at net.minecraft.client.renderer.GameRenderer.loadEffect(GameRenderer.java:341) ~[forge-1.20.1-47.4.0_mapped_official_1.20.1.jar:?]
	at net.minecraftforge.event.ForgeEventFactory.handler$zzh000$onRenderTickEnd(ForgeEventFactory.java:1274) ~[forge-1.20.1-47.4.0_mapped_official_1.20.1.jar:?]
	at net.minecraftforge.event.ForgeEventFactory.onRenderTickEnd(ForgeEventFactory.java) ~[forge-1.20.1-47.4.0_mapped_official_1.20.1.jar:?]
	at net.minecraft.client.Minecraft.runTick(Minecraft.java:1148) ~[forge-1.20.1-47.4.0_mapped_official_1.20.1.jar:?]
	at net.minecraft.client.Minecraft.run(Minecraft.java:718) ~[forge-1.20.1-47.4.0_mapped_official_1.20.1.jar:?]
	at net.minecraft.client.main.Main.main(Main.java:218) ~[forge-1.20.1-47.4.0_mapped_official_1.20.1.jar:?]
	at jdk.internal.reflect.NativeMethodAccessorImpl.invoke0(Native Method) ~[?:?]
	at jdk.internal.reflect.NativeMethodAccessorImpl.invoke(NativeMethodAccessorImpl.java:77) ~[?:?]
	at jdk.internal.reflect.DelegatingMethodAccessorImpl.invoke(DelegatingMethodAccessorImpl.java:43) ~[?:?]
	at java.lang.reflect.Method.invoke(Method.java:568) ~[?:?]
	at net.minecraftforge.fml.loading.targets.CommonLaunchHandler.runTarget(CommonLaunchHandler.java:111) ~[fmlloader-1.20.1-47.4.0.jar:?]
	at net.minecraftforge.fml.loading.targets.CommonLaunchHandler.clientService(CommonLaunchHandler.java:99) ~[fmlloader-1.20.1-47.4.0.jar:?]
	at net.minecraftforge.fml.loading.targets.ForgeClientUserdevLaunchHandler.devService(ForgeClientUserdevLaunchHandler.java:19) ~[fmlloader-1.20.1-47.4.0.jar:?]
	at net.minecraftforge.fml.loading.targets.CommonDevLaunchHandler.lambda$makeService$7(CommonDevLaunchHandler.java:135) ~[fmlloader-1.20.1-47.4.0.jar:?]
	at cpw.mods.modlauncher.LaunchServiceHandlerDecorator.launch(LaunchServiceHandlerDecorator.java:30) ~[modlauncher-10.0.9.jar:?]
	at cpw.mods.modlauncher.LaunchServiceHandler.launch(LaunchServiceHandler.java:53) ~[modlauncher-10.0.9.jar:?]
	at cpw.mods.modlauncher.LaunchServiceHandler.launch(LaunchServiceHandler.java:71) ~[modlauncher-10.0.9.jar:?]
	at cpw.mods.modlauncher.Launcher.run(Launcher.java:108) ~[modlauncher-10.0.9.jar:?]
	at cpw.mods.modlauncher.Launcher.main(Launcher.java:78) ~[modlauncher-10.0.9.jar:?]
	at cpw.mods.modlauncher.BootstrapLaunchConsumer.accept(BootstrapLaunchConsumer.java:26) ~[modlauncher-10.0.9.jar:?]
	at cpw.mods.modlauncher.BootstrapLaunchConsumer.accept(BootstrapLaunchConsumer.java:23) ~[modlauncher-10.0.9.jar:?]
	at cpw.mods.bootstraplauncher.BootstrapLauncher.main(BootstrapLauncher.java:141) ~[bootstraplauncher-1.1.2.jar:?]
[144月2025 01:12:09.783] [Render thread/WARN] [net.minecraft.client.renderer.GameRenderer/]: Failed to load shader: minecraft:shaders/post/defile.json
java.io.FileNotFoundException: minecraft:shaders/post/defile.json
	at net.minecraft.server.packs.resources.ResourceProvider.lambda$getResourceOrThrow$0(ResourceProvider.java:21) ~[forge-1.20.1-47.4.0_mapped_official_1.20.1.jar:?]
	at java.util.Optional.orElseThrow(Optional.java:403) ~[?:?]
	at net.minecraft.server.packs.resources.ResourceProvider.getResourceOrThrow(ResourceProvider.java:21) ~[forge-1.20.1-47.4.0_mapped_official_1.20.1.jar:?]
	at net.minecraft.client.renderer.PostChain.load(PostChain.java:58) ~[forge-1.20.1-47.4.0_mapped_official_1.20.1.jar:?]
	at net.minecraft.client.renderer.PostChain.<init>(PostChain.java:54) ~[forge-1.20.1-47.4.0_mapped_official_1.20.1.jar:?]
	at net.minecraft.client.renderer.GameRenderer.loadEffect(GameRenderer.java:341) ~[forge-1.20.1-47.4.0_mapped_official_1.20.1.jar:?]
	at net.minecraftforge.event.ForgeEventFactory.handler$zzh000$onRenderTickEnd(ForgeEventFactory.java:1274) ~[forge-1.20.1-47.4.0_mapped_official_1.20.1.jar:?]
	at net.minecraftforge.event.ForgeEventFactory.onRenderTickEnd(ForgeEventFactory.java) ~[forge-1.20.1-47.4.0_mapped_official_1.20.1.jar:?]
	at net.minecraft.client.Minecraft.runTick(Minecraft.java:1148) ~[forge-1.20.1-47.4.0_mapped_official_1.20.1.jar:?]
	at net.minecraft.client.Minecraft.run(Minecraft.java:718) ~[forge-1.20.1-47.4.0_mapped_official_1.20.1.jar:?]
	at net.minecraft.client.main.Main.main(Main.java:218) ~[forge-1.20.1-47.4.0_mapped_official_1.20.1.jar:?]
	at jdk.internal.reflect.NativeMethodAccessorImpl.invoke0(Native Method) ~[?:?]
	at jdk.internal.reflect.NativeMethodAccessorImpl.invoke(NativeMethodAccessorImpl.java:77) ~[?:?]
	at jdk.internal.reflect.DelegatingMethodAccessorImpl.invoke(DelegatingMethodAccessorImpl.java:43) ~[?:?]
	at java.lang.reflect.Method.invoke(Method.java:568) ~[?:?]
	at net.minecraftforge.fml.loading.targets.CommonLaunchHandler.runTarget(CommonLaunchHandler.java:111) ~[fmlloader-1.20.1-47.4.0.jar:?]
	at net.minecraftforge.fml.loading.targets.CommonLaunchHandler.clientService(CommonLaunchHandler.java:99) ~[fmlloader-1.20.1-47.4.0.jar:?]
	at net.minecraftforge.fml.loading.targets.ForgeClientUserdevLaunchHandler.devService(ForgeClientUserdevLaunchHandler.java:19) ~[fmlloader-1.20.1-47.4.0.jar:?]
	at net.minecraftforge.fml.loading.targets.CommonDevLaunchHandler.lambda$makeService$7(CommonDevLaunchHandler.java:135) ~[fmlloader-1.20.1-47.4.0.jar:?]
	at cpw.mods.modlauncher.LaunchServiceHandlerDecorator.launch(LaunchServiceHandlerDecorator.java:30) ~[modlauncher-10.0.9.jar:?]
	at cpw.mods.modlauncher.LaunchServiceHandler.launch(LaunchServiceHandler.java:53) ~[modlauncher-10.0.9.jar:?]
	at cpw.mods.modlauncher.LaunchServiceHandler.launch(LaunchServiceHandler.java:71) ~[modlauncher-10.0.9.jar:?]
	at cpw.mods.modlauncher.Launcher.run(Launcher.java:108) ~[modlauncher-10.0.9.jar:?]
	at cpw.mods.modlauncher.Launcher.main(Launcher.java:78) ~[modlauncher-10.0.9.jar:?]
	at cpw.mods.modlauncher.BootstrapLaunchConsumer.accept(BootstrapLaunchConsumer.java:26) ~[modlauncher-10.0.9.jar:?]
	at cpw.mods.modlauncher.BootstrapLaunchConsumer.accept(BootstrapLaunchConsumer.java:23) ~[modlauncher-10.0.9.jar:?]
	at cpw.mods.bootstraplauncher.BootstrapLauncher.main(BootstrapLauncher.java:141) ~[bootstraplauncher-1.1.2.jar:?]
[144月2025 01:12:09.799] [Render thread/WARN] [net.minecraft.client.renderer.GameRenderer/]: Failed to load shader: minecraft:shaders/post/defile.json
java.io.FileNotFoundException: minecraft:shaders/post/defile.json
	at net.minecraft.server.packs.resources.ResourceProvider.lambda$getResourceOrThrow$0(ResourceProvider.java:21) ~[forge-1.20.1-47.4.0_mapped_official_1.20.1.jar:?]
	at java.util.Optional.orElseThrow(Optional.java:403) ~[?:?]
	at net.minecraft.server.packs.resources.ResourceProvider.getResourceOrThrow(ResourceProvider.java:21) ~[forge-1.20.1-47.4.0_mapped_official_1.20.1.jar:?]
	at net.minecraft.client.renderer.PostChain.load(PostChain.java:58) ~[forge-1.20.1-47.4.0_mapped_official_1.20.1.jar:?]
	at net.minecraft.client.renderer.PostChain.<init>(PostChain.java:54) ~[forge-1.20.1-47.4.0_mapped_official_1.20.1.jar:?]
	at net.minecraft.client.renderer.GameRenderer.loadEffect(GameRenderer.java:341) ~[forge-1.20.1-47.4.0_mapped_official_1.20.1.jar:?]
	at net.minecraftforge.event.ForgeEventFactory.handler$zzh000$onRenderTickEnd(ForgeEventFactory.java:1274) ~[forge-1.20.1-47.4.0_mapped_official_1.20.1.jar:?]
	at net.minecraftforge.event.ForgeEventFactory.onRenderTickEnd(ForgeEventFactory.java) ~[forge-1.20.1-47.4.0_mapped_official_1.20.1.jar:?]
	at net.minecraft.client.Minecraft.runTick(Minecraft.java:1148) ~[forge-1.20.1-47.4.0_mapped_official_1.20.1.jar:?]
	at net.minecraft.client.Minecraft.run(Minecraft.java:718) ~[forge-1.20.1-47.4.0_mapped_official_1.20.1.jar:?]
	at net.minecraft.client.main.Main.main(Main.java:218) ~[forge-1.20.1-47.4.0_mapped_official_1.20.1.jar:?]
	at jdk.internal.reflect.NativeMethodAccessorImpl.invoke0(Native Method) ~[?:?]
	at jdk.internal.reflect.NativeMethodAccessorImpl.invoke(NativeMethodAccessorImpl.java:77) ~[?:?]
	at jdk.internal.reflect.DelegatingMethodAccessorImpl.invoke(DelegatingMethodAccessorImpl.java:43) ~[?:?]
	at java.lang.reflect.Method.invoke(Method.java:568) ~[?:?]
	at net.minecraftforge.fml.loading.targets.CommonLaunchHandler.runTarget(CommonLaunchHandler.java:111) ~[fmlloader-1.20.1-47.4.0.jar:?]
	at net.minecraftforge.fml.loading.targets.CommonLaunchHandler.clientService(CommonLaunchHandler.java:99) ~[fmlloader-1.20.1-47.4.0.jar:?]
	at net.minecraftforge.fml.loading.targets.ForgeClientUserdevLaunchHandler.devService(ForgeClientUserdevLaunchHandler.java:19) ~[fmlloader-1.20.1-47.4.0.jar:?]
	at net.minecraftforge.fml.loading.targets.CommonDevLaunchHandler.lambda$makeService$7(CommonDevLaunchHandler.java:135) ~[fmlloader-1.20.1-47.4.0.jar:?]
	at cpw.mods.modlauncher.LaunchServiceHandlerDecorator.launch(LaunchServiceHandlerDecorator.java:30) ~[modlauncher-10.0.9.jar:?]
	at cpw.mods.modlauncher.LaunchServiceHandler.launch(LaunchServiceHandler.java:53) ~[modlauncher-10.0.9.jar:?]
	at cpw.mods.modlauncher.LaunchServiceHandler.launch(LaunchServiceHandler.java:71) ~[modlauncher-10.0.9.jar:?]
	at cpw.mods.modlauncher.Launcher.run(Launcher.java:108) ~[modlauncher-10.0.9.jar:?]
	at cpw.mods.modlauncher.Launcher.main(Launcher.java:78) ~[modlauncher-10.0.9.jar:?]
	at cpw.mods.modlauncher.BootstrapLaunchConsumer.accept(BootstrapLaunchConsumer.java:26) ~[modlauncher-10.0.9.jar:?]
	at cpw.mods.modlauncher.BootstrapLaunchConsumer.accept(BootstrapLaunchConsumer.java:23) ~[modlauncher-10.0.9.jar:?]
	at cpw.mods.bootstraplauncher.BootstrapLauncher.main(BootstrapLauncher.java:141) ~[bootstraplauncher-1.1.2.jar:?]
[144月2025 01:12:09.818] [Render thread/WARN] [net.minecraft.client.renderer.GameRenderer/]: Failed to load shader: minecraft:shaders/post/defile.json
java.io.FileNotFoundException: minecraft:shaders/post/defile.json
	at net.minecraft.server.packs.resources.ResourceProvider.lambda$getResourceOrThrow$0(ResourceProvider.java:21) ~[forge-1.20.1-47.4.0_mapped_official_1.20.1.jar:?]
	at java.util.Optional.orElseThrow(Optional.java:403) ~[?:?]
	at net.minecraft.server.packs.resources.ResourceProvider.getResourceOrThrow(ResourceProvider.java:21) ~[forge-1.20.1-47.4.0_mapped_official_1.20.1.jar:?]
	at net.minecraft.client.renderer.PostChain.load(PostChain.java:58) ~[forge-1.20.1-47.4.0_mapped_official_1.20.1.jar:?]
	at net.minecraft.client.renderer.PostChain.<init>(PostChain.java:54) ~[forge-1.20.1-47.4.0_mapped_official_1.20.1.jar:?]
	at net.minecraft.client.renderer.GameRenderer.loadEffect(GameRenderer.java:341) ~[forge-1.20.1-47.4.0_mapped_official_1.20.1.jar:?]
	at net.minecraftforge.event.ForgeEventFactory.handler$zzh000$onRenderTickEnd(ForgeEventFactory.java:1274) ~[forge-1.20.1-47.4.0_mapped_official_1.20.1.jar:?]
	at net.minecraftforge.event.ForgeEventFactory.onRenderTickEnd(ForgeEventFactory.java) ~[forge-1.20.1-47.4.0_mapped_official_1.20.1.jar:?]
	at net.minecraft.client.Minecraft.runTick(Minecraft.java:1148) ~[forge-1.20.1-47.4.0_mapped_official_1.20.1.jar:?]
	at net.minecraft.client.Minecraft.run(Minecraft.java:718) ~[forge-1.20.1-47.4.0_mapped_official_1.20.1.jar:?]
	at net.minecraft.client.main.Main.main(Main.java:218) ~[forge-1.20.1-47.4.0_mapped_official_1.20.1.jar:?]
	at jdk.internal.reflect.NativeMethodAccessorImpl.invoke0(Native Method) ~[?:?]
	at jdk.internal.reflect.NativeMethodAccessorImpl.invoke(NativeMethodAccessorImpl.java:77) ~[?:?]
	at jdk.internal.reflect.DelegatingMethodAccessorImpl.invoke(DelegatingMethodAccessorImpl.java:43) ~[?:?]
	at java.lang.reflect.Method.invoke(Method.java:568) ~[?:?]
	at net.minecraftforge.fml.loading.targets.CommonLaunchHandler.runTarget(CommonLaunchHandler.java:111) ~[fmlloader-1.20.1-47.4.0.jar:?]
	at net.minecraftforge.fml.loading.targets.CommonLaunchHandler.clientService(CommonLaunchHandler.java:99) ~[fmlloader-1.20.1-47.4.0.jar:?]
	at net.minecraftforge.fml.loading.targets.ForgeClientUserdevLaunchHandler.devService(ForgeClientUserdevLaunchHandler.java:19) ~[fmlloader-1.20.1-47.4.0.jar:?]
	at net.minecraftforge.fml.loading.targets.CommonDevLaunchHandler.lambda$makeService$7(CommonDevLaunchHandler.java:135) ~[fmlloader-1.20.1-47.4.0.jar:?]
	at cpw.mods.modlauncher.LaunchServiceHandlerDecorator.launch(LaunchServiceHandlerDecorator.java:30) ~[modlauncher-10.0.9.jar:?]
	at cpw.mods.modlauncher.LaunchServiceHandler.launch(LaunchServiceHandler.java:53) ~[modlauncher-10.0.9.jar:?]
	at cpw.mods.modlauncher.LaunchServiceHandler.launch(LaunchServiceHandler.java:71) ~[modlauncher-10.0.9.jar:?]
	at cpw.mods.modlauncher.Launcher.run(Launcher.java:108) ~[modlauncher-10.0.9.jar:?]
	at cpw.mods.modlauncher.Launcher.main(Launcher.java:78) ~[modlauncher-10.0.9.jar:?]
	at cpw.mods.modlauncher.BootstrapLaunchConsumer.accept(BootstrapLaunchConsumer.java:26) ~[modlauncher-10.0.9.jar:?]
	at cpw.mods.modlauncher.BootstrapLaunchConsumer.accept(BootstrapLaunchConsumer.java:23) ~[modlauncher-10.0.9.jar:?]
	at cpw.mods.bootstraplauncher.BootstrapLauncher.main(BootstrapLauncher.java:141) ~[bootstraplauncher-1.1.2.jar:?]
[144月2025 01:12:09.834] [Render thread/WARN] [net.minecraft.client.renderer.GameRenderer/]: Failed to load shader: minecraft:shaders/post/defile.json
java.io.FileNotFoundException: minecraft:shaders/post/defile.json
	at net.minecraft.server.packs.resources.ResourceProvider.lambda$getResourceOrThrow$0(ResourceProvider.java:21) ~[forge-1.20.1-47.4.0_mapped_official_1.20.1.jar:?]
	at java.util.Optional.orElseThrow(Optional.java:403) ~[?:?]
	at net.minecraft.server.packs.resources.ResourceProvider.getResourceOrThrow(ResourceProvider.java:21) ~[forge-1.20.1-47.4.0_mapped_official_1.20.1.jar:?]
	at net.minecraft.client.renderer.PostChain.load(PostChain.java:58) ~[forge-1.20.1-47.4.0_mapped_official_1.20.1.jar:?]
	at net.minecraft.client.renderer.PostChain.<init>(PostChain.java:54) ~[forge-1.20.1-47.4.0_mapped_official_1.20.1.jar:?]
	at net.minecraft.client.renderer.GameRenderer.loadEffect(GameRenderer.java:341) ~[forge-1.20.1-47.4.0_mapped_official_1.20.1.jar:?]
	at net.minecraftforge.event.ForgeEventFactory.handler$zzh000$onRenderTickEnd(ForgeEventFactory.java:1274) ~[forge-1.20.1-47.4.0_mapped_official_1.20.1.jar:?]
	at net.minecraftforge.event.ForgeEventFactory.onRenderTickEnd(ForgeEventFactory.java) ~[forge-1.20.1-47.4.0_mapped_official_1.20.1.jar:?]
	at net.minecraft.client.Minecraft.runTick(Minecraft.java:1148) ~[forge-1.20.1-47.4.0_mapped_official_1.20.1.jar:?]
	at net.minecraft.client.Minecraft.run(Minecraft.java:718) ~[forge-1.20.1-47.4.0_mapped_official_1.20.1.jar:?]
	at net.minecraft.client.main.Main.main(Main.java:218) ~[forge-1.20.1-47.4.0_mapped_official_1.20.1.jar:?]
	at jdk.internal.reflect.NativeMethodAccessorImpl.invoke0(Native Method) ~[?:?]
	at jdk.internal.reflect.NativeMethodAccessorImpl.invoke(NativeMethodAccessorImpl.java:77) ~[?:?]
	at jdk.internal.reflect.DelegatingMethodAccessorImpl.invoke(DelegatingMethodAccessorImpl.java:43) ~[?:?]
	at java.lang.reflect.Method.invoke(Method.java:568) ~[?:?]
	at net.minecraftforge.fml.loading.targets.CommonLaunchHandler.runTarget(CommonLaunchHandler.java:111) ~[fmlloader-1.20.1-47.4.0.jar:?]
	at net.minecraftforge.fml.loading.targets.CommonLaunchHandler.clientService(CommonLaunchHandler.java:99) ~[fmlloader-1.20.1-47.4.0.jar:?]
	at net.minecraftforge.fml.loading.targets.ForgeClientUserdevLaunchHandler.devService(ForgeClientUserdevLaunchHandler.java:19) ~[fmlloader-1.20.1-47.4.0.jar:?]
	at net.minecraftforge.fml.loading.targets.CommonDevLaunchHandler.lambda$makeService$7(CommonDevLaunchHandler.java:135) ~[fmlloader-1.20.1-47.4.0.jar:?]
	at cpw.mods.modlauncher.LaunchServiceHandlerDecorator.launch(LaunchServiceHandlerDecorator.java:30) ~[modlauncher-10.0.9.jar:?]
	at cpw.mods.modlauncher.LaunchServiceHandler.launch(LaunchServiceHandler.java:53) ~[modlauncher-10.0.9.jar:?]
	at cpw.mods.modlauncher.LaunchServiceHandler.launch(LaunchServiceHandler.java:71) ~[modlauncher-10.0.9.jar:?]
	at cpw.mods.modlauncher.Launcher.run(Launcher.java:108) ~[modlauncher-10.0.9.jar:?]
	at cpw.mods.modlauncher.Launcher.main(Launcher.java:78) ~[modlauncher-10.0.9.jar:?]
	at cpw.mods.modlauncher.BootstrapLaunchConsumer.accept(BootstrapLaunchConsumer.java:26) ~[modlauncher-10.0.9.jar:?]
	at cpw.mods.modlauncher.BootstrapLaunchConsumer.accept(BootstrapLaunchConsumer.java:23) ~[modlauncher-10.0.9.jar:?]
	at cpw.mods.bootstraplauncher.BootstrapLauncher.main(BootstrapLauncher.java:141) ~[bootstraplauncher-1.1.2.jar:?]
[144月2025 01:12:09.852] [Render thread/WARN] [net.minecraft.client.renderer.GameRenderer/]: Failed to load shader: minecraft:shaders/post/defile.json
java.io.FileNotFoundException: minecraft:shaders/post/defile.json
	at net.minecraft.server.packs.resources.ResourceProvider.lambda$getResourceOrThrow$0(ResourceProvider.java:21) ~[forge-1.20.1-47.4.0_mapped_official_1.20.1.jar:?]
	at java.util.Optional.orElseThrow(Optional.java:403) ~[?:?]
	at net.minecraft.server.packs.resources.ResourceProvider.getResourceOrThrow(ResourceProvider.java:21) ~[forge-1.20.1-47.4.0_mapped_official_1.20.1.jar:?]
	at net.minecraft.client.renderer.PostChain.load(PostChain.java:58) ~[forge-1.20.1-47.4.0_mapped_official_1.20.1.jar:?]
	at net.minecraft.client.renderer.PostChain.<init>(PostChain.java:54) ~[forge-1.20.1-47.4.0_mapped_official_1.20.1.jar:?]
	at net.minecraft.client.renderer.GameRenderer.loadEffect(GameRenderer.java:341) ~[forge-1.20.1-47.4.0_mapped_official_1.20.1.jar:?]
	at net.minecraftforge.event.ForgeEventFactory.handler$zzh000$onRenderTickEnd(ForgeEventFactory.java:1274) ~[forge-1.20.1-47.4.0_mapped_official_1.20.1.jar:?]
	at net.minecraftforge.event.ForgeEventFactory.onRenderTickEnd(ForgeEventFactory.java) ~[forge-1.20.1-47.4.0_mapped_official_1.20.1.jar:?]
	at net.minecraft.client.Minecraft.runTick(Minecraft.java:1148) ~[forge-1.20.1-47.4.0_mapped_official_1.20.1.jar:?]
	at net.minecraft.client.Minecraft.run(Minecraft.java:718) ~[forge-1.20.1-47.4.0_mapped_official_1.20.1.jar:?]
	at net.minecraft.client.main.Main.main(Main.java:218) ~[forge-1.20.1-47.4.0_mapped_official_1.20.1.jar:?]
	at jdk.internal.reflect.NativeMethodAccessorImpl.invoke0(Native Method) ~[?:?]
	at jdk.internal.reflect.NativeMethodAccessorImpl.invoke(NativeMethodAccessorImpl.java:77) ~[?:?]
	at jdk.internal.reflect.DelegatingMethodAccessorImpl.invoke(DelegatingMethodAccessorImpl.java:43) ~[?:?]
	at java.lang.reflect.Method.invoke(Method.java:568) ~[?:?]
	at net.minecraftforge.fml.loading.targets.CommonLaunchHandler.runTarget(CommonLaunchHandler.java:111) ~[fmlloader-1.20.1-47.4.0.jar:?]
	at net.minecraftforge.fml.loading.targets.CommonLaunchHandler.clientService(CommonLaunchHandler.java:99) ~[fmlloader-1.20.1-47.4.0.jar:?]
	at net.minecraftforge.fml.loading.targets.ForgeClientUserdevLaunchHandler.devService(ForgeClientUserdevLaunchHandler.java:19) ~[fmlloader-1.20.1-47.4.0.jar:?]
	at net.minecraftforge.fml.loading.targets.CommonDevLaunchHandler.lambda$makeService$7(CommonDevLaunchHandler.java:135) ~[fmlloader-1.20.1-47.4.0.jar:?]
	at cpw.mods.modlauncher.LaunchServiceHandlerDecorator.launch(LaunchServiceHandlerDecorator.java:30) ~[modlauncher-10.0.9.jar:?]
	at cpw.mods.modlauncher.LaunchServiceHandler.launch(LaunchServiceHandler.java:53) ~[modlauncher-10.0.9.jar:?]
	at cpw.mods.modlauncher.LaunchServiceHandler.launch(LaunchServiceHandler.java:71) ~[modlauncher-10.0.9.jar:?]
	at cpw.mods.modlauncher.Launcher.run(Launcher.java:108) ~[modlauncher-10.0.9.jar:?]
	at cpw.mods.modlauncher.Launcher.main(Launcher.java:78) ~[modlauncher-10.0.9.jar:?]
	at cpw.mods.modlauncher.BootstrapLaunchConsumer.accept(BootstrapLaunchConsumer.java:26) ~[modlauncher-10.0.9.jar:?]
	at cpw.mods.modlauncher.BootstrapLaunchConsumer.accept(BootstrapLaunchConsumer.java:23) ~[modlauncher-10.0.9.jar:?]
	at cpw.mods.bootstraplauncher.BootstrapLauncher.main(BootstrapLauncher.java:141) ~[bootstraplauncher-1.1.2.jar:?]
[144月2025 01:12:09.872] [Render thread/WARN] [net.minecraft.client.renderer.GameRenderer/]: Failed to load shader: minecraft:shaders/post/defile.json
java.io.FileNotFoundException: minecraft:shaders/post/defile.json
	at net.minecraft.server.packs.resources.ResourceProvider.lambda$getResourceOrThrow$0(ResourceProvider.java:21) ~[forge-1.20.1-47.4.0_mapped_official_1.20.1.jar:?]
	at java.util.Optional.orElseThrow(Optional.java:403) ~[?:?]
	at net.minecraft.server.packs.resources.ResourceProvider.getResourceOrThrow(ResourceProvider.java:21) ~[forge-1.20.1-47.4.0_mapped_official_1.20.1.jar:?]
	at net.minecraft.client.renderer.PostChain.load(PostChain.java:58) ~[forge-1.20.1-47.4.0_mapped_official_1.20.1.jar:?]
	at net.minecraft.client.renderer.PostChain.<init>(PostChain.java:54) ~[forge-1.20.1-47.4.0_mapped_official_1.20.1.jar:?]
	at net.minecraft.client.renderer.GameRenderer.loadEffect(GameRenderer.java:341) ~[forge-1.20.1-47.4.0_mapped_official_1.20.1.jar:?]
	at net.minecraftforge.event.ForgeEventFactory.handler$zzh000$onRenderTickEnd(ForgeEventFactory.java:1274) ~[forge-1.20.1-47.4.0_mapped_official_1.20.1.jar:?]
	at net.minecraftforge.event.ForgeEventFactory.onRenderTickEnd(ForgeEventFactory.java) ~[forge-1.20.1-47.4.0_mapped_official_1.20.1.jar:?]
	at net.minecraft.client.Minecraft.runTick(Minecraft.java:1148) ~[forge-1.20.1-47.4.0_mapped_official_1.20.1.jar:?]
	at net.minecraft.client.Minecraft.run(Minecraft.java:718) ~[forge-1.20.1-47.4.0_mapped_official_1.20.1.jar:?]
	at net.minecraft.client.main.Main.main(Main.java:218) ~[forge-1.20.1-47.4.0_mapped_official_1.20.1.jar:?]
	at jdk.internal.reflect.NativeMethodAccessorImpl.invoke0(Native Method) ~[?:?]
	at jdk.internal.reflect.NativeMethodAccessorImpl.invoke(NativeMethodAccessorImpl.java:77) ~[?:?]
	at jdk.internal.reflect.DelegatingMethodAccessorImpl.invoke(DelegatingMethodAccessorImpl.java:43) ~[?:?]
	at java.lang.reflect.Method.invoke(Method.java:568) ~[?:?]
	at net.minecraftforge.fml.loading.targets.CommonLaunchHandler.runTarget(CommonLaunchHandler.java:111) ~[fmlloader-1.20.1-47.4.0.jar:?]
	at net.minecraftforge.fml.loading.targets.CommonLaunchHandler.clientService(CommonLaunchHandler.java:99) ~[fmlloader-1.20.1-47.4.0.jar:?]
	at net.minecraftforge.fml.loading.targets.ForgeClientUserdevLaunchHandler.devService(ForgeClientUserdevLaunchHandler.java:19) ~[fmlloader-1.20.1-47.4.0.jar:?]
	at net.minecraftforge.fml.loading.targets.CommonDevLaunchHandler.lambda$makeService$7(CommonDevLaunchHandler.java:135) ~[fmlloader-1.20.1-47.4.0.jar:?]
	at cpw.mods.modlauncher.LaunchServiceHandlerDecorator.launch(LaunchServiceHandlerDecorator.java:30) ~[modlauncher-10.0.9.jar:?]
	at cpw.mods.modlauncher.LaunchServiceHandler.launch(LaunchServiceHandler.java:53) ~[modlauncher-10.0.9.jar:?]
	at cpw.mods.modlauncher.LaunchServiceHandler.launch(LaunchServiceHandler.java:71) ~[modlauncher-10.0.9.jar:?]
	at cpw.mods.modlauncher.Launcher.run(Launcher.java:108) ~[modlauncher-10.0.9.jar:?]
	at cpw.mods.modlauncher.Launcher.main(Launcher.java:78) ~[modlauncher-10.0.9.jar:?]
	at cpw.mods.modlauncher.BootstrapLaunchConsumer.accept(BootstrapLaunchConsumer.java:26) ~[modlauncher-10.0.9.jar:?]
	at cpw.mods.modlauncher.BootstrapLaunchConsumer.accept(BootstrapLaunchConsumer.java:23) ~[modlauncher-10.0.9.jar:?]
	at cpw.mods.bootstraplauncher.BootstrapLauncher.main(BootstrapLauncher.java:141) ~[bootstraplauncher-1.1.2.jar:?]
[144月2025 01:12:09.890] [Render thread/WARN] [net.minecraft.client.renderer.GameRenderer/]: Failed to load shader: minecraft:shaders/post/defile.json
java.io.FileNotFoundException: minecraft:shaders/post/defile.json
	at net.minecraft.server.packs.resources.ResourceProvider.lambda$getResourceOrThrow$0(ResourceProvider.java:21) ~[forge-1.20.1-47.4.0_mapped_official_1.20.1.jar:?]
	at java.util.Optional.orElseThrow(Optional.java:403) ~[?:?]
	at net.minecraft.server.packs.resources.ResourceProvider.getResourceOrThrow(ResourceProvider.java:21) ~[forge-1.20.1-47.4.0_mapped_official_1.20.1.jar:?]
	at net.minecraft.client.renderer.PostChain.load(PostChain.java:58) ~[forge-1.20.1-47.4.0_mapped_official_1.20.1.jar:?]
	at net.minecraft.client.renderer.PostChain.<init>(PostChain.java:54) ~[forge-1.20.1-47.4.0_mapped_official_1.20.1.jar:?]
	at net.minecraft.client.renderer.GameRenderer.loadEffect(GameRenderer.java:341) ~[forge-1.20.1-47.4.0_mapped_official_1.20.1.jar:?]
	at net.minecraftforge.event.ForgeEventFactory.handler$zzh000$onRenderTickEnd(ForgeEventFactory.java:1274) ~[forge-1.20.1-47.4.0_mapped_official_1.20.1.jar:?]
	at net.minecraftforge.event.ForgeEventFactory.onRenderTickEnd(ForgeEventFactory.java) ~[forge-1.20.1-47.4.0_mapped_official_1.20.1.jar:?]
	at net.minecraft.client.Minecraft.runTick(Minecraft.java:1148) ~[forge-1.20.1-47.4.0_mapped_official_1.20.1.jar:?]
	at net.minecraft.client.Minecraft.run(Minecraft.java:718) ~[forge-1.20.1-47.4.0_mapped_official_1.20.1.jar:?]
	at net.minecraft.client.main.Main.main(Main.java:218) ~[forge-1.20.1-47.4.0_mapped_official_1.20.1.jar:?]
	at jdk.internal.reflect.NativeMethodAccessorImpl.invoke0(Native Method) ~[?:?]
	at jdk.internal.reflect.NativeMethodAccessorImpl.invoke(NativeMethodAccessorImpl.java:77) ~[?:?]
	at jdk.internal.reflect.DelegatingMethodAccessorImpl.invoke(DelegatingMethodAccessorImpl.java:43) ~[?:?]
	at java.lang.reflect.Method.invoke(Method.java:568) ~[?:?]
	at net.minecraftforge.fml.loading.targets.CommonLaunchHandler.runTarget(CommonLaunchHandler.java:111) ~[fmlloader-1.20.1-47.4.0.jar:?]
	at net.minecraftforge.fml.loading.targets.CommonLaunchHandler.clientService(CommonLaunchHandler.java:99) ~[fmlloader-1.20.1-47.4.0.jar:?]
	at net.minecraftforge.fml.loading.targets.ForgeClientUserdevLaunchHandler.devService(ForgeClientUserdevLaunchHandler.java:19) ~[fmlloader-1.20.1-47.4.0.jar:?]
	at net.minecraftforge.fml.loading.targets.CommonDevLaunchHandler.lambda$makeService$7(CommonDevLaunchHandler.java:135) ~[fmlloader-1.20.1-47.4.0.jar:?]
	at cpw.mods.modlauncher.LaunchServiceHandlerDecorator.launch(LaunchServiceHandlerDecorator.java:30) ~[modlauncher-10.0.9.jar:?]
	at cpw.mods.modlauncher.LaunchServiceHandler.launch(LaunchServiceHandler.java:53) ~[modlauncher-10.0.9.jar:?]
	at cpw.mods.modlauncher.LaunchServiceHandler.launch(LaunchServiceHandler.java:71) ~[modlauncher-10.0.9.jar:?]
	at cpw.mods.modlauncher.Launcher.run(Launcher.java:108) ~[modlauncher-10.0.9.jar:?]
	at cpw.mods.modlauncher.Launcher.main(Launcher.java:78) ~[modlauncher-10.0.9.jar:?]
	at cpw.mods.modlauncher.BootstrapLaunchConsumer.accept(BootstrapLaunchConsumer.java:26) ~[modlauncher-10.0.9.jar:?]
	at cpw.mods.modlauncher.BootstrapLaunchConsumer.accept(BootstrapLaunchConsumer.java:23) ~[modlauncher-10.0.9.jar:?]
	at cpw.mods.bootstraplauncher.BootstrapLauncher.main(BootstrapLauncher.java:141) ~[bootstraplauncher-1.1.2.jar:?]
[144月2025 01:12:09.907] [Render thread/WARN] [net.minecraft.client.renderer.GameRenderer/]: Failed to load shader: minecraft:shaders/post/defile.json
java.io.FileNotFoundException: minecraft:shaders/post/defile.json
	at net.minecraft.server.packs.resources.ResourceProvider.lambda$getResourceOrThrow$0(ResourceProvider.java:21) ~[forge-1.20.1-47.4.0_mapped_official_1.20.1.jar:?]
	at java.util.Optional.orElseThrow(Optional.java:403) ~[?:?]
	at net.minecraft.server.packs.resources.ResourceProvider.getResourceOrThrow(ResourceProvider.java:21) ~[forge-1.20.1-47.4.0_mapped_official_1.20.1.jar:?]
	at net.minecraft.client.renderer.PostChain.load(PostChain.java:58) ~[forge-1.20.1-47.4.0_mapped_official_1.20.1.jar:?]
	at net.minecraft.client.renderer.PostChain.<init>(PostChain.java:54) ~[forge-1.20.1-47.4.0_mapped_official_1.20.1.jar:?]
	at net.minecraft.client.renderer.GameRenderer.loadEffect(GameRenderer.java:341) ~[forge-1.20.1-47.4.0_mapped_official_1.20.1.jar:?]
	at net.minecraftforge.event.ForgeEventFactory.handler$zzh000$onRenderTickEnd(ForgeEventFactory.java:1274) ~[forge-1.20.1-47.4.0_mapped_official_1.20.1.jar:?]
	at net.minecraftforge.event.ForgeEventFactory.onRenderTickEnd(ForgeEventFactory.java) ~[forge-1.20.1-47.4.0_mapped_official_1.20.1.jar:?]
	at net.minecraft.client.Minecraft.runTick(Minecraft.java:1148) ~[forge-1.20.1-47.4.0_mapped_official_1.20.1.jar:?]
	at net.minecraft.client.Minecraft.run(Minecraft.java:718) ~[forge-1.20.1-47.4.0_mapped_official_1.20.1.jar:?]
	at net.minecraft.client.main.Main.main(Main.java:218) ~[forge-1.20.1-47.4.0_mapped_official_1.20.1.jar:?]
	at jdk.internal.reflect.NativeMethodAccessorImpl.invoke0(Native Method) ~[?:?]
	at jdk.internal.reflect.NativeMethodAccessorImpl.invoke(NativeMethodAccessorImpl.java:77) ~[?:?]
	at jdk.internal.reflect.DelegatingMethodAccessorImpl.invoke(DelegatingMethodAccessorImpl.java:43) ~[?:?]
	at java.lang.reflect.Method.invoke(Method.java:568) ~[?:?]
	at net.minecraftforge.fml.loading.targets.CommonLaunchHandler.runTarget(CommonLaunchHandler.java:111) ~[fmlloader-1.20.1-47.4.0.jar:?]
	at net.minecraftforge.fml.loading.targets.CommonLaunchHandler.clientService(CommonLaunchHandler.java:99) ~[fmlloader-1.20.1-47.4.0.jar:?]
	at net.minecraftforge.fml.loading.targets.ForgeClientUserdevLaunchHandler.devService(ForgeClientUserdevLaunchHandler.java:19) ~[fmlloader-1.20.1-47.4.0.jar:?]
	at net.minecraftforge.fml.loading.targets.CommonDevLaunchHandler.lambda$makeService$7(CommonDevLaunchHandler.java:135) ~[fmlloader-1.20.1-47.4.0.jar:?]
	at cpw.mods.modlauncher.LaunchServiceHandlerDecorator.launch(LaunchServiceHandlerDecorator.java:30) ~[modlauncher-10.0.9.jar:?]
	at cpw.mods.modlauncher.LaunchServiceHandler.launch(LaunchServiceHandler.java:53) ~[modlauncher-10.0.9.jar:?]
	at cpw.mods.modlauncher.LaunchServiceHandler.launch(LaunchServiceHandler.java:71) ~[modlauncher-10.0.9.jar:?]
	at cpw.mods.modlauncher.Launcher.run(Launcher.java:108) ~[modlauncher-10.0.9.jar:?]
	at cpw.mods.modlauncher.Launcher.main(Launcher.java:78) ~[modlauncher-10.0.9.jar:?]
	at cpw.mods.modlauncher.BootstrapLaunchConsumer.accept(BootstrapLaunchConsumer.java:26) ~[modlauncher-10.0.9.jar:?]
	at cpw.mods.modlauncher.BootstrapLaunchConsumer.accept(BootstrapLaunchConsumer.java:23) ~[modlauncher-10.0.9.jar:?]
	at cpw.mods.bootstraplauncher.BootstrapLauncher.main(BootstrapLauncher.java:141) ~[bootstraplauncher-1.1.2.jar:?]
[144月2025 01:12:09.923] [Render thread/WARN] [net.minecraft.client.renderer.GameRenderer/]: Failed to load shader: minecraft:shaders/post/defile.json
java.io.FileNotFoundException: minecraft:shaders/post/defile.json
	at net.minecraft.server.packs.resources.ResourceProvider.lambda$getResourceOrThrow$0(ResourceProvider.java:21) ~[forge-1.20.1-47.4.0_mapped_official_1.20.1.jar:?]
	at java.util.Optional.orElseThrow(Optional.java:403) ~[?:?]
	at net.minecraft.server.packs.resources.ResourceProvider.getResourceOrThrow(ResourceProvider.java:21) ~[forge-1.20.1-47.4.0_mapped_official_1.20.1.jar:?]
	at net.minecraft.client.renderer.PostChain.load(PostChain.java:58) ~[forge-1.20.1-47.4.0_mapped_official_1.20.1.jar:?]
	at net.minecraft.client.renderer.PostChain.<init>(PostChain.java:54) ~[forge-1.20.1-47.4.0_mapped_official_1.20.1.jar:?]
	at net.minecraft.client.renderer.GameRenderer.loadEffect(GameRenderer.java:341) ~[forge-1.20.1-47.4.0_mapped_official_1.20.1.jar:?]
	at net.minecraftforge.event.ForgeEventFactory.handler$zzh000$onRenderTickEnd(ForgeEventFactory.java:1274) ~[forge-1.20.1-47.4.0_mapped_official_1.20.1.jar:?]
	at net.minecraftforge.event.ForgeEventFactory.onRenderTickEnd(ForgeEventFactory.java) ~[forge-1.20.1-47.4.0_mapped_official_1.20.1.jar:?]
	at net.minecraft.client.Minecraft.runTick(Minecraft.java:1148) ~[forge-1.20.1-47.4.0_mapped_official_1.20.1.jar:?]
	at net.minecraft.client.Minecraft.run(Minecraft.java:718) ~[forge-1.20.1-47.4.0_mapped_official_1.20.1.jar:?]
	at net.minecraft.client.main.Main.main(Main.java:218) ~[forge-1.20.1-47.4.0_mapped_official_1.20.1.jar:?]
	at jdk.internal.reflect.NativeMethodAccessorImpl.invoke0(Native Method) ~[?:?]
	at jdk.internal.reflect.NativeMethodAccessorImpl.invoke(NativeMethodAccessorImpl.java:77) ~[?:?]
	at jdk.internal.reflect.DelegatingMethodAccessorImpl.invoke(DelegatingMethodAccessorImpl.java:43) ~[?:?]
	at java.lang.reflect.Method.invoke(Method.java:568) ~[?:?]
	at net.minecraftforge.fml.loading.targets.CommonLaunchHandler.runTarget(CommonLaunchHandler.java:111) ~[fmlloader-1.20.1-47.4.0.jar:?]
	at net.minecraftforge.fml.loading.targets.CommonLaunchHandler.clientService(CommonLaunchHandler.java:99) ~[fmlloader-1.20.1-47.4.0.jar:?]
	at net.minecraftforge.fml.loading.targets.ForgeClientUserdevLaunchHandler.devService(ForgeClientUserdevLaunchHandler.java:19) ~[fmlloader-1.20.1-47.4.0.jar:?]
	at net.minecraftforge.fml.loading.targets.CommonDevLaunchHandler.lambda$makeService$7(CommonDevLaunchHandler.java:135) ~[fmlloader-1.20.1-47.4.0.jar:?]
	at cpw.mods.modlauncher.LaunchServiceHandlerDecorator.launch(LaunchServiceHandlerDecorator.java:30) ~[modlauncher-10.0.9.jar:?]
	at cpw.mods.modlauncher.LaunchServiceHandler.launch(LaunchServiceHandler.java:53) ~[modlauncher-10.0.9.jar:?]
	at cpw.mods.modlauncher.LaunchServiceHandler.launch(LaunchServiceHandler.java:71) ~[modlauncher-10.0.9.jar:?]
	at cpw.mods.modlauncher.Launcher.run(Launcher.java:108) ~[modlauncher-10.0.9.jar:?]
	at cpw.mods.modlauncher.Launcher.main(Launcher.java:78) ~[modlauncher-10.0.9.jar:?]
	at cpw.mods.modlauncher.BootstrapLaunchConsumer.accept(BootstrapLaunchConsumer.java:26) ~[modlauncher-10.0.9.jar:?]
	at cpw.mods.modlauncher.BootstrapLaunchConsumer.accept(BootstrapLaunchConsumer.java:23) ~[modlauncher-10.0.9.jar:?]
	at cpw.mods.bootstraplauncher.BootstrapLauncher.main(BootstrapLauncher.java:141) ~[bootstraplauncher-1.1.2.jar:?]
[144月2025 01:12:09.940] [Render thread/WARN] [net.minecraft.client.renderer.GameRenderer/]: Failed to load shader: minecraft:shaders/post/defile.json
java.io.FileNotFoundException: minecraft:shaders/post/defile.json
	at net.minecraft.server.packs.resources.ResourceProvider.lambda$getResourceOrThrow$0(ResourceProvider.java:21) ~[forge-1.20.1-47.4.0_mapped_official_1.20.1.jar:?]
	at java.util.Optional.orElseThrow(Optional.java:403) ~[?:?]
	at net.minecraft.server.packs.resources.ResourceProvider.getResourceOrThrow(ResourceProvider.java:21) ~[forge-1.20.1-47.4.0_mapped_official_1.20.1.jar:?]
	at net.minecraft.client.renderer.PostChain.load(PostChain.java:58) ~[forge-1.20.1-47.4.0_mapped_official_1.20.1.jar:?]
	at net.minecraft.client.renderer.PostChain.<init>(PostChain.java:54) ~[forge-1.20.1-47.4.0_mapped_official_1.20.1.jar:?]
	at net.minecraft.client.renderer.GameRenderer.loadEffect(GameRenderer.java:341) ~[forge-1.20.1-47.4.0_mapped_official_1.20.1.jar:?]
	at net.minecraftforge.event.ForgeEventFactory.handler$zzh000$onRenderTickEnd(ForgeEventFactory.java:1274) ~[forge-1.20.1-47.4.0_mapped_official_1.20.1.jar:?]
	at net.minecraftforge.event.ForgeEventFactory.onRenderTickEnd(ForgeEventFactory.java) ~[forge-1.20.1-47.4.0_mapped_official_1.20.1.jar:?]
	at net.minecraft.client.Minecraft.runTick(Minecraft.java:1148) ~[forge-1.20.1-47.4.0_mapped_official_1.20.1.jar:?]
	at net.minecraft.client.Minecraft.run(Minecraft.java:718) ~[forge-1.20.1-47.4.0_mapped_official_1.20.1.jar:?]
	at net.minecraft.client.main.Main.main(Main.java:218) ~[forge-1.20.1-47.4.0_mapped_official_1.20.1.jar:?]
	at jdk.internal.reflect.NativeMethodAccessorImpl.invoke0(Native Method) ~[?:?]
	at jdk.internal.reflect.NativeMethodAccessorImpl.invoke(NativeMethodAccessorImpl.java:77) ~[?:?]
	at jdk.internal.reflect.DelegatingMethodAccessorImpl.invoke(DelegatingMethodAccessorImpl.java:43) ~[?:?]
	at java.lang.reflect.Method.invoke(Method.java:568) ~[?:?]
	at net.minecraftforge.fml.loading.targets.CommonLaunchHandler.runTarget(CommonLaunchHandler.java:111) ~[fmlloader-1.20.1-47.4.0.jar:?]
	at net.minecraftforge.fml.loading.targets.CommonLaunchHandler.clientService(CommonLaunchHandler.java:99) ~[fmlloader-1.20.1-47.4.0.jar:?]
	at net.minecraftforge.fml.loading.targets.ForgeClientUserdevLaunchHandler.devService(ForgeClientUserdevLaunchHandler.java:19) ~[fmlloader-1.20.1-47.4.0.jar:?]
	at net.minecraftforge.fml.loading.targets.CommonDevLaunchHandler.lambda$makeService$7(CommonDevLaunchHandler.java:135) ~[fmlloader-1.20.1-47.4.0.jar:?]
	at cpw.mods.modlauncher.LaunchServiceHandlerDecorator.launch(LaunchServiceHandlerDecorator.java:30) ~[modlauncher-10.0.9.jar:?]
	at cpw.mods.modlauncher.LaunchServiceHandler.launch(LaunchServiceHandler.java:53) ~[modlauncher-10.0.9.jar:?]
	at cpw.mods.modlauncher.LaunchServiceHandler.launch(LaunchServiceHandler.java:71) ~[modlauncher-10.0.9.jar:?]
	at cpw.mods.modlauncher.Launcher.run(Launcher.java:108) ~[modlauncher-10.0.9.jar:?]
	at cpw.mods.modlauncher.Launcher.main(Launcher.java:78) ~[modlauncher-10.0.9.jar:?]
	at cpw.mods.modlauncher.BootstrapLaunchConsumer.accept(BootstrapLaunchConsumer.java:26) ~[modlauncher-10.0.9.jar:?]
	at cpw.mods.modlauncher.BootstrapLaunchConsumer.accept(BootstrapLaunchConsumer.java:23) ~[modlauncher-10.0.9.jar:?]
	at cpw.mods.bootstraplauncher.BootstrapLauncher.main(BootstrapLauncher.java:141) ~[bootstraplauncher-1.1.2.jar:?]
[144月2025 01:12:09.958] [Render thread/WARN] [net.minecraft.client.renderer.GameRenderer/]: Failed to load shader: minecraft:shaders/post/defile.json
java.io.FileNotFoundException: minecraft:shaders/post/defile.json
	at net.minecraft.server.packs.resources.ResourceProvider.lambda$getResourceOrThrow$0(ResourceProvider.java:21) ~[forge-1.20.1-47.4.0_mapped_official_1.20.1.jar:?]
	at java.util.Optional.orElseThrow(Optional.java:403) ~[?:?]
	at net.minecraft.server.packs.resources.ResourceProvider.getResourceOrThrow(ResourceProvider.java:21) ~[forge-1.20.1-47.4.0_mapped_official_1.20.1.jar:?]
	at net.minecraft.client.renderer.PostChain.load(PostChain.java:58) ~[forge-1.20.1-47.4.0_mapped_official_1.20.1.jar:?]
	at net.minecraft.client.renderer.PostChain.<init>(PostChain.java:54) ~[forge-1.20.1-47.4.0_mapped_official_1.20.1.jar:?]
	at net.minecraft.client.renderer.GameRenderer.loadEffect(GameRenderer.java:341) ~[forge-1.20.1-47.4.0_mapped_official_1.20.1.jar:?]
	at net.minecraftforge.event.ForgeEventFactory.handler$zzh000$onRenderTickEnd(ForgeEventFactory.java:1274) ~[forge-1.20.1-47.4.0_mapped_official_1.20.1.jar:?]
	at net.minecraftforge.event.ForgeEventFactory.onRenderTickEnd(ForgeEventFactory.java) ~[forge-1.20.1-47.4.0_mapped_official_1.20.1.jar:?]
	at net.minecraft.client.Minecraft.runTick(Minecraft.java:1148) ~[forge-1.20.1-47.4.0_mapped_official_1.20.1.jar:?]
	at net.minecraft.client.Minecraft.run(Minecraft.java:718) ~[forge-1.20.1-47.4.0_mapped_official_1.20.1.jar:?]
	at net.minecraft.client.main.Main.main(Main.java:218) ~[forge-1.20.1-47.4.0_mapped_official_1.20.1.jar:?]
	at jdk.internal.reflect.NativeMethodAccessorImpl.invoke0(Native Method) ~[?:?]
	at jdk.internal.reflect.NativeMethodAccessorImpl.invoke(NativeMethodAccessorImpl.java:77) ~[?:?]
	at jdk.internal.reflect.DelegatingMethodAccessorImpl.invoke(DelegatingMethodAccessorImpl.java:43) ~[?:?]
	at java.lang.reflect.Method.invoke(Method.java:568) ~[?:?]
	at net.minecraftforge.fml.loading.targets.CommonLaunchHandler.runTarget(CommonLaunchHandler.java:111) ~[fmlloader-1.20.1-47.4.0.jar:?]
	at net.minecraftforge.fml.loading.targets.CommonLaunchHandler.clientService(CommonLaunchHandler.java:99) ~[fmlloader-1.20.1-47.4.0.jar:?]
	at net.minecraftforge.fml.loading.targets.ForgeClientUserdevLaunchHandler.devService(ForgeClientUserdevLaunchHandler.java:19) ~[fmlloader-1.20.1-47.4.0.jar:?]
	at net.minecraftforge.fml.loading.targets.CommonDevLaunchHandler.lambda$makeService$7(CommonDevLaunchHandler.java:135) ~[fmlloader-1.20.1-47.4.0.jar:?]
	at cpw.mods.modlauncher.LaunchServiceHandlerDecorator.launch(LaunchServiceHandlerDecorator.java:30) ~[modlauncher-10.0.9.jar:?]
	at cpw.mods.modlauncher.LaunchServiceHandler.launch(LaunchServiceHandler.java:53) ~[modlauncher-10.0.9.jar:?]
	at cpw.mods.modlauncher.LaunchServiceHandler.launch(LaunchServiceHandler.java:71) ~[modlauncher-10.0.9.jar:?]
	at cpw.mods.modlauncher.Launcher.run(Launcher.java:108) ~[modlauncher-10.0.9.jar:?]
	at cpw.mods.modlauncher.Launcher.main(Launcher.java:78) ~[modlauncher-10.0.9.jar:?]
	at cpw.mods.modlauncher.BootstrapLaunchConsumer.accept(BootstrapLaunchConsumer.java:26) ~[modlauncher-10.0.9.jar:?]
	at cpw.mods.modlauncher.BootstrapLaunchConsumer.accept(BootstrapLaunchConsumer.java:23) ~[modlauncher-10.0.9.jar:?]
	at cpw.mods.bootstraplauncher.BootstrapLauncher.main(BootstrapLauncher.java:141) ~[bootstraplauncher-1.1.2.jar:?]
[144月2025 01:12:09.972] [Render thread/WARN] [net.minecraft.client.renderer.GameRenderer/]: Failed to load shader: minecraft:shaders/post/defile.json
java.io.FileNotFoundException: minecraft:shaders/post/defile.json
	at net.minecraft.server.packs.resources.ResourceProvider.lambda$getResourceOrThrow$0(ResourceProvider.java:21) ~[forge-1.20.1-47.4.0_mapped_official_1.20.1.jar:?]
	at java.util.Optional.orElseThrow(Optional.java:403) ~[?:?]
	at net.minecraft.server.packs.resources.ResourceProvider.getResourceOrThrow(ResourceProvider.java:21) ~[forge-1.20.1-47.4.0_mapped_official_1.20.1.jar:?]
	at net.minecraft.client.renderer.PostChain.load(PostChain.java:58) ~[forge-1.20.1-47.4.0_mapped_official_1.20.1.jar:?]
	at net.minecraft.client.renderer.PostChain.<init>(PostChain.java:54) ~[forge-1.20.1-47.4.0_mapped_official_1.20.1.jar:?]
	at net.minecraft.client.renderer.GameRenderer.loadEffect(GameRenderer.java:341) ~[forge-1.20.1-47.4.0_mapped_official_1.20.1.jar:?]
	at net.minecraftforge.event.ForgeEventFactory.handler$zzh000$onRenderTickEnd(ForgeEventFactory.java:1274) ~[forge-1.20.1-47.4.0_mapped_official_1.20.1.jar:?]
	at net.minecraftforge.event.ForgeEventFactory.onRenderTickEnd(ForgeEventFactory.java) ~[forge-1.20.1-47.4.0_mapped_official_1.20.1.jar:?]
	at net.minecraft.client.Minecraft.runTick(Minecraft.java:1148) ~[forge-1.20.1-47.4.0_mapped_official_1.20.1.jar:?]
	at net.minecraft.client.Minecraft.run(Minecraft.java:718) ~[forge-1.20.1-47.4.0_mapped_official_1.20.1.jar:?]
	at net.minecraft.client.main.Main.main(Main.java:218) ~[forge-1.20.1-47.4.0_mapped_official_1.20.1.jar:?]
	at jdk.internal.reflect.NativeMethodAccessorImpl.invoke0(Native Method) ~[?:?]
	at jdk.internal.reflect.NativeMethodAccessorImpl.invoke(NativeMethodAccessorImpl.java:77) ~[?:?]
	at jdk.internal.reflect.DelegatingMethodAccessorImpl.invoke(DelegatingMethodAccessorImpl.java:43) ~[?:?]
	at java.lang.reflect.Method.invoke(Method.java:568) ~[?:?]
	at net.minecraftforge.fml.loading.targets.CommonLaunchHandler.runTarget(CommonLaunchHandler.java:111) ~[fmlloader-1.20.1-47.4.0.jar:?]
	at net.minecraftforge.fml.loading.targets.CommonLaunchHandler.clientService(CommonLaunchHandler.java:99) ~[fmlloader-1.20.1-47.4.0.jar:?]
	at net.minecraftforge.fml.loading.targets.ForgeClientUserdevLaunchHandler.devService(ForgeClientUserdevLaunchHandler.java:19) ~[fmlloader-1.20.1-47.4.0.jar:?]
	at net.minecraftforge.fml.loading.targets.CommonDevLaunchHandler.lambda$makeService$7(CommonDevLaunchHandler.java:135) ~[fmlloader-1.20.1-47.4.0.jar:?]
	at cpw.mods.modlauncher.LaunchServiceHandlerDecorator.launch(LaunchServiceHandlerDecorator.java:30) ~[modlauncher-10.0.9.jar:?]
	at cpw.mods.modlauncher.LaunchServiceHandler.launch(LaunchServiceHandler.java:53) ~[modlauncher-10.0.9.jar:?]
	at cpw.mods.modlauncher.LaunchServiceHandler.launch(LaunchServiceHandler.java:71) ~[modlauncher-10.0.9.jar:?]
	at cpw.mods.modlauncher.Launcher.run(Launcher.java:108) ~[modlauncher-10.0.9.jar:?]
	at cpw.mods.modlauncher.Launcher.main(Launcher.java:78) ~[modlauncher-10.0.9.jar:?]
	at cpw.mods.modlauncher.BootstrapLaunchConsumer.accept(BootstrapLaunchConsumer.java:26) ~[modlauncher-10.0.9.jar:?]
	at cpw.mods.modlauncher.BootstrapLaunchConsumer.accept(BootstrapLaunchConsumer.java:23) ~[modlauncher-10.0.9.jar:?]
	at cpw.mods.bootstraplauncher.BootstrapLauncher.main(BootstrapLauncher.java:141) ~[bootstraplauncher-1.1.2.jar:?]
[144月2025 01:12:09.990] [Render thread/WARN] [net.minecraft.client.renderer.GameRenderer/]: Failed to load shader: minecraft:shaders/post/defile.json
java.io.FileNotFoundException: minecraft:shaders/post/defile.json
	at net.minecraft.server.packs.resources.ResourceProvider.lambda$getResourceOrThrow$0(ResourceProvider.java:21) ~[forge-1.20.1-47.4.0_mapped_official_1.20.1.jar:?]
	at java.util.Optional.orElseThrow(Optional.java:403) ~[?:?]
	at net.minecraft.server.packs.resources.ResourceProvider.getResourceOrThrow(ResourceProvider.java:21) ~[forge-1.20.1-47.4.0_mapped_official_1.20.1.jar:?]
	at net.minecraft.client.renderer.PostChain.load(PostChain.java:58) ~[forge-1.20.1-47.4.0_mapped_official_1.20.1.jar:?]
	at net.minecraft.client.renderer.PostChain.<init>(PostChain.java:54) ~[forge-1.20.1-47.4.0_mapped_official_1.20.1.jar:?]
	at net.minecraft.client.renderer.GameRenderer.loadEffect(GameRenderer.java:341) ~[forge-1.20.1-47.4.0_mapped_official_1.20.1.jar:?]
	at net.minecraftforge.event.ForgeEventFactory.handler$zzh000$onRenderTickEnd(ForgeEventFactory.java:1274) ~[forge-1.20.1-47.4.0_mapped_official_1.20.1.jar:?]
	at net.minecraftforge.event.ForgeEventFactory.onRenderTickEnd(ForgeEventFactory.java) ~[forge-1.20.1-47.4.0_mapped_official_1.20.1.jar:?]
	at net.minecraft.client.Minecraft.runTick(Minecraft.java:1148) ~[forge-1.20.1-47.4.0_mapped_official_1.20.1.jar:?]
	at net.minecraft.client.Minecraft.run(Minecraft.java:718) ~[forge-1.20.1-47.4.0_mapped_official_1.20.1.jar:?]
	at net.minecraft.client.main.Main.main(Main.java:218) ~[forge-1.20.1-47.4.0_mapped_official_1.20.1.jar:?]
	at jdk.internal.reflect.NativeMethodAccessorImpl.invoke0(Native Method) ~[?:?]
	at jdk.internal.reflect.NativeMethodAccessorImpl.invoke(NativeMethodAccessorImpl.java:77) ~[?:?]
	at jdk.internal.reflect.DelegatingMethodAccessorImpl.invoke(DelegatingMethodAccessorImpl.java:43) ~[?:?]
	at java.lang.reflect.Method.invoke(Method.java:568) ~[?:?]
	at net.minecraftforge.fml.loading.targets.CommonLaunchHandler.runTarget(CommonLaunchHandler.java:111) ~[fmlloader-1.20.1-47.4.0.jar:?]
	at net.minecraftforge.fml.loading.targets.CommonLaunchHandler.clientService(CommonLaunchHandler.java:99) ~[fmlloader-1.20.1-47.4.0.jar:?]
	at net.minecraftforge.fml.loading.targets.ForgeClientUserdevLaunchHandler.devService(ForgeClientUserdevLaunchHandler.java:19) ~[fmlloader-1.20.1-47.4.0.jar:?]
	at net.minecraftforge.fml.loading.targets.CommonDevLaunchHandler.lambda$makeService$7(CommonDevLaunchHandler.java:135) ~[fmlloader-1.20.1-47.4.0.jar:?]
	at cpw.mods.modlauncher.LaunchServiceHandlerDecorator.launch(LaunchServiceHandlerDecorator.java:30) ~[modlauncher-10.0.9.jar:?]
	at cpw.mods.modlauncher.LaunchServiceHandler.launch(LaunchServiceHandler.java:53) ~[modlauncher-10.0.9.jar:?]
	at cpw.mods.modlauncher.LaunchServiceHandler.launch(LaunchServiceHandler.java:71) ~[modlauncher-10.0.9.jar:?]
	at cpw.mods.modlauncher.Launcher.run(Launcher.java:108) ~[modlauncher-10.0.9.jar:?]
	at cpw.mods.modlauncher.Launcher.main(Launcher.java:78) ~[modlauncher-10.0.9.jar:?]
	at cpw.mods.modlauncher.BootstrapLaunchConsumer.accept(BootstrapLaunchConsumer.java:26) ~[modlauncher-10.0.9.jar:?]
	at cpw.mods.modlauncher.BootstrapLaunchConsumer.accept(BootstrapLaunchConsumer.java:23) ~[modlauncher-10.0.9.jar:?]
	at cpw.mods.bootstraplauncher.BootstrapLauncher.main(BootstrapLauncher.java:141) ~[bootstraplauncher-1.1.2.jar:?]
[144月2025 01:12:10.013] [Render thread/WARN] [net.minecraft.client.renderer.GameRenderer/]: Failed to load shader: minecraft:shaders/post/defile.json
java.io.FileNotFoundException: minecraft:shaders/post/defile.json
	at net.minecraft.server.packs.resources.ResourceProvider.lambda$getResourceOrThrow$0(ResourceProvider.java:21) ~[forge-1.20.1-47.4.0_mapped_official_1.20.1.jar:?]
	at java.util.Optional.orElseThrow(Optional.java:403) ~[?:?]
	at net.minecraft.server.packs.resources.ResourceProvider.getResourceOrThrow(ResourceProvider.java:21) ~[forge-1.20.1-47.4.0_mapped_official_1.20.1.jar:?]
	at net.minecraft.client.renderer.PostChain.load(PostChain.java:58) ~[forge-1.20.1-47.4.0_mapped_official_1.20.1.jar:?]
	at net.minecraft.client.renderer.PostChain.<init>(PostChain.java:54) ~[forge-1.20.1-47.4.0_mapped_official_1.20.1.jar:?]
	at net.minecraft.client.renderer.GameRenderer.loadEffect(GameRenderer.java:341) ~[forge-1.20.1-47.4.0_mapped_official_1.20.1.jar:?]
	at net.minecraftforge.event.ForgeEventFactory.handler$zzh000$onRenderTickEnd(ForgeEventFactory.java:1274) ~[forge-1.20.1-47.4.0_mapped_official_1.20.1.jar:?]
	at net.minecraftforge.event.ForgeEventFactory.onRenderTickEnd(ForgeEventFactory.java) ~[forge-1.20.1-47.4.0_mapped_official_1.20.1.jar:?]
	at net.minecraft.client.Minecraft.runTick(Minecraft.java:1148) ~[forge-1.20.1-47.4.0_mapped_official_1.20.1.jar:?]
	at net.minecraft.client.Minecraft.run(Minecraft.java:718) ~[forge-1.20.1-47.4.0_mapped_official_1.20.1.jar:?]
	at net.minecraft.client.main.Main.main(Main.java:218) ~[forge-1.20.1-47.4.0_mapped_official_1.20.1.jar:?]
	at jdk.internal.reflect.NativeMethodAccessorImpl.invoke0(Native Method) ~[?:?]
	at jdk.internal.reflect.NativeMethodAccessorImpl.invoke(NativeMethodAccessorImpl.java:77) ~[?:?]
	at jdk.internal.reflect.DelegatingMethodAccessorImpl.invoke(DelegatingMethodAccessorImpl.java:43) ~[?:?]
	at java.lang.reflect.Method.invoke(Method.java:568) ~[?:?]
	at net.minecraftforge.fml.loading.targets.CommonLaunchHandler.runTarget(CommonLaunchHandler.java:111) ~[fmlloader-1.20.1-47.4.0.jar:?]
	at net.minecraftforge.fml.loading.targets.CommonLaunchHandler.clientService(CommonLaunchHandler.java:99) ~[fmlloader-1.20.1-47.4.0.jar:?]
	at net.minecraftforge.fml.loading.targets.ForgeClientUserdevLaunchHandler.devService(ForgeClientUserdevLaunchHandler.java:19) ~[fmlloader-1.20.1-47.4.0.jar:?]
	at net.minecraftforge.fml.loading.targets.CommonDevLaunchHandler.lambda$makeService$7(CommonDevLaunchHandler.java:135) ~[fmlloader-1.20.1-47.4.0.jar:?]
	at cpw.mods.modlauncher.LaunchServiceHandlerDecorator.launch(LaunchServiceHandlerDecorator.java:30) ~[modlauncher-10.0.9.jar:?]
	at cpw.mods.modlauncher.LaunchServiceHandler.launch(LaunchServiceHandler.java:53) ~[modlauncher-10.0.9.jar:?]
	at cpw.mods.modlauncher.LaunchServiceHandler.launch(LaunchServiceHandler.java:71) ~[modlauncher-10.0.9.jar:?]
	at cpw.mods.modlauncher.Launcher.run(Launcher.java:108) ~[modlauncher-10.0.9.jar:?]
	at cpw.mods.modlauncher.Launcher.main(Launcher.java:78) ~[modlauncher-10.0.9.jar:?]
	at cpw.mods.modlauncher.BootstrapLaunchConsumer.accept(BootstrapLaunchConsumer.java:26) ~[modlauncher-10.0.9.jar:?]
	at cpw.mods.modlauncher.BootstrapLaunchConsumer.accept(BootstrapLaunchConsumer.java:23) ~[modlauncher-10.0.9.jar:?]
	at cpw.mods.bootstraplauncher.BootstrapLauncher.main(BootstrapLauncher.java:141) ~[bootstraplauncher-1.1.2.jar:?]
[144月2025 01:12:10.028] [Render thread/WARN] [net.minecraft.client.renderer.GameRenderer/]: Failed to load shader: minecraft:shaders/post/defile.json
java.io.FileNotFoundException: minecraft:shaders/post/defile.json
	at net.minecraft.server.packs.resources.ResourceProvider.lambda$getResourceOrThrow$0(ResourceProvider.java:21) ~[forge-1.20.1-47.4.0_mapped_official_1.20.1.jar:?]
	at java.util.Optional.orElseThrow(Optional.java:403) ~[?:?]
	at net.minecraft.server.packs.resources.ResourceProvider.getResourceOrThrow(ResourceProvider.java:21) ~[forge-1.20.1-47.4.0_mapped_official_1.20.1.jar:?]
	at net.minecraft.client.renderer.PostChain.load(PostChain.java:58) ~[forge-1.20.1-47.4.0_mapped_official_1.20.1.jar:?]
	at net.minecraft.client.renderer.PostChain.<init>(PostChain.java:54) ~[forge-1.20.1-47.4.0_mapped_official_1.20.1.jar:?]
	at net.minecraft.client.renderer.GameRenderer.loadEffect(GameRenderer.java:341) ~[forge-1.20.1-47.4.0_mapped_official_1.20.1.jar:?]
	at net.minecraftforge.event.ForgeEventFactory.handler$zzh000$onRenderTickEnd(ForgeEventFactory.java:1274) ~[forge-1.20.1-47.4.0_mapped_official_1.20.1.jar:?]
	at net.minecraftforge.event.ForgeEventFactory.onRenderTickEnd(ForgeEventFactory.java) ~[forge-1.20.1-47.4.0_mapped_official_1.20.1.jar:?]
	at net.minecraft.client.Minecraft.runTick(Minecraft.java:1148) ~[forge-1.20.1-47.4.0_mapped_official_1.20.1.jar:?]
	at net.minecraft.client.Minecraft.run(Minecraft.java:718) ~[forge-1.20.1-47.4.0_mapped_official_1.20.1.jar:?]
	at net.minecraft.client.main.Main.main(Main.java:218) ~[forge-1.20.1-47.4.0_mapped_official_1.20.1.jar:?]
	at jdk.internal.reflect.NativeMethodAccessorImpl.invoke0(Native Method) ~[?:?]
	at jdk.internal.reflect.NativeMethodAccessorImpl.invoke(NativeMethodAccessorImpl.java:77) ~[?:?]
	at jdk.internal.reflect.DelegatingMethodAccessorImpl.invoke(DelegatingMethodAccessorImpl.java:43) ~[?:?]
	at java.lang.reflect.Method.invoke(Method.java:568) ~[?:?]
	at net.minecraftforge.fml.loading.targets.CommonLaunchHandler.runTarget(CommonLaunchHandler.java:111) ~[fmlloader-1.20.1-47.4.0.jar:?]
	at net.minecraftforge.fml.loading.targets.CommonLaunchHandler.clientService(CommonLaunchHandler.java:99) ~[fmlloader-1.20.1-47.4.0.jar:?]
	at net.minecraftforge.fml.loading.targets.ForgeClientUserdevLaunchHandler.devService(ForgeClientUserdevLaunchHandler.java:19) ~[fmlloader-1.20.1-47.4.0.jar:?]
	at net.minecraftforge.fml.loading.targets.CommonDevLaunchHandler.lambda$makeService$7(CommonDevLaunchHandler.java:135) ~[fmlloader-1.20.1-47.4.0.jar:?]
	at cpw.mods.modlauncher.LaunchServiceHandlerDecorator.launch(LaunchServiceHandlerDecorator.java:30) ~[modlauncher-10.0.9.jar:?]
	at cpw.mods.modlauncher.LaunchServiceHandler.launch(LaunchServiceHandler.java:53) ~[modlauncher-10.0.9.jar:?]
	at cpw.mods.modlauncher.LaunchServiceHandler.launch(LaunchServiceHandler.java:71) ~[modlauncher-10.0.9.jar:?]
	at cpw.mods.modlauncher.Launcher.run(Launcher.java:108) ~[modlauncher-10.0.9.jar:?]
	at cpw.mods.modlauncher.Launcher.main(Launcher.java:78) ~[modlauncher-10.0.9.jar:?]
	at cpw.mods.modlauncher.BootstrapLaunchConsumer.accept(BootstrapLaunchConsumer.java:26) ~[modlauncher-10.0.9.jar:?]
	at cpw.mods.modlauncher.BootstrapLaunchConsumer.accept(BootstrapLaunchConsumer.java:23) ~[modlauncher-10.0.9.jar:?]
	at cpw.mods.bootstraplauncher.BootstrapLauncher.main(BootstrapLauncher.java:141) ~[bootstraplauncher-1.1.2.jar:?]
[144月2025 01:12:10.055] [Render thread/WARN] [net.minecraft.client.renderer.GameRenderer/]: Failed to load shader: minecraft:shaders/post/defile.json
java.io.FileNotFoundException: minecraft:shaders/post/defile.json
	at net.minecraft.server.packs.resources.ResourceProvider.lambda$getResourceOrThrow$0(ResourceProvider.java:21) ~[forge-1.20.1-47.4.0_mapped_official_1.20.1.jar:?]
	at java.util.Optional.orElseThrow(Optional.java:403) ~[?:?]
	at net.minecraft.server.packs.resources.ResourceProvider.getResourceOrThrow(ResourceProvider.java:21) ~[forge-1.20.1-47.4.0_mapped_official_1.20.1.jar:?]
	at net.minecraft.client.renderer.PostChain.load(PostChain.java:58) ~[forge-1.20.1-47.4.0_mapped_official_1.20.1.jar:?]
	at net.minecraft.client.renderer.PostChain.<init>(PostChain.java:54) ~[forge-1.20.1-47.4.0_mapped_official_1.20.1.jar:?]
	at net.minecraft.client.renderer.GameRenderer.loadEffect(GameRenderer.java:341) ~[forge-1.20.1-47.4.0_mapped_official_1.20.1.jar:?]
	at net.minecraftforge.event.ForgeEventFactory.handler$zzh000$onRenderTickEnd(ForgeEventFactory.java:1274) ~[forge-1.20.1-47.4.0_mapped_official_1.20.1.jar:?]
	at net.minecraftforge.event.ForgeEventFactory.onRenderTickEnd(ForgeEventFactory.java) ~[forge-1.20.1-47.4.0_mapped_official_1.20.1.jar:?]
	at net.minecraft.client.Minecraft.runTick(Minecraft.java:1148) ~[forge-1.20.1-47.4.0_mapped_official_1.20.1.jar:?]
	at net.minecraft.client.Minecraft.run(Minecraft.java:718) ~[forge-1.20.1-47.4.0_mapped_official_1.20.1.jar:?]
	at net.minecraft.client.main.Main.main(Main.java:218) ~[forge-1.20.1-47.4.0_mapped_official_1.20.1.jar:?]
	at jdk.internal.reflect.NativeMethodAccessorImpl.invoke0(Native Method) ~[?:?]
	at jdk.internal.reflect.NativeMethodAccessorImpl.invoke(NativeMethodAccessorImpl.java:77) ~[?:?]
	at jdk.internal.reflect.DelegatingMethodAccessorImpl.invoke(DelegatingMethodAccessorImpl.java:43) ~[?:?]
	at java.lang.reflect.Method.invoke(Method.java:568) ~[?:?]
	at net.minecraftforge.fml.loading.targets.CommonLaunchHandler.runTarget(CommonLaunchHandler.java:111) ~[fmlloader-1.20.1-47.4.0.jar:?]
	at net.minecraftforge.fml.loading.targets.CommonLaunchHandler.clientService(CommonLaunchHandler.java:99) ~[fmlloader-1.20.1-47.4.0.jar:?]
	at net.minecraftforge.fml.loading.targets.ForgeClientUserdevLaunchHandler.devService(ForgeClientUserdevLaunchHandler.java:19) ~[fmlloader-1.20.1-47.4.0.jar:?]
	at net.minecraftforge.fml.loading.targets.CommonDevLaunchHandler.lambda$makeService$7(CommonDevLaunchHandler.java:135) ~[fmlloader-1.20.1-47.4.0.jar:?]
	at cpw.mods.modlauncher.LaunchServiceHandlerDecorator.launch(LaunchServiceHandlerDecorator.java:30) ~[modlauncher-10.0.9.jar:?]
	at cpw.mods.modlauncher.LaunchServiceHandler.launch(LaunchServiceHandler.java:53) ~[modlauncher-10.0.9.jar:?]
	at cpw.mods.modlauncher.LaunchServiceHandler.launch(LaunchServiceHandler.java:71) ~[modlauncher-10.0.9.jar:?]
	at cpw.mods.modlauncher.Launcher.run(Launcher.java:108) ~[modlauncher-10.0.9.jar:?]
	at cpw.mods.modlauncher.Launcher.main(Launcher.java:78) ~[modlauncher-10.0.9.jar:?]
	at cpw.mods.modlauncher.BootstrapLaunchConsumer.accept(BootstrapLaunchConsumer.java:26) ~[modlauncher-10.0.9.jar:?]
	at cpw.mods.modlauncher.BootstrapLaunchConsumer.accept(BootstrapLaunchConsumer.java:23) ~[modlauncher-10.0.9.jar:?]
	at cpw.mods.bootstraplauncher.BootstrapLauncher.main(BootstrapLauncher.java:141) ~[bootstraplauncher-1.1.2.jar:?]
[144月2025 01:12:10.075] [Render thread/WARN] [net.minecraft.client.renderer.GameRenderer/]: Failed to load shader: minecraft:shaders/post/defile.json
java.io.FileNotFoundException: minecraft:shaders/post/defile.json
	at net.minecraft.server.packs.resources.ResourceProvider.lambda$getResourceOrThrow$0(ResourceProvider.java:21) ~[forge-1.20.1-47.4.0_mapped_official_1.20.1.jar:?]
	at java.util.Optional.orElseThrow(Optional.java:403) ~[?:?]
	at net.minecraft.server.packs.resources.ResourceProvider.getResourceOrThrow(ResourceProvider.java:21) ~[forge-1.20.1-47.4.0_mapped_official_1.20.1.jar:?]
	at net.minecraft.client.renderer.PostChain.load(PostChain.java:58) ~[forge-1.20.1-47.4.0_mapped_official_1.20.1.jar:?]
	at net.minecraft.client.renderer.PostChain.<init>(PostChain.java:54) ~[forge-1.20.1-47.4.0_mapped_official_1.20.1.jar:?]
	at net.minecraft.client.renderer.GameRenderer.loadEffect(GameRenderer.java:341) ~[forge-1.20.1-47.4.0_mapped_official_1.20.1.jar:?]
	at net.minecraftforge.event.ForgeEventFactory.handler$zzh000$onRenderTickEnd(ForgeEventFactory.java:1274) ~[forge-1.20.1-47.4.0_mapped_official_1.20.1.jar:?]
	at net.minecraftforge.event.ForgeEventFactory.onRenderTickEnd(ForgeEventFactory.java) ~[forge-1.20.1-47.4.0_mapped_official_1.20.1.jar:?]
	at net.minecraft.client.Minecraft.runTick(Minecraft.java:1148) ~[forge-1.20.1-47.4.0_mapped_official_1.20.1.jar:?]
	at net.minecraft.client.Minecraft.run(Minecraft.java:718) ~[forge-1.20.1-47.4.0_mapped_official_1.20.1.jar:?]
	at net.minecraft.client.main.Main.main(Main.java:218) ~[forge-1.20.1-47.4.0_mapped_official_1.20.1.jar:?]
	at jdk.internal.reflect.NativeMethodAccessorImpl.invoke0(Native Method) ~[?:?]
	at jdk.internal.reflect.NativeMethodAccessorImpl.invoke(NativeMethodAccessorImpl.java:77) ~[?:?]
	at jdk.internal.reflect.DelegatingMethodAccessorImpl.invoke(DelegatingMethodAccessorImpl.java:43) ~[?:?]
	at java.lang.reflect.Method.invoke(Method.java:568) ~[?:?]
	at net.minecraftforge.fml.loading.targets.CommonLaunchHandler.runTarget(CommonLaunchHandler.java:111) ~[fmlloader-1.20.1-47.4.0.jar:?]
	at net.minecraftforge.fml.loading.targets.CommonLaunchHandler.clientService(CommonLaunchHandler.java:99) ~[fmlloader-1.20.1-47.4.0.jar:?]
	at net.minecraftforge.fml.loading.targets.ForgeClientUserdevLaunchHandler.devService(ForgeClientUserdevLaunchHandler.java:19) ~[fmlloader-1.20.1-47.4.0.jar:?]
	at net.minecraftforge.fml.loading.targets.CommonDevLaunchHandler.lambda$makeService$7(CommonDevLaunchHandler.java:135) ~[fmlloader-1.20.1-47.4.0.jar:?]
	at cpw.mods.modlauncher.LaunchServiceHandlerDecorator.launch(LaunchServiceHandlerDecorator.java:30) ~[modlauncher-10.0.9.jar:?]
	at cpw.mods.modlauncher.LaunchServiceHandler.launch(LaunchServiceHandler.java:53) ~[modlauncher-10.0.9.jar:?]
	at cpw.mods.modlauncher.LaunchServiceHandler.launch(LaunchServiceHandler.java:71) ~[modlauncher-10.0.9.jar:?]
	at cpw.mods.modlauncher.Launcher.run(Launcher.java:108) ~[modlauncher-10.0.9.jar:?]
	at cpw.mods.modlauncher.Launcher.main(Launcher.java:78) ~[modlauncher-10.0.9.jar:?]
	at cpw.mods.modlauncher.BootstrapLaunchConsumer.accept(BootstrapLaunchConsumer.java:26) ~[modlauncher-10.0.9.jar:?]
	at cpw.mods.modlauncher.BootstrapLaunchConsumer.accept(BootstrapLaunchConsumer.java:23) ~[modlauncher-10.0.9.jar:?]
	at cpw.mods.bootstraplauncher.BootstrapLauncher.main(BootstrapLauncher.java:141) ~[bootstraplauncher-1.1.2.jar:?]
[144月2025 01:12:10.090] [Render thread/WARN] [net.minecraft.client.renderer.GameRenderer/]: Failed to load shader: minecraft:shaders/post/defile.json
java.io.FileNotFoundException: minecraft:shaders/post/defile.json
	at net.minecraft.server.packs.resources.ResourceProvider.lambda$getResourceOrThrow$0(ResourceProvider.java:21) ~[forge-1.20.1-47.4.0_mapped_official_1.20.1.jar:?]
	at java.util.Optional.orElseThrow(Optional.java:403) ~[?:?]
	at net.minecraft.server.packs.resources.ResourceProvider.getResourceOrThrow(ResourceProvider.java:21) ~[forge-1.20.1-47.4.0_mapped_official_1.20.1.jar:?]
	at net.minecraft.client.renderer.PostChain.load(PostChain.java:58) ~[forge-1.20.1-47.4.0_mapped_official_1.20.1.jar:?]
	at net.minecraft.client.renderer.PostChain.<init>(PostChain.java:54) ~[forge-1.20.1-47.4.0_mapped_official_1.20.1.jar:?]
	at net.minecraft.client.renderer.GameRenderer.loadEffect(GameRenderer.java:341) ~[forge-1.20.1-47.4.0_mapped_official_1.20.1.jar:?]
	at net.minecraftforge.event.ForgeEventFactory.handler$zzh000$onRenderTickEnd(ForgeEventFactory.java:1274) ~[forge-1.20.1-47.4.0_mapped_official_1.20.1.jar:?]
	at net.minecraftforge.event.ForgeEventFactory.onRenderTickEnd(ForgeEventFactory.java) ~[forge-1.20.1-47.4.0_mapped_official_1.20.1.jar:?]
	at net.minecraft.client.Minecraft.runTick(Minecraft.java:1148) ~[forge-1.20.1-47.4.0_mapped_official_1.20.1.jar:?]
	at net.minecraft.client.Minecraft.run(Minecraft.java:718) ~[forge-1.20.1-47.4.0_mapped_official_1.20.1.jar:?]
	at net.minecraft.client.main.Main.main(Main.java:218) ~[forge-1.20.1-47.4.0_mapped_official_1.20.1.jar:?]
	at jdk.internal.reflect.NativeMethodAccessorImpl.invoke0(Native Method) ~[?:?]
	at jdk.internal.reflect.NativeMethodAccessorImpl.invoke(NativeMethodAccessorImpl.java:77) ~[?:?]
	at jdk.internal.reflect.DelegatingMethodAccessorImpl.invoke(DelegatingMethodAccessorImpl.java:43) ~[?:?]
	at java.lang.reflect.Method.invoke(Method.java:568) ~[?:?]
	at net.minecraftforge.fml.loading.targets.CommonLaunchHandler.runTarget(CommonLaunchHandler.java:111) ~[fmlloader-1.20.1-47.4.0.jar:?]
	at net.minecraftforge.fml.loading.targets.CommonLaunchHandler.clientService(CommonLaunchHandler.java:99) ~[fmlloader-1.20.1-47.4.0.jar:?]
	at net.minecraftforge.fml.loading.targets.ForgeClientUserdevLaunchHandler.devService(ForgeClientUserdevLaunchHandler.java:19) ~[fmlloader-1.20.1-47.4.0.jar:?]
	at net.minecraftforge.fml.loading.targets.CommonDevLaunchHandler.lambda$makeService$7(CommonDevLaunchHandler.java:135) ~[fmlloader-1.20.1-47.4.0.jar:?]
	at cpw.mods.modlauncher.LaunchServiceHandlerDecorator.launch(LaunchServiceHandlerDecorator.java:30) ~[modlauncher-10.0.9.jar:?]
	at cpw.mods.modlauncher.LaunchServiceHandler.launch(LaunchServiceHandler.java:53) ~[modlauncher-10.0.9.jar:?]
	at cpw.mods.modlauncher.LaunchServiceHandler.launch(LaunchServiceHandler.java:71) ~[modlauncher-10.0.9.jar:?]
	at cpw.mods.modlauncher.Launcher.run(Launcher.java:108) ~[modlauncher-10.0.9.jar:?]
	at cpw.mods.modlauncher.Launcher.main(Launcher.java:78) ~[modlauncher-10.0.9.jar:?]
	at cpw.mods.modlauncher.BootstrapLaunchConsumer.accept(BootstrapLaunchConsumer.java:26) ~[modlauncher-10.0.9.jar:?]
	at cpw.mods.modlauncher.BootstrapLaunchConsumer.accept(BootstrapLaunchConsumer.java:23) ~[modlauncher-10.0.9.jar:?]
	at cpw.mods.bootstraplauncher.BootstrapLauncher.main(BootstrapLauncher.java:141) ~[bootstraplauncher-1.1.2.jar:?]
[144月2025 01:12:10.107] [Render thread/WARN] [net.minecraft.client.renderer.GameRenderer/]: Failed to load shader: minecraft:shaders/post/defile.json
java.io.FileNotFoundException: minecraft:shaders/post/defile.json
	at net.minecraft.server.packs.resources.ResourceProvider.lambda$getResourceOrThrow$0(ResourceProvider.java:21) ~[forge-1.20.1-47.4.0_mapped_official_1.20.1.jar:?]
	at java.util.Optional.orElseThrow(Optional.java:403) ~[?:?]
	at net.minecraft.server.packs.resources.ResourceProvider.getResourceOrThrow(ResourceProvider.java:21) ~[forge-1.20.1-47.4.0_mapped_official_1.20.1.jar:?]
	at net.minecraft.client.renderer.PostChain.load(PostChain.java:58) ~[forge-1.20.1-47.4.0_mapped_official_1.20.1.jar:?]
	at net.minecraft.client.renderer.PostChain.<init>(PostChain.java:54) ~[forge-1.20.1-47.4.0_mapped_official_1.20.1.jar:?]
	at net.minecraft.client.renderer.GameRenderer.loadEffect(GameRenderer.java:341) ~[forge-1.20.1-47.4.0_mapped_official_1.20.1.jar:?]
	at net.minecraftforge.event.ForgeEventFactory.handler$zzh000$onRenderTickEnd(ForgeEventFactory.java:1274) ~[forge-1.20.1-47.4.0_mapped_official_1.20.1.jar:?]
	at net.minecraftforge.event.ForgeEventFactory.onRenderTickEnd(ForgeEventFactory.java) ~[forge-1.20.1-47.4.0_mapped_official_1.20.1.jar:?]
	at net.minecraft.client.Minecraft.runTick(Minecraft.java:1148) ~[forge-1.20.1-47.4.0_mapped_official_1.20.1.jar:?]
	at net.minecraft.client.Minecraft.run(Minecraft.java:718) ~[forge-1.20.1-47.4.0_mapped_official_1.20.1.jar:?]
	at net.minecraft.client.main.Main.main(Main.java:218) ~[forge-1.20.1-47.4.0_mapped_official_1.20.1.jar:?]
	at jdk.internal.reflect.NativeMethodAccessorImpl.invoke0(Native Method) ~[?:?]
	at jdk.internal.reflect.NativeMethodAccessorImpl.invoke(NativeMethodAccessorImpl.java:77) ~[?:?]
	at jdk.internal.reflect.DelegatingMethodAccessorImpl.invoke(DelegatingMethodAccessorImpl.java:43) ~[?:?]
	at java.lang.reflect.Method.invoke(Method.java:568) ~[?:?]
	at net.minecraftforge.fml.loading.targets.CommonLaunchHandler.runTarget(CommonLaunchHandler.java:111) ~[fmlloader-1.20.1-47.4.0.jar:?]
	at net.minecraftforge.fml.loading.targets.CommonLaunchHandler.clientService(CommonLaunchHandler.java:99) ~[fmlloader-1.20.1-47.4.0.jar:?]
	at net.minecraftforge.fml.loading.targets.ForgeClientUserdevLaunchHandler.devService(ForgeClientUserdevLaunchHandler.java:19) ~[fmlloader-1.20.1-47.4.0.jar:?]
	at net.minecraftforge.fml.loading.targets.CommonDevLaunchHandler.lambda$makeService$7(CommonDevLaunchHandler.java:135) ~[fmlloader-1.20.1-47.4.0.jar:?]
	at cpw.mods.modlauncher.LaunchServiceHandlerDecorator.launch(LaunchServiceHandlerDecorator.java:30) ~[modlauncher-10.0.9.jar:?]
	at cpw.mods.modlauncher.LaunchServiceHandler.launch(LaunchServiceHandler.java:53) ~[modlauncher-10.0.9.jar:?]
	at cpw.mods.modlauncher.LaunchServiceHandler.launch(LaunchServiceHandler.java:71) ~[modlauncher-10.0.9.jar:?]
	at cpw.mods.modlauncher.Launcher.run(Launcher.java:108) ~[modlauncher-10.0.9.jar:?]
	at cpw.mods.modlauncher.Launcher.main(Launcher.java:78) ~[modlauncher-10.0.9.jar:?]
	at cpw.mods.modlauncher.BootstrapLaunchConsumer.accept(BootstrapLaunchConsumer.java:26) ~[modlauncher-10.0.9.jar:?]
	at cpw.mods.modlauncher.BootstrapLaunchConsumer.accept(BootstrapLaunchConsumer.java:23) ~[modlauncher-10.0.9.jar:?]
	at cpw.mods.bootstraplauncher.BootstrapLauncher.main(BootstrapLauncher.java:141) ~[bootstraplauncher-1.1.2.jar:?]
[144月2025 01:12:10.121] [Render thread/WARN] [net.minecraft.client.renderer.GameRenderer/]: Failed to load shader: minecraft:shaders/post/defile.json
java.io.FileNotFoundException: minecraft:shaders/post/defile.json
	at net.minecraft.server.packs.resources.ResourceProvider.lambda$getResourceOrThrow$0(ResourceProvider.java:21) ~[forge-1.20.1-47.4.0_mapped_official_1.20.1.jar:?]
	at java.util.Optional.orElseThrow(Optional.java:403) ~[?:?]
	at net.minecraft.server.packs.resources.ResourceProvider.getResourceOrThrow(ResourceProvider.java:21) ~[forge-1.20.1-47.4.0_mapped_official_1.20.1.jar:?]
	at net.minecraft.client.renderer.PostChain.load(PostChain.java:58) ~[forge-1.20.1-47.4.0_mapped_official_1.20.1.jar:?]
	at net.minecraft.client.renderer.PostChain.<init>(PostChain.java:54) ~[forge-1.20.1-47.4.0_mapped_official_1.20.1.jar:?]
	at net.minecraft.client.renderer.GameRenderer.loadEffect(GameRenderer.java:341) ~[forge-1.20.1-47.4.0_mapped_official_1.20.1.jar:?]
	at net.minecraftforge.event.ForgeEventFactory.handler$zzh000$onRenderTickEnd(ForgeEventFactory.java:1274) ~[forge-1.20.1-47.4.0_mapped_official_1.20.1.jar:?]
	at net.minecraftforge.event.ForgeEventFactory.onRenderTickEnd(ForgeEventFactory.java) ~[forge-1.20.1-47.4.0_mapped_official_1.20.1.jar:?]
	at net.minecraft.client.Minecraft.runTick(Minecraft.java:1148) ~[forge-1.20.1-47.4.0_mapped_official_1.20.1.jar:?]
	at net.minecraft.client.Minecraft.run(Minecraft.java:718) ~[forge-1.20.1-47.4.0_mapped_official_1.20.1.jar:?]
	at net.minecraft.client.main.Main.main(Main.java:218) ~[forge-1.20.1-47.4.0_mapped_official_1.20.1.jar:?]
	at jdk.internal.reflect.NativeMethodAccessorImpl.invoke0(Native Method) ~[?:?]
	at jdk.internal.reflect.NativeMethodAccessorImpl.invoke(NativeMethodAccessorImpl.java:77) ~[?:?]
	at jdk.internal.reflect.DelegatingMethodAccessorImpl.invoke(DelegatingMethodAccessorImpl.java:43) ~[?:?]
	at java.lang.reflect.Method.invoke(Method.java:568) ~[?:?]
	at net.minecraftforge.fml.loading.targets.CommonLaunchHandler.runTarget(CommonLaunchHandler.java:111) ~[fmlloader-1.20.1-47.4.0.jar:?]
	at net.minecraftforge.fml.loading.targets.CommonLaunchHandler.clientService(CommonLaunchHandler.java:99) ~[fmlloader-1.20.1-47.4.0.jar:?]
	at net.minecraftforge.fml.loading.targets.ForgeClientUserdevLaunchHandler.devService(ForgeClientUserdevLaunchHandler.java:19) ~[fmlloader-1.20.1-47.4.0.jar:?]
	at net.minecraftforge.fml.loading.targets.CommonDevLaunchHandler.lambda$makeService$7(CommonDevLaunchHandler.java:135) ~[fmlloader-1.20.1-47.4.0.jar:?]
	at cpw.mods.modlauncher.LaunchServiceHandlerDecorator.launch(LaunchServiceHandlerDecorator.java:30) ~[modlauncher-10.0.9.jar:?]
	at cpw.mods.modlauncher.LaunchServiceHandler.launch(LaunchServiceHandler.java:53) ~[modlauncher-10.0.9.jar:?]
	at cpw.mods.modlauncher.LaunchServiceHandler.launch(LaunchServiceHandler.java:71) ~[modlauncher-10.0.9.jar:?]
	at cpw.mods.modlauncher.Launcher.run(Launcher.java:108) ~[modlauncher-10.0.9.jar:?]
	at cpw.mods.modlauncher.Launcher.main(Launcher.java:78) ~[modlauncher-10.0.9.jar:?]
	at cpw.mods.modlauncher.BootstrapLaunchConsumer.accept(BootstrapLaunchConsumer.java:26) ~[modlauncher-10.0.9.jar:?]
	at cpw.mods.modlauncher.BootstrapLaunchConsumer.accept(BootstrapLaunchConsumer.java:23) ~[modlauncher-10.0.9.jar:?]
	at cpw.mods.bootstraplauncher.BootstrapLauncher.main(BootstrapLauncher.java:141) ~[bootstraplauncher-1.1.2.jar:?]
[144月2025 01:12:10.139] [Render thread/WARN] [net.minecraft.client.renderer.GameRenderer/]: Failed to load shader: minecraft:shaders/post/defile.json
java.io.FileNotFoundException: minecraft:shaders/post/defile.json
	at net.minecraft.server.packs.resources.ResourceProvider.lambda$getResourceOrThrow$0(ResourceProvider.java:21) ~[forge-1.20.1-47.4.0_mapped_official_1.20.1.jar:?]
	at java.util.Optional.orElseThrow(Optional.java:403) ~[?:?]
	at net.minecraft.server.packs.resources.ResourceProvider.getResourceOrThrow(ResourceProvider.java:21) ~[forge-1.20.1-47.4.0_mapped_official_1.20.1.jar:?]
	at net.minecraft.client.renderer.PostChain.load(PostChain.java:58) ~[forge-1.20.1-47.4.0_mapped_official_1.20.1.jar:?]
	at net.minecraft.client.renderer.PostChain.<init>(PostChain.java:54) ~[forge-1.20.1-47.4.0_mapped_official_1.20.1.jar:?]
	at net.minecraft.client.renderer.GameRenderer.loadEffect(GameRenderer.java:341) ~[forge-1.20.1-47.4.0_mapped_official_1.20.1.jar:?]
	at net.minecraftforge.event.ForgeEventFactory.handler$zzh000$onRenderTickEnd(ForgeEventFactory.java:1274) ~[forge-1.20.1-47.4.0_mapped_official_1.20.1.jar:?]
	at net.minecraftforge.event.ForgeEventFactory.onRenderTickEnd(ForgeEventFactory.java) ~[forge-1.20.1-47.4.0_mapped_official_1.20.1.jar:?]
	at net.minecraft.client.Minecraft.runTick(Minecraft.java:1148) ~[forge-1.20.1-47.4.0_mapped_official_1.20.1.jar:?]
	at net.minecraft.client.Minecraft.run(Minecraft.java:718) ~[forge-1.20.1-47.4.0_mapped_official_1.20.1.jar:?]
	at net.minecraft.client.main.Main.main(Main.java:218) ~[forge-1.20.1-47.4.0_mapped_official_1.20.1.jar:?]
	at jdk.internal.reflect.NativeMethodAccessorImpl.invoke0(Native Method) ~[?:?]
	at jdk.internal.reflect.NativeMethodAccessorImpl.invoke(NativeMethodAccessorImpl.java:77) ~[?:?]
	at jdk.internal.reflect.DelegatingMethodAccessorImpl.invoke(DelegatingMethodAccessorImpl.java:43) ~[?:?]
	at java.lang.reflect.Method.invoke(Method.java:568) ~[?:?]
	at net.minecraftforge.fml.loading.targets.CommonLaunchHandler.runTarget(CommonLaunchHandler.java:111) ~[fmlloader-1.20.1-47.4.0.jar:?]
	at net.minecraftforge.fml.loading.targets.CommonLaunchHandler.clientService(CommonLaunchHandler.java:99) ~[fmlloader-1.20.1-47.4.0.jar:?]
	at net.minecraftforge.fml.loading.targets.ForgeClientUserdevLaunchHandler.devService(ForgeClientUserdevLaunchHandler.java:19) ~[fmlloader-1.20.1-47.4.0.jar:?]
	at net.minecraftforge.fml.loading.targets.CommonDevLaunchHandler.lambda$makeService$7(CommonDevLaunchHandler.java:135) ~[fmlloader-1.20.1-47.4.0.jar:?]
	at cpw.mods.modlauncher.LaunchServiceHandlerDecorator.launch(LaunchServiceHandlerDecorator.java:30) ~[modlauncher-10.0.9.jar:?]
	at cpw.mods.modlauncher.LaunchServiceHandler.launch(LaunchServiceHandler.java:53) ~[modlauncher-10.0.9.jar:?]
	at cpw.mods.modlauncher.LaunchServiceHandler.launch(LaunchServiceHandler.java:71) ~[modlauncher-10.0.9.jar:?]
	at cpw.mods.modlauncher.Launcher.run(Launcher.java:108) ~[modlauncher-10.0.9.jar:?]
	at cpw.mods.modlauncher.Launcher.main(Launcher.java:78) ~[modlauncher-10.0.9.jar:?]
	at cpw.mods.modlauncher.BootstrapLaunchConsumer.accept(BootstrapLaunchConsumer.java:26) ~[modlauncher-10.0.9.jar:?]
	at cpw.mods.modlauncher.BootstrapLaunchConsumer.accept(BootstrapLaunchConsumer.java:23) ~[modlauncher-10.0.9.jar:?]
	at cpw.mods.bootstraplauncher.BootstrapLauncher.main(BootstrapLauncher.java:141) ~[bootstraplauncher-1.1.2.jar:?]
[144月2025 01:12:10.157] [Render thread/WARN] [net.minecraft.client.renderer.GameRenderer/]: Failed to load shader: minecraft:shaders/post/defile.json
java.io.FileNotFoundException: minecraft:shaders/post/defile.json
	at net.minecraft.server.packs.resources.ResourceProvider.lambda$getResourceOrThrow$0(ResourceProvider.java:21) ~[forge-1.20.1-47.4.0_mapped_official_1.20.1.jar:?]
	at java.util.Optional.orElseThrow(Optional.java:403) ~[?:?]
	at net.minecraft.server.packs.resources.ResourceProvider.getResourceOrThrow(ResourceProvider.java:21) ~[forge-1.20.1-47.4.0_mapped_official_1.20.1.jar:?]
	at net.minecraft.client.renderer.PostChain.load(PostChain.java:58) ~[forge-1.20.1-47.4.0_mapped_official_1.20.1.jar:?]
	at net.minecraft.client.renderer.PostChain.<init>(PostChain.java:54) ~[forge-1.20.1-47.4.0_mapped_official_1.20.1.jar:?]
	at net.minecraft.client.renderer.GameRenderer.loadEffect(GameRenderer.java:341) ~[forge-1.20.1-47.4.0_mapped_official_1.20.1.jar:?]
	at net.minecraftforge.event.ForgeEventFactory.handler$zzh000$onRenderTickEnd(ForgeEventFactory.java:1274) ~[forge-1.20.1-47.4.0_mapped_official_1.20.1.jar:?]
	at net.minecraftforge.event.ForgeEventFactory.onRenderTickEnd(ForgeEventFactory.java) ~[forge-1.20.1-47.4.0_mapped_official_1.20.1.jar:?]
	at net.minecraft.client.Minecraft.runTick(Minecraft.java:1148) ~[forge-1.20.1-47.4.0_mapped_official_1.20.1.jar:?]
	at net.minecraft.client.Minecraft.run(Minecraft.java:718) ~[forge-1.20.1-47.4.0_mapped_official_1.20.1.jar:?]
	at net.minecraft.client.main.Main.main(Main.java:218) ~[forge-1.20.1-47.4.0_mapped_official_1.20.1.jar:?]
	at jdk.internal.reflect.NativeMethodAccessorImpl.invoke0(Native Method) ~[?:?]
	at jdk.internal.reflect.NativeMethodAccessorImpl.invoke(NativeMethodAccessorImpl.java:77) ~[?:?]
	at jdk.internal.reflect.DelegatingMethodAccessorImpl.invoke(DelegatingMethodAccessorImpl.java:43) ~[?:?]
	at java.lang.reflect.Method.invoke(Method.java:568) ~[?:?]
	at net.minecraftforge.fml.loading.targets.CommonLaunchHandler.runTarget(CommonLaunchHandler.java:111) ~[fmlloader-1.20.1-47.4.0.jar:?]
	at net.minecraftforge.fml.loading.targets.CommonLaunchHandler.clientService(CommonLaunchHandler.java:99) ~[fmlloader-1.20.1-47.4.0.jar:?]
	at net.minecraftforge.fml.loading.targets.ForgeClientUserdevLaunchHandler.devService(ForgeClientUserdevLaunchHandler.java:19) ~[fmlloader-1.20.1-47.4.0.jar:?]
	at net.minecraftforge.fml.loading.targets.CommonDevLaunchHandler.lambda$makeService$7(CommonDevLaunchHandler.java:135) ~[fmlloader-1.20.1-47.4.0.jar:?]
	at cpw.mods.modlauncher.LaunchServiceHandlerDecorator.launch(LaunchServiceHandlerDecorator.java:30) ~[modlauncher-10.0.9.jar:?]
	at cpw.mods.modlauncher.LaunchServiceHandler.launch(LaunchServiceHandler.java:53) ~[modlauncher-10.0.9.jar:?]
	at cpw.mods.modlauncher.LaunchServiceHandler.launch(LaunchServiceHandler.java:71) ~[modlauncher-10.0.9.jar:?]
	at cpw.mods.modlauncher.Launcher.run(Launcher.java:108) ~[modlauncher-10.0.9.jar:?]
	at cpw.mods.modlauncher.Launcher.main(Launcher.java:78) ~[modlauncher-10.0.9.jar:?]
	at cpw.mods.modlauncher.BootstrapLaunchConsumer.accept(BootstrapLaunchConsumer.java:26) ~[modlauncher-10.0.9.jar:?]
	at cpw.mods.modlauncher.BootstrapLaunchConsumer.accept(BootstrapLaunchConsumer.java:23) ~[modlauncher-10.0.9.jar:?]
	at cpw.mods.bootstraplauncher.BootstrapLauncher.main(BootstrapLauncher.java:141) ~[bootstraplauncher-1.1.2.jar:?]
[144月2025 01:12:10.172] [Render thread/WARN] [net.minecraft.client.renderer.GameRenderer/]: Failed to load shader: minecraft:shaders/post/defile.json
java.io.FileNotFoundException: minecraft:shaders/post/defile.json
	at net.minecraft.server.packs.resources.ResourceProvider.lambda$getResourceOrThrow$0(ResourceProvider.java:21) ~[forge-1.20.1-47.4.0_mapped_official_1.20.1.jar:?]
	at java.util.Optional.orElseThrow(Optional.java:403) ~[?:?]
	at net.minecraft.server.packs.resources.ResourceProvider.getResourceOrThrow(ResourceProvider.java:21) ~[forge-1.20.1-47.4.0_mapped_official_1.20.1.jar:?]
	at net.minecraft.client.renderer.PostChain.load(PostChain.java:58) ~[forge-1.20.1-47.4.0_mapped_official_1.20.1.jar:?]
	at net.minecraft.client.renderer.PostChain.<init>(PostChain.java:54) ~[forge-1.20.1-47.4.0_mapped_official_1.20.1.jar:?]
	at net.minecraft.client.renderer.GameRenderer.loadEffect(GameRenderer.java:341) ~[forge-1.20.1-47.4.0_mapped_official_1.20.1.jar:?]
	at net.minecraftforge.event.ForgeEventFactory.handler$zzh000$onRenderTickEnd(ForgeEventFactory.java:1274) ~[forge-1.20.1-47.4.0_mapped_official_1.20.1.jar:?]
	at net.minecraftforge.event.ForgeEventFactory.onRenderTickEnd(ForgeEventFactory.java) ~[forge-1.20.1-47.4.0_mapped_official_1.20.1.jar:?]
	at net.minecraft.client.Minecraft.runTick(Minecraft.java:1148) ~[forge-1.20.1-47.4.0_mapped_official_1.20.1.jar:?]
	at net.minecraft.client.Minecraft.run(Minecraft.java:718) ~[forge-1.20.1-47.4.0_mapped_official_1.20.1.jar:?]
	at net.minecraft.client.main.Main.main(Main.java:218) ~[forge-1.20.1-47.4.0_mapped_official_1.20.1.jar:?]
	at jdk.internal.reflect.NativeMethodAccessorImpl.invoke0(Native Method) ~[?:?]
	at jdk.internal.reflect.NativeMethodAccessorImpl.invoke(NativeMethodAccessorImpl.java:77) ~[?:?]
	at jdk.internal.reflect.DelegatingMethodAccessorImpl.invoke(DelegatingMethodAccessorImpl.java:43) ~[?:?]
	at java.lang.reflect.Method.invoke(Method.java:568) ~[?:?]
	at net.minecraftforge.fml.loading.targets.CommonLaunchHandler.runTarget(CommonLaunchHandler.java:111) ~[fmlloader-1.20.1-47.4.0.jar:?]
	at net.minecraftforge.fml.loading.targets.CommonLaunchHandler.clientService(CommonLaunchHandler.java:99) ~[fmlloader-1.20.1-47.4.0.jar:?]
	at net.minecraftforge.fml.loading.targets.ForgeClientUserdevLaunchHandler.devService(ForgeClientUserdevLaunchHandler.java:19) ~[fmlloader-1.20.1-47.4.0.jar:?]
	at net.minecraftforge.fml.loading.targets.CommonDevLaunchHandler.lambda$makeService$7(CommonDevLaunchHandler.java:135) ~[fmlloader-1.20.1-47.4.0.jar:?]
	at cpw.mods.modlauncher.LaunchServiceHandlerDecorator.launch(LaunchServiceHandlerDecorator.java:30) ~[modlauncher-10.0.9.jar:?]
	at cpw.mods.modlauncher.LaunchServiceHandler.launch(LaunchServiceHandler.java:53) ~[modlauncher-10.0.9.jar:?]
	at cpw.mods.modlauncher.LaunchServiceHandler.launch(LaunchServiceHandler.java:71) ~[modlauncher-10.0.9.jar:?]
	at cpw.mods.modlauncher.Launcher.run(Launcher.java:108) ~[modlauncher-10.0.9.jar:?]
	at cpw.mods.modlauncher.Launcher.main(Launcher.java:78) ~[modlauncher-10.0.9.jar:?]
	at cpw.mods.modlauncher.BootstrapLaunchConsumer.accept(BootstrapLaunchConsumer.java:26) ~[modlauncher-10.0.9.jar:?]
	at cpw.mods.modlauncher.BootstrapLaunchConsumer.accept(BootstrapLaunchConsumer.java:23) ~[modlauncher-10.0.9.jar:?]
	at cpw.mods.bootstraplauncher.BootstrapLauncher.main(BootstrapLauncher.java:141) ~[bootstraplauncher-1.1.2.jar:?]
[144月2025 01:12:10.189] [Render thread/WARN] [net.minecraft.client.renderer.GameRenderer/]: Failed to load shader: minecraft:shaders/post/defile.json
java.io.FileNotFoundException: minecraft:shaders/post/defile.json
	at net.minecraft.server.packs.resources.ResourceProvider.lambda$getResourceOrThrow$0(ResourceProvider.java:21) ~[forge-1.20.1-47.4.0_mapped_official_1.20.1.jar:?]
	at java.util.Optional.orElseThrow(Optional.java:403) ~[?:?]
	at net.minecraft.server.packs.resources.ResourceProvider.getResourceOrThrow(ResourceProvider.java:21) ~[forge-1.20.1-47.4.0_mapped_official_1.20.1.jar:?]
	at net.minecraft.client.renderer.PostChain.load(PostChain.java:58) ~[forge-1.20.1-47.4.0_mapped_official_1.20.1.jar:?]
	at net.minecraft.client.renderer.PostChain.<init>(PostChain.java:54) ~[forge-1.20.1-47.4.0_mapped_official_1.20.1.jar:?]
	at net.minecraft.client.renderer.GameRenderer.loadEffect(GameRenderer.java:341) ~[forge-1.20.1-47.4.0_mapped_official_1.20.1.jar:?]
	at net.minecraftforge.event.ForgeEventFactory.handler$zzh000$onRenderTickEnd(ForgeEventFactory.java:1274) ~[forge-1.20.1-47.4.0_mapped_official_1.20.1.jar:?]
	at net.minecraftforge.event.ForgeEventFactory.onRenderTickEnd(ForgeEventFactory.java) ~[forge-1.20.1-47.4.0_mapped_official_1.20.1.jar:?]
	at net.minecraft.client.Minecraft.runTick(Minecraft.java:1148) ~[forge-1.20.1-47.4.0_mapped_official_1.20.1.jar:?]
	at net.minecraft.client.Minecraft.run(Minecraft.java:718) ~[forge-1.20.1-47.4.0_mapped_official_1.20.1.jar:?]
	at net.minecraft.client.main.Main.main(Main.java:218) ~[forge-1.20.1-47.4.0_mapped_official_1.20.1.jar:?]
	at jdk.internal.reflect.NativeMethodAccessorImpl.invoke0(Native Method) ~[?:?]
	at jdk.internal.reflect.NativeMethodAccessorImpl.invoke(NativeMethodAccessorImpl.java:77) ~[?:?]
	at jdk.internal.reflect.DelegatingMethodAccessorImpl.invoke(DelegatingMethodAccessorImpl.java:43) ~[?:?]
	at java.lang.reflect.Method.invoke(Method.java:568) ~[?:?]
	at net.minecraftforge.fml.loading.targets.CommonLaunchHandler.runTarget(CommonLaunchHandler.java:111) ~[fmlloader-1.20.1-47.4.0.jar:?]
	at net.minecraftforge.fml.loading.targets.CommonLaunchHandler.clientService(CommonLaunchHandler.java:99) ~[fmlloader-1.20.1-47.4.0.jar:?]
	at net.minecraftforge.fml.loading.targets.ForgeClientUserdevLaunchHandler.devService(ForgeClientUserdevLaunchHandler.java:19) ~[fmlloader-1.20.1-47.4.0.jar:?]
	at net.minecraftforge.fml.loading.targets.CommonDevLaunchHandler.lambda$makeService$7(CommonDevLaunchHandler.java:135) ~[fmlloader-1.20.1-47.4.0.jar:?]
	at cpw.mods.modlauncher.LaunchServiceHandlerDecorator.launch(LaunchServiceHandlerDecorator.java:30) ~[modlauncher-10.0.9.jar:?]
	at cpw.mods.modlauncher.LaunchServiceHandler.launch(LaunchServiceHandler.java:53) ~[modlauncher-10.0.9.jar:?]
	at cpw.mods.modlauncher.LaunchServiceHandler.launch(LaunchServiceHandler.java:71) ~[modlauncher-10.0.9.jar:?]
	at cpw.mods.modlauncher.Launcher.run(Launcher.java:108) ~[modlauncher-10.0.9.jar:?]
	at cpw.mods.modlauncher.Launcher.main(Launcher.java:78) ~[modlauncher-10.0.9.jar:?]
	at cpw.mods.modlauncher.BootstrapLaunchConsumer.accept(BootstrapLaunchConsumer.java:26) ~[modlauncher-10.0.9.jar:?]
	at cpw.mods.modlauncher.BootstrapLaunchConsumer.accept(BootstrapLaunchConsumer.java:23) ~[modlauncher-10.0.9.jar:?]
	at cpw.mods.bootstraplauncher.BootstrapLauncher.main(BootstrapLauncher.java:141) ~[bootstraplauncher-1.1.2.jar:?]
[144月2025 01:12:10.206] [Render thread/WARN] [net.minecraft.client.renderer.GameRenderer/]: Failed to load shader: minecraft:shaders/post/defile.json
java.io.FileNotFoundException: minecraft:shaders/post/defile.json
	at net.minecraft.server.packs.resources.ResourceProvider.lambda$getResourceOrThrow$0(ResourceProvider.java:21) ~[forge-1.20.1-47.4.0_mapped_official_1.20.1.jar:?]
	at java.util.Optional.orElseThrow(Optional.java:403) ~[?:?]
	at net.minecraft.server.packs.resources.ResourceProvider.getResourceOrThrow(ResourceProvider.java:21) ~[forge-1.20.1-47.4.0_mapped_official_1.20.1.jar:?]
	at net.minecraft.client.renderer.PostChain.load(PostChain.java:58) ~[forge-1.20.1-47.4.0_mapped_official_1.20.1.jar:?]
	at net.minecraft.client.renderer.PostChain.<init>(PostChain.java:54) ~[forge-1.20.1-47.4.0_mapped_official_1.20.1.jar:?]
	at net.minecraft.client.renderer.GameRenderer.loadEffect(GameRenderer.java:341) ~[forge-1.20.1-47.4.0_mapped_official_1.20.1.jar:?]
	at net.minecraftforge.event.ForgeEventFactory.handler$zzh000$onRenderTickEnd(ForgeEventFactory.java:1274) ~[forge-1.20.1-47.4.0_mapped_official_1.20.1.jar:?]
	at net.minecraftforge.event.ForgeEventFactory.onRenderTickEnd(ForgeEventFactory.java) ~[forge-1.20.1-47.4.0_mapped_official_1.20.1.jar:?]
	at net.minecraft.client.Minecraft.runTick(Minecraft.java:1148) ~[forge-1.20.1-47.4.0_mapped_official_1.20.1.jar:?]
	at net.minecraft.client.Minecraft.run(Minecraft.java:718) ~[forge-1.20.1-47.4.0_mapped_official_1.20.1.jar:?]
	at net.minecraft.client.main.Main.main(Main.java:218) ~[forge-1.20.1-47.4.0_mapped_official_1.20.1.jar:?]
	at jdk.internal.reflect.NativeMethodAccessorImpl.invoke0(Native Method) ~[?:?]
	at jdk.internal.reflect.NativeMethodAccessorImpl.invoke(NativeMethodAccessorImpl.java:77) ~[?:?]
	at jdk.internal.reflect.DelegatingMethodAccessorImpl.invoke(DelegatingMethodAccessorImpl.java:43) ~[?:?]
	at java.lang.reflect.Method.invoke(Method.java:568) ~[?:?]
	at net.minecraftforge.fml.loading.targets.CommonLaunchHandler.runTarget(CommonLaunchHandler.java:111) ~[fmlloader-1.20.1-47.4.0.jar:?]
	at net.minecraftforge.fml.loading.targets.CommonLaunchHandler.clientService(CommonLaunchHandler.java:99) ~[fmlloader-1.20.1-47.4.0.jar:?]
	at net.minecraftforge.fml.loading.targets.ForgeClientUserdevLaunchHandler.devService(ForgeClientUserdevLaunchHandler.java:19) ~[fmlloader-1.20.1-47.4.0.jar:?]
	at net.minecraftforge.fml.loading.targets.CommonDevLaunchHandler.lambda$makeService$7(CommonDevLaunchHandler.java:135) ~[fmlloader-1.20.1-47.4.0.jar:?]
	at cpw.mods.modlauncher.LaunchServiceHandlerDecorator.launch(LaunchServiceHandlerDecorator.java:30) ~[modlauncher-10.0.9.jar:?]
	at cpw.mods.modlauncher.LaunchServiceHandler.launch(LaunchServiceHandler.java:53) ~[modlauncher-10.0.9.jar:?]
	at cpw.mods.modlauncher.LaunchServiceHandler.launch(LaunchServiceHandler.java:71) ~[modlauncher-10.0.9.jar:?]
	at cpw.mods.modlauncher.Launcher.run(Launcher.java:108) ~[modlauncher-10.0.9.jar:?]
	at cpw.mods.modlauncher.Launcher.main(Launcher.java:78) ~[modlauncher-10.0.9.jar:?]
	at cpw.mods.modlauncher.BootstrapLaunchConsumer.accept(BootstrapLaunchConsumer.java:26) ~[modlauncher-10.0.9.jar:?]
	at cpw.mods.modlauncher.BootstrapLaunchConsumer.accept(BootstrapLaunchConsumer.java:23) ~[modlauncher-10.0.9.jar:?]
	at cpw.mods.bootstraplauncher.BootstrapLauncher.main(BootstrapLauncher.java:141) ~[bootstraplauncher-1.1.2.jar:?]
[144月2025 01:12:10.227] [Render thread/WARN] [net.minecraft.client.renderer.GameRenderer/]: Failed to load shader: minecraft:shaders/post/defile.json
java.io.FileNotFoundException: minecraft:shaders/post/defile.json
	at net.minecraft.server.packs.resources.ResourceProvider.lambda$getResourceOrThrow$0(ResourceProvider.java:21) ~[forge-1.20.1-47.4.0_mapped_official_1.20.1.jar:?]
	at java.util.Optional.orElseThrow(Optional.java:403) ~[?:?]
	at net.minecraft.server.packs.resources.ResourceProvider.getResourceOrThrow(ResourceProvider.java:21) ~[forge-1.20.1-47.4.0_mapped_official_1.20.1.jar:?]
	at net.minecraft.client.renderer.PostChain.load(PostChain.java:58) ~[forge-1.20.1-47.4.0_mapped_official_1.20.1.jar:?]
	at net.minecraft.client.renderer.PostChain.<init>(PostChain.java:54) ~[forge-1.20.1-47.4.0_mapped_official_1.20.1.jar:?]
	at net.minecraft.client.renderer.GameRenderer.loadEffect(GameRenderer.java:341) ~[forge-1.20.1-47.4.0_mapped_official_1.20.1.jar:?]
	at net.minecraftforge.event.ForgeEventFactory.handler$zzh000$onRenderTickEnd(ForgeEventFactory.java:1274) ~[forge-1.20.1-47.4.0_mapped_official_1.20.1.jar:?]
	at net.minecraftforge.event.ForgeEventFactory.onRenderTickEnd(ForgeEventFactory.java) ~[forge-1.20.1-47.4.0_mapped_official_1.20.1.jar:?]
	at net.minecraft.client.Minecraft.runTick(Minecraft.java:1148) ~[forge-1.20.1-47.4.0_mapped_official_1.20.1.jar:?]
	at net.minecraft.client.Minecraft.run(Minecraft.java:718) ~[forge-1.20.1-47.4.0_mapped_official_1.20.1.jar:?]
	at net.minecraft.client.main.Main.main(Main.java:218) ~[forge-1.20.1-47.4.0_mapped_official_1.20.1.jar:?]
	at jdk.internal.reflect.NativeMethodAccessorImpl.invoke0(Native Method) ~[?:?]
	at jdk.internal.reflect.NativeMethodAccessorImpl.invoke(NativeMethodAccessorImpl.java:77) ~[?:?]
	at jdk.internal.reflect.DelegatingMethodAccessorImpl.invoke(DelegatingMethodAccessorImpl.java:43) ~[?:?]
	at java.lang.reflect.Method.invoke(Method.java:568) ~[?:?]
	at net.minecraftforge.fml.loading.targets.CommonLaunchHandler.runTarget(CommonLaunchHandler.java:111) ~[fmlloader-1.20.1-47.4.0.jar:?]
	at net.minecraftforge.fml.loading.targets.CommonLaunchHandler.clientService(CommonLaunchHandler.java:99) ~[fmlloader-1.20.1-47.4.0.jar:?]
	at net.minecraftforge.fml.loading.targets.ForgeClientUserdevLaunchHandler.devService(ForgeClientUserdevLaunchHandler.java:19) ~[fmlloader-1.20.1-47.4.0.jar:?]
	at net.minecraftforge.fml.loading.targets.CommonDevLaunchHandler.lambda$makeService$7(CommonDevLaunchHandler.java:135) ~[fmlloader-1.20.1-47.4.0.jar:?]
	at cpw.mods.modlauncher.LaunchServiceHandlerDecorator.launch(LaunchServiceHandlerDecorator.java:30) ~[modlauncher-10.0.9.jar:?]
	at cpw.mods.modlauncher.LaunchServiceHandler.launch(LaunchServiceHandler.java:53) ~[modlauncher-10.0.9.jar:?]
	at cpw.mods.modlauncher.LaunchServiceHandler.launch(LaunchServiceHandler.java:71) ~[modlauncher-10.0.9.jar:?]
	at cpw.mods.modlauncher.Launcher.run(Launcher.java:108) ~[modlauncher-10.0.9.jar:?]
	at cpw.mods.modlauncher.Launcher.main(Launcher.java:78) ~[modlauncher-10.0.9.jar:?]
	at cpw.mods.modlauncher.BootstrapLaunchConsumer.accept(BootstrapLaunchConsumer.java:26) ~[modlauncher-10.0.9.jar:?]
	at cpw.mods.modlauncher.BootstrapLaunchConsumer.accept(BootstrapLaunchConsumer.java:23) ~[modlauncher-10.0.9.jar:?]
	at cpw.mods.bootstraplauncher.BootstrapLauncher.main(BootstrapLauncher.java:141) ~[bootstraplauncher-1.1.2.jar:?]
[144月2025 01:12:10.243] [Render thread/WARN] [net.minecraft.client.renderer.GameRenderer/]: Failed to load shader: minecraft:shaders/post/defile.json
java.io.FileNotFoundException: minecraft:shaders/post/defile.json
	at net.minecraft.server.packs.resources.ResourceProvider.lambda$getResourceOrThrow$0(ResourceProvider.java:21) ~[forge-1.20.1-47.4.0_mapped_official_1.20.1.jar:?]
	at java.util.Optional.orElseThrow(Optional.java:403) ~[?:?]
	at net.minecraft.server.packs.resources.ResourceProvider.getResourceOrThrow(ResourceProvider.java:21) ~[forge-1.20.1-47.4.0_mapped_official_1.20.1.jar:?]
	at net.minecraft.client.renderer.PostChain.load(PostChain.java:58) ~[forge-1.20.1-47.4.0_mapped_official_1.20.1.jar:?]
	at net.minecraft.client.renderer.PostChain.<init>(PostChain.java:54) ~[forge-1.20.1-47.4.0_mapped_official_1.20.1.jar:?]
	at net.minecraft.client.renderer.GameRenderer.loadEffect(GameRenderer.java:341) ~[forge-1.20.1-47.4.0_mapped_official_1.20.1.jar:?]
	at net.minecraftforge.event.ForgeEventFactory.handler$zzh000$onRenderTickEnd(ForgeEventFactory.java:1274) ~[forge-1.20.1-47.4.0_mapped_official_1.20.1.jar:?]
	at net.minecraftforge.event.ForgeEventFactory.onRenderTickEnd(ForgeEventFactory.java) ~[forge-1.20.1-47.4.0_mapped_official_1.20.1.jar:?]
	at net.minecraft.client.Minecraft.runTick(Minecraft.java:1148) ~[forge-1.20.1-47.4.0_mapped_official_1.20.1.jar:?]
	at net.minecraft.client.Minecraft.run(Minecraft.java:718) ~[forge-1.20.1-47.4.0_mapped_official_1.20.1.jar:?]
	at net.minecraft.client.main.Main.main(Main.java:218) ~[forge-1.20.1-47.4.0_mapped_official_1.20.1.jar:?]
	at jdk.internal.reflect.NativeMethodAccessorImpl.invoke0(Native Method) ~[?:?]
	at jdk.internal.reflect.NativeMethodAccessorImpl.invoke(NativeMethodAccessorImpl.java:77) ~[?:?]
	at jdk.internal.reflect.DelegatingMethodAccessorImpl.invoke(DelegatingMethodAccessorImpl.java:43) ~[?:?]
	at java.lang.reflect.Method.invoke(Method.java:568) ~[?:?]
	at net.minecraftforge.fml.loading.targets.CommonLaunchHandler.runTarget(CommonLaunchHandler.java:111) ~[fmlloader-1.20.1-47.4.0.jar:?]
	at net.minecraftforge.fml.loading.targets.CommonLaunchHandler.clientService(CommonLaunchHandler.java:99) ~[fmlloader-1.20.1-47.4.0.jar:?]
	at net.minecraftforge.fml.loading.targets.ForgeClientUserdevLaunchHandler.devService(ForgeClientUserdevLaunchHandler.java:19) ~[fmlloader-1.20.1-47.4.0.jar:?]
	at net.minecraftforge.fml.loading.targets.CommonDevLaunchHandler.lambda$makeService$7(CommonDevLaunchHandler.java:135) ~[fmlloader-1.20.1-47.4.0.jar:?]
	at cpw.mods.modlauncher.LaunchServiceHandlerDecorator.launch(LaunchServiceHandlerDecorator.java:30) ~[modlauncher-10.0.9.jar:?]
	at cpw.mods.modlauncher.LaunchServiceHandler.launch(LaunchServiceHandler.java:53) ~[modlauncher-10.0.9.jar:?]
	at cpw.mods.modlauncher.LaunchServiceHandler.launch(LaunchServiceHandler.java:71) ~[modlauncher-10.0.9.jar:?]
	at cpw.mods.modlauncher.Launcher.run(Launcher.java:108) ~[modlauncher-10.0.9.jar:?]
	at cpw.mods.modlauncher.Launcher.main(Launcher.java:78) ~[modlauncher-10.0.9.jar:?]
	at cpw.mods.modlauncher.BootstrapLaunchConsumer.accept(BootstrapLaunchConsumer.java:26) ~[modlauncher-10.0.9.jar:?]
	at cpw.mods.modlauncher.BootstrapLaunchConsumer.accept(BootstrapLaunchConsumer.java:23) ~[modlauncher-10.0.9.jar:?]
	at cpw.mods.bootstraplauncher.BootstrapLauncher.main(BootstrapLauncher.java:141) ~[bootstraplauncher-1.1.2.jar:?]
[144月2025 01:12:10.270] [Render thread/WARN] [net.minecraft.client.renderer.GameRenderer/]: Failed to load shader: minecraft:shaders/post/defile.json
java.io.FileNotFoundException: minecraft:shaders/post/defile.json
	at net.minecraft.server.packs.resources.ResourceProvider.lambda$getResourceOrThrow$0(ResourceProvider.java:21) ~[forge-1.20.1-47.4.0_mapped_official_1.20.1.jar:?]
	at java.util.Optional.orElseThrow(Optional.java:403) ~[?:?]
	at net.minecraft.server.packs.resources.ResourceProvider.getResourceOrThrow(ResourceProvider.java:21) ~[forge-1.20.1-47.4.0_mapped_official_1.20.1.jar:?]
	at net.minecraft.client.renderer.PostChain.load(PostChain.java:58) ~[forge-1.20.1-47.4.0_mapped_official_1.20.1.jar:?]
	at net.minecraft.client.renderer.PostChain.<init>(PostChain.java:54) ~[forge-1.20.1-47.4.0_mapped_official_1.20.1.jar:?]
	at net.minecraft.client.renderer.GameRenderer.loadEffect(GameRenderer.java:341) ~[forge-1.20.1-47.4.0_mapped_official_1.20.1.jar:?]
	at net.minecraftforge.event.ForgeEventFactory.handler$zzh000$onRenderTickEnd(ForgeEventFactory.java:1274) ~[forge-1.20.1-47.4.0_mapped_official_1.20.1.jar:?]
	at net.minecraftforge.event.ForgeEventFactory.onRenderTickEnd(ForgeEventFactory.java) ~[forge-1.20.1-47.4.0_mapped_official_1.20.1.jar:?]
	at net.minecraft.client.Minecraft.runTick(Minecraft.java:1148) ~[forge-1.20.1-47.4.0_mapped_official_1.20.1.jar:?]
	at net.minecraft.client.Minecraft.run(Minecraft.java:718) ~[forge-1.20.1-47.4.0_mapped_official_1.20.1.jar:?]
	at net.minecraft.client.main.Main.main(Main.java:218) ~[forge-1.20.1-47.4.0_mapped_official_1.20.1.jar:?]
	at jdk.internal.reflect.NativeMethodAccessorImpl.invoke0(Native Method) ~[?:?]
	at jdk.internal.reflect.NativeMethodAccessorImpl.invoke(NativeMethodAccessorImpl.java:77) ~[?:?]
	at jdk.internal.reflect.DelegatingMethodAccessorImpl.invoke(DelegatingMethodAccessorImpl.java:43) ~[?:?]
	at java.lang.reflect.Method.invoke(Method.java:568) ~[?:?]
	at net.minecraftforge.fml.loading.targets.CommonLaunchHandler.runTarget(CommonLaunchHandler.java:111) ~[fmlloader-1.20.1-47.4.0.jar:?]
	at net.minecraftforge.fml.loading.targets.CommonLaunchHandler.clientService(CommonLaunchHandler.java:99) ~[fmlloader-1.20.1-47.4.0.jar:?]
	at net.minecraftforge.fml.loading.targets.ForgeClientUserdevLaunchHandler.devService(ForgeClientUserdevLaunchHandler.java:19) ~[fmlloader-1.20.1-47.4.0.jar:?]
	at net.minecraftforge.fml.loading.targets.CommonDevLaunchHandler.lambda$makeService$7(CommonDevLaunchHandler.java:135) ~[fmlloader-1.20.1-47.4.0.jar:?]
	at cpw.mods.modlauncher.LaunchServiceHandlerDecorator.launch(LaunchServiceHandlerDecorator.java:30) ~[modlauncher-10.0.9.jar:?]
	at cpw.mods.modlauncher.LaunchServiceHandler.launch(LaunchServiceHandler.java:53) ~[modlauncher-10.0.9.jar:?]
	at cpw.mods.modlauncher.LaunchServiceHandler.launch(LaunchServiceHandler.java:71) ~[modlauncher-10.0.9.jar:?]
	at cpw.mods.modlauncher.Launcher.run(Launcher.java:108) ~[modlauncher-10.0.9.jar:?]
	at cpw.mods.modlauncher.Launcher.main(Launcher.java:78) ~[modlauncher-10.0.9.jar:?]
	at cpw.mods.modlauncher.BootstrapLaunchConsumer.accept(BootstrapLaunchConsumer.java:26) ~[modlauncher-10.0.9.jar:?]
	at cpw.mods.modlauncher.BootstrapLaunchConsumer.accept(BootstrapLaunchConsumer.java:23) ~[modlauncher-10.0.9.jar:?]
	at cpw.mods.bootstraplauncher.BootstrapLauncher.main(BootstrapLauncher.java:141) ~[bootstraplauncher-1.1.2.jar:?]
[144月2025 01:12:10.291] [Render thread/WARN] [net.minecraft.client.renderer.GameRenderer/]: Failed to load shader: minecraft:shaders/post/defile.json
java.io.FileNotFoundException: minecraft:shaders/post/defile.json
	at net.minecraft.server.packs.resources.ResourceProvider.lambda$getResourceOrThrow$0(ResourceProvider.java:21) ~[forge-1.20.1-47.4.0_mapped_official_1.20.1.jar:?]
	at java.util.Optional.orElseThrow(Optional.java:403) ~[?:?]
	at net.minecraft.server.packs.resources.ResourceProvider.getResourceOrThrow(ResourceProvider.java:21) ~[forge-1.20.1-47.4.0_mapped_official_1.20.1.jar:?]
	at net.minecraft.client.renderer.PostChain.load(PostChain.java:58) ~[forge-1.20.1-47.4.0_mapped_official_1.20.1.jar:?]
	at net.minecraft.client.renderer.PostChain.<init>(PostChain.java:54) ~[forge-1.20.1-47.4.0_mapped_official_1.20.1.jar:?]
	at net.minecraft.client.renderer.GameRenderer.loadEffect(GameRenderer.java:341) ~[forge-1.20.1-47.4.0_mapped_official_1.20.1.jar:?]
	at net.minecraftforge.event.ForgeEventFactory.handler$zzh000$onRenderTickEnd(ForgeEventFactory.java:1274) ~[forge-1.20.1-47.4.0_mapped_official_1.20.1.jar:?]
	at net.minecraftforge.event.ForgeEventFactory.onRenderTickEnd(ForgeEventFactory.java) ~[forge-1.20.1-47.4.0_mapped_official_1.20.1.jar:?]
	at net.minecraft.client.Minecraft.runTick(Minecraft.java:1148) ~[forge-1.20.1-47.4.0_mapped_official_1.20.1.jar:?]
	at net.minecraft.client.Minecraft.run(Minecraft.java:718) ~[forge-1.20.1-47.4.0_mapped_official_1.20.1.jar:?]
	at net.minecraft.client.main.Main.main(Main.java:218) ~[forge-1.20.1-47.4.0_mapped_official_1.20.1.jar:?]
	at jdk.internal.reflect.NativeMethodAccessorImpl.invoke0(Native Method) ~[?:?]
	at jdk.internal.reflect.NativeMethodAccessorImpl.invoke(NativeMethodAccessorImpl.java:77) ~[?:?]
	at jdk.internal.reflect.DelegatingMethodAccessorImpl.invoke(DelegatingMethodAccessorImpl.java:43) ~[?:?]
	at java.lang.reflect.Method.invoke(Method.java:568) ~[?:?]
	at net.minecraftforge.fml.loading.targets.CommonLaunchHandler.runTarget(CommonLaunchHandler.java:111) ~[fmlloader-1.20.1-47.4.0.jar:?]
	at net.minecraftforge.fml.loading.targets.CommonLaunchHandler.clientService(CommonLaunchHandler.java:99) ~[fmlloader-1.20.1-47.4.0.jar:?]
	at net.minecraftforge.fml.loading.targets.ForgeClientUserdevLaunchHandler.devService(ForgeClientUserdevLaunchHandler.java:19) ~[fmlloader-1.20.1-47.4.0.jar:?]
	at net.minecraftforge.fml.loading.targets.CommonDevLaunchHandler.lambda$makeService$7(CommonDevLaunchHandler.java:135) ~[fmlloader-1.20.1-47.4.0.jar:?]
	at cpw.mods.modlauncher.LaunchServiceHandlerDecorator.launch(LaunchServiceHandlerDecorator.java:30) ~[modlauncher-10.0.9.jar:?]
	at cpw.mods.modlauncher.LaunchServiceHandler.launch(LaunchServiceHandler.java:53) ~[modlauncher-10.0.9.jar:?]
	at cpw.mods.modlauncher.LaunchServiceHandler.launch(LaunchServiceHandler.java:71) ~[modlauncher-10.0.9.jar:?]
	at cpw.mods.modlauncher.Launcher.run(Launcher.java:108) ~[modlauncher-10.0.9.jar:?]
	at cpw.mods.modlauncher.Launcher.main(Launcher.java:78) ~[modlauncher-10.0.9.jar:?]
	at cpw.mods.modlauncher.BootstrapLaunchConsumer.accept(BootstrapLaunchConsumer.java:26) ~[modlauncher-10.0.9.jar:?]
	at cpw.mods.modlauncher.BootstrapLaunchConsumer.accept(BootstrapLaunchConsumer.java:23) ~[modlauncher-10.0.9.jar:?]
	at cpw.mods.bootstraplauncher.BootstrapLauncher.main(BootstrapLauncher.java:141) ~[bootstraplauncher-1.1.2.jar:?]
[144月2025 01:12:10.310] [Render thread/WARN] [net.minecraft.client.renderer.GameRenderer/]: Failed to load shader: minecraft:shaders/post/defile.json
java.io.FileNotFoundException: minecraft:shaders/post/defile.json
	at net.minecraft.server.packs.resources.ResourceProvider.lambda$getResourceOrThrow$0(ResourceProvider.java:21) ~[forge-1.20.1-47.4.0_mapped_official_1.20.1.jar:?]
	at java.util.Optional.orElseThrow(Optional.java:403) ~[?:?]
	at net.minecraft.server.packs.resources.ResourceProvider.getResourceOrThrow(ResourceProvider.java:21) ~[forge-1.20.1-47.4.0_mapped_official_1.20.1.jar:?]
	at net.minecraft.client.renderer.PostChain.load(PostChain.java:58) ~[forge-1.20.1-47.4.0_mapped_official_1.20.1.jar:?]
	at net.minecraft.client.renderer.PostChain.<init>(PostChain.java:54) ~[forge-1.20.1-47.4.0_mapped_official_1.20.1.jar:?]
	at net.minecraft.client.renderer.GameRenderer.loadEffect(GameRenderer.java:341) ~[forge-1.20.1-47.4.0_mapped_official_1.20.1.jar:?]
	at net.minecraftforge.event.ForgeEventFactory.handler$zzh000$onRenderTickEnd(ForgeEventFactory.java:1274) ~[forge-1.20.1-47.4.0_mapped_official_1.20.1.jar:?]
	at net.minecraftforge.event.ForgeEventFactory.onRenderTickEnd(ForgeEventFactory.java) ~[forge-1.20.1-47.4.0_mapped_official_1.20.1.jar:?]
	at net.minecraft.client.Minecraft.runTick(Minecraft.java:1148) ~[forge-1.20.1-47.4.0_mapped_official_1.20.1.jar:?]
	at net.minecraft.client.Minecraft.run(Minecraft.java:718) ~[forge-1.20.1-47.4.0_mapped_official_1.20.1.jar:?]
	at net.minecraft.client.main.Main.main(Main.java:218) ~[forge-1.20.1-47.4.0_mapped_official_1.20.1.jar:?]
	at jdk.internal.reflect.NativeMethodAccessorImpl.invoke0(Native Method) ~[?:?]
	at jdk.internal.reflect.NativeMethodAccessorImpl.invoke(NativeMethodAccessorImpl.java:77) ~[?:?]
	at jdk.internal.reflect.DelegatingMethodAccessorImpl.invoke(DelegatingMethodAccessorImpl.java:43) ~[?:?]
	at java.lang.reflect.Method.invoke(Method.java:568) ~[?:?]
	at net.minecraftforge.fml.loading.targets.CommonLaunchHandler.runTarget(CommonLaunchHandler.java:111) ~[fmlloader-1.20.1-47.4.0.jar:?]
	at net.minecraftforge.fml.loading.targets.CommonLaunchHandler.clientService(CommonLaunchHandler.java:99) ~[fmlloader-1.20.1-47.4.0.jar:?]
	at net.minecraftforge.fml.loading.targets.ForgeClientUserdevLaunchHandler.devService(ForgeClientUserdevLaunchHandler.java:19) ~[fmlloader-1.20.1-47.4.0.jar:?]
	at net.minecraftforge.fml.loading.targets.CommonDevLaunchHandler.lambda$makeService$7(CommonDevLaunchHandler.java:135) ~[fmlloader-1.20.1-47.4.0.jar:?]
	at cpw.mods.modlauncher.LaunchServiceHandlerDecorator.launch(LaunchServiceHandlerDecorator.java:30) ~[modlauncher-10.0.9.jar:?]
	at cpw.mods.modlauncher.LaunchServiceHandler.launch(LaunchServiceHandler.java:53) ~[modlauncher-10.0.9.jar:?]
	at cpw.mods.modlauncher.LaunchServiceHandler.launch(LaunchServiceHandler.java:71) ~[modlauncher-10.0.9.jar:?]
	at cpw.mods.modlauncher.Launcher.run(Launcher.java:108) ~[modlauncher-10.0.9.jar:?]
	at cpw.mods.modlauncher.Launcher.main(Launcher.java:78) ~[modlauncher-10.0.9.jar:?]
	at cpw.mods.modlauncher.BootstrapLaunchConsumer.accept(BootstrapLaunchConsumer.java:26) ~[modlauncher-10.0.9.jar:?]
	at cpw.mods.modlauncher.BootstrapLaunchConsumer.accept(BootstrapLaunchConsumer.java:23) ~[modlauncher-10.0.9.jar:?]
	at cpw.mods.bootstraplauncher.BootstrapLauncher.main(BootstrapLauncher.java:141) ~[bootstraplauncher-1.1.2.jar:?]
[144月2025 01:12:10.339] [Render thread/WARN] [net.minecraft.client.renderer.GameRenderer/]: Failed to load shader: minecraft:shaders/post/defile.json
java.io.FileNotFoundException: minecraft:shaders/post/defile.json
	at net.minecraft.server.packs.resources.ResourceProvider.lambda$getResourceOrThrow$0(ResourceProvider.java:21) ~[forge-1.20.1-47.4.0_mapped_official_1.20.1.jar:?]
	at java.util.Optional.orElseThrow(Optional.java:403) ~[?:?]
	at net.minecraft.server.packs.resources.ResourceProvider.getResourceOrThrow(ResourceProvider.java:21) ~[forge-1.20.1-47.4.0_mapped_official_1.20.1.jar:?]
	at net.minecraft.client.renderer.PostChain.load(PostChain.java:58) ~[forge-1.20.1-47.4.0_mapped_official_1.20.1.jar:?]
	at net.minecraft.client.renderer.PostChain.<init>(PostChain.java:54) ~[forge-1.20.1-47.4.0_mapped_official_1.20.1.jar:?]
	at net.minecraft.client.renderer.GameRenderer.loadEffect(GameRenderer.java:341) ~[forge-1.20.1-47.4.0_mapped_official_1.20.1.jar:?]
	at net.minecraftforge.event.ForgeEventFactory.handler$zzh000$onRenderTickEnd(ForgeEventFactory.java:1274) ~[forge-1.20.1-47.4.0_mapped_official_1.20.1.jar:?]
	at net.minecraftforge.event.ForgeEventFactory.onRenderTickEnd(ForgeEventFactory.java) ~[forge-1.20.1-47.4.0_mapped_official_1.20.1.jar:?]
	at net.minecraft.client.Minecraft.runTick(Minecraft.java:1148) ~[forge-1.20.1-47.4.0_mapped_official_1.20.1.jar:?]
	at net.minecraft.client.Minecraft.run(Minecraft.java:718) ~[forge-1.20.1-47.4.0_mapped_official_1.20.1.jar:?]
	at net.minecraft.client.main.Main.main(Main.java:218) ~[forge-1.20.1-47.4.0_mapped_official_1.20.1.jar:?]
	at jdk.internal.reflect.NativeMethodAccessorImpl.invoke0(Native Method) ~[?:?]
	at jdk.internal.reflect.NativeMethodAccessorImpl.invoke(NativeMethodAccessorImpl.java:77) ~[?:?]
	at jdk.internal.reflect.DelegatingMethodAccessorImpl.invoke(DelegatingMethodAccessorImpl.java:43) ~[?:?]
	at java.lang.reflect.Method.invoke(Method.java:568) ~[?:?]
	at net.minecraftforge.fml.loading.targets.CommonLaunchHandler.runTarget(CommonLaunchHandler.java:111) ~[fmlloader-1.20.1-47.4.0.jar:?]
	at net.minecraftforge.fml.loading.targets.CommonLaunchHandler.clientService(CommonLaunchHandler.java:99) ~[fmlloader-1.20.1-47.4.0.jar:?]
	at net.minecraftforge.fml.loading.targets.ForgeClientUserdevLaunchHandler.devService(ForgeClientUserdevLaunchHandler.java:19) ~[fmlloader-1.20.1-47.4.0.jar:?]
	at net.minecraftforge.fml.loading.targets.CommonDevLaunchHandler.lambda$makeService$7(CommonDevLaunchHandler.java:135) ~[fmlloader-1.20.1-47.4.0.jar:?]
	at cpw.mods.modlauncher.LaunchServiceHandlerDecorator.launch(LaunchServiceHandlerDecorator.java:30) ~[modlauncher-10.0.9.jar:?]
	at cpw.mods.modlauncher.LaunchServiceHandler.launch(LaunchServiceHandler.java:53) ~[modlauncher-10.0.9.jar:?]
	at cpw.mods.modlauncher.LaunchServiceHandler.launch(LaunchServiceHandler.java:71) ~[modlauncher-10.0.9.jar:?]
	at cpw.mods.modlauncher.Launcher.run(Launcher.java:108) ~[modlauncher-10.0.9.jar:?]
	at cpw.mods.modlauncher.Launcher.main(Launcher.java:78) ~[modlauncher-10.0.9.jar:?]
	at cpw.mods.modlauncher.BootstrapLaunchConsumer.accept(BootstrapLaunchConsumer.java:26) ~[modlauncher-10.0.9.jar:?]
	at cpw.mods.modlauncher.BootstrapLaunchConsumer.accept(BootstrapLaunchConsumer.java:23) ~[modlauncher-10.0.9.jar:?]
	at cpw.mods.bootstraplauncher.BootstrapLauncher.main(BootstrapLauncher.java:141) ~[bootstraplauncher-1.1.2.jar:?]
[144月2025 01:12:10.357] [Render thread/WARN] [net.minecraft.client.renderer.GameRenderer/]: Failed to load shader: minecraft:shaders/post/defile.json
java.io.FileNotFoundException: minecraft:shaders/post/defile.json
	at net.minecraft.server.packs.resources.ResourceProvider.lambda$getResourceOrThrow$0(ResourceProvider.java:21) ~[forge-1.20.1-47.4.0_mapped_official_1.20.1.jar:?]
	at java.util.Optional.orElseThrow(Optional.java:403) ~[?:?]
	at net.minecraft.server.packs.resources.ResourceProvider.getResourceOrThrow(ResourceProvider.java:21) ~[forge-1.20.1-47.4.0_mapped_official_1.20.1.jar:?]
	at net.minecraft.client.renderer.PostChain.load(PostChain.java:58) ~[forge-1.20.1-47.4.0_mapped_official_1.20.1.jar:?]
	at net.minecraft.client.renderer.PostChain.<init>(PostChain.java:54) ~[forge-1.20.1-47.4.0_mapped_official_1.20.1.jar:?]
	at net.minecraft.client.renderer.GameRenderer.loadEffect(GameRenderer.java:341) ~[forge-1.20.1-47.4.0_mapped_official_1.20.1.jar:?]
	at net.minecraftforge.event.ForgeEventFactory.handler$zzh000$onRenderTickEnd(ForgeEventFactory.java:1274) ~[forge-1.20.1-47.4.0_mapped_official_1.20.1.jar:?]
	at net.minecraftforge.event.ForgeEventFactory.onRenderTickEnd(ForgeEventFactory.java) ~[forge-1.20.1-47.4.0_mapped_official_1.20.1.jar:?]
	at net.minecraft.client.Minecraft.runTick(Minecraft.java:1148) ~[forge-1.20.1-47.4.0_mapped_official_1.20.1.jar:?]
	at net.minecraft.client.Minecraft.run(Minecraft.java:718) ~[forge-1.20.1-47.4.0_mapped_official_1.20.1.jar:?]
	at net.minecraft.client.main.Main.main(Main.java:218) ~[forge-1.20.1-47.4.0_mapped_official_1.20.1.jar:?]
	at jdk.internal.reflect.NativeMethodAccessorImpl.invoke0(Native Method) ~[?:?]
	at jdk.internal.reflect.NativeMethodAccessorImpl.invoke(NativeMethodAccessorImpl.java:77) ~[?:?]
	at jdk.internal.reflect.DelegatingMethodAccessorImpl.invoke(DelegatingMethodAccessorImpl.java:43) ~[?:?]
	at java.lang.reflect.Method.invoke(Method.java:568) ~[?:?]
	at net.minecraftforge.fml.loading.targets.CommonLaunchHandler.runTarget(CommonLaunchHandler.java:111) ~[fmlloader-1.20.1-47.4.0.jar:?]
	at net.minecraftforge.fml.loading.targets.CommonLaunchHandler.clientService(CommonLaunchHandler.java:99) ~[fmlloader-1.20.1-47.4.0.jar:?]
	at net.minecraftforge.fml.loading.targets.ForgeClientUserdevLaunchHandler.devService(ForgeClientUserdevLaunchHandler.java:19) ~[fmlloader-1.20.1-47.4.0.jar:?]
	at net.minecraftforge.fml.loading.targets.CommonDevLaunchHandler.lambda$makeService$7(CommonDevLaunchHandler.java:135) ~[fmlloader-1.20.1-47.4.0.jar:?]
	at cpw.mods.modlauncher.LaunchServiceHandlerDecorator.launch(LaunchServiceHandlerDecorator.java:30) ~[modlauncher-10.0.9.jar:?]
	at cpw.mods.modlauncher.LaunchServiceHandler.launch(LaunchServiceHandler.java:53) ~[modlauncher-10.0.9.jar:?]
	at cpw.mods.modlauncher.LaunchServiceHandler.launch(LaunchServiceHandler.java:71) ~[modlauncher-10.0.9.jar:?]
	at cpw.mods.modlauncher.Launcher.run(Launcher.java:108) ~[modlauncher-10.0.9.jar:?]
	at cpw.mods.modlauncher.Launcher.main(Launcher.java:78) ~[modlauncher-10.0.9.jar:?]
	at cpw.mods.modlauncher.BootstrapLaunchConsumer.accept(BootstrapLaunchConsumer.java:26) ~[modlauncher-10.0.9.jar:?]
	at cpw.mods.modlauncher.BootstrapLaunchConsumer.accept(BootstrapLaunchConsumer.java:23) ~[modlauncher-10.0.9.jar:?]
	at cpw.mods.bootstraplauncher.BootstrapLauncher.main(BootstrapLauncher.java:141) ~[bootstraplauncher-1.1.2.jar:?]
[144月2025 01:12:10.371] [Render thread/WARN] [net.minecraft.client.renderer.GameRenderer/]: Failed to load shader: minecraft:shaders/post/defile.json
java.io.FileNotFoundException: minecraft:shaders/post/defile.json
	at net.minecraft.server.packs.resources.ResourceProvider.lambda$getResourceOrThrow$0(ResourceProvider.java:21) ~[forge-1.20.1-47.4.0_mapped_official_1.20.1.jar:?]
	at java.util.Optional.orElseThrow(Optional.java:403) ~[?:?]
	at net.minecraft.server.packs.resources.ResourceProvider.getResourceOrThrow(ResourceProvider.java:21) ~[forge-1.20.1-47.4.0_mapped_official_1.20.1.jar:?]
	at net.minecraft.client.renderer.PostChain.load(PostChain.java:58) ~[forge-1.20.1-47.4.0_mapped_official_1.20.1.jar:?]
	at net.minecraft.client.renderer.PostChain.<init>(PostChain.java:54) ~[forge-1.20.1-47.4.0_mapped_official_1.20.1.jar:?]
	at net.minecraft.client.renderer.GameRenderer.loadEffect(GameRenderer.java:341) ~[forge-1.20.1-47.4.0_mapped_official_1.20.1.jar:?]
	at net.minecraftforge.event.ForgeEventFactory.handler$zzh000$onRenderTickEnd(ForgeEventFactory.java:1274) ~[forge-1.20.1-47.4.0_mapped_official_1.20.1.jar:?]
	at net.minecraftforge.event.ForgeEventFactory.onRenderTickEnd(ForgeEventFactory.java) ~[forge-1.20.1-47.4.0_mapped_official_1.20.1.jar:?]
	at net.minecraft.client.Minecraft.runTick(Minecraft.java:1148) ~[forge-1.20.1-47.4.0_mapped_official_1.20.1.jar:?]
	at net.minecraft.client.Minecraft.run(Minecraft.java:718) ~[forge-1.20.1-47.4.0_mapped_official_1.20.1.jar:?]
	at net.minecraft.client.main.Main.main(Main.java:218) ~[forge-1.20.1-47.4.0_mapped_official_1.20.1.jar:?]
	at jdk.internal.reflect.NativeMethodAccessorImpl.invoke0(Native Method) ~[?:?]
	at jdk.internal.reflect.NativeMethodAccessorImpl.invoke(NativeMethodAccessorImpl.java:77) ~[?:?]
	at jdk.internal.reflect.DelegatingMethodAccessorImpl.invoke(DelegatingMethodAccessorImpl.java:43) ~[?:?]
	at java.lang.reflect.Method.invoke(Method.java:568) ~[?:?]
	at net.minecraftforge.fml.loading.targets.CommonLaunchHandler.runTarget(CommonLaunchHandler.java:111) ~[fmlloader-1.20.1-47.4.0.jar:?]
	at net.minecraftforge.fml.loading.targets.CommonLaunchHandler.clientService(CommonLaunchHandler.java:99) ~[fmlloader-1.20.1-47.4.0.jar:?]
	at net.minecraftforge.fml.loading.targets.ForgeClientUserdevLaunchHandler.devService(ForgeClientUserdevLaunchHandler.java:19) ~[fmlloader-1.20.1-47.4.0.jar:?]
	at net.minecraftforge.fml.loading.targets.CommonDevLaunchHandler.lambda$makeService$7(CommonDevLaunchHandler.java:135) ~[fmlloader-1.20.1-47.4.0.jar:?]
	at cpw.mods.modlauncher.LaunchServiceHandlerDecorator.launch(LaunchServiceHandlerDecorator.java:30) ~[modlauncher-10.0.9.jar:?]
	at cpw.mods.modlauncher.LaunchServiceHandler.launch(LaunchServiceHandler.java:53) ~[modlauncher-10.0.9.jar:?]
	at cpw.mods.modlauncher.LaunchServiceHandler.launch(LaunchServiceHandler.java:71) ~[modlauncher-10.0.9.jar:?]
	at cpw.mods.modlauncher.Launcher.run(Launcher.java:108) ~[modlauncher-10.0.9.jar:?]
	at cpw.mods.modlauncher.Launcher.main(Launcher.java:78) ~[modlauncher-10.0.9.jar:?]
	at cpw.mods.modlauncher.BootstrapLaunchConsumer.accept(BootstrapLaunchConsumer.java:26) ~[modlauncher-10.0.9.jar:?]
	at cpw.mods.modlauncher.BootstrapLaunchConsumer.accept(BootstrapLaunchConsumer.java:23) ~[modlauncher-10.0.9.jar:?]
	at cpw.mods.bootstraplauncher.BootstrapLauncher.main(BootstrapLauncher.java:141) ~[bootstraplauncher-1.1.2.jar:?]
[144月2025 01:12:10.387] [Render thread/WARN] [net.minecraft.client.renderer.GameRenderer/]: Failed to load shader: minecraft:shaders/post/defile.json
java.io.FileNotFoundException: minecraft:shaders/post/defile.json
	at net.minecraft.server.packs.resources.ResourceProvider.lambda$getResourceOrThrow$0(ResourceProvider.java:21) ~[forge-1.20.1-47.4.0_mapped_official_1.20.1.jar:?]
	at java.util.Optional.orElseThrow(Optional.java:403) ~[?:?]
	at net.minecraft.server.packs.resources.ResourceProvider.getResourceOrThrow(ResourceProvider.java:21) ~[forge-1.20.1-47.4.0_mapped_official_1.20.1.jar:?]
	at net.minecraft.client.renderer.PostChain.load(PostChain.java:58) ~[forge-1.20.1-47.4.0_mapped_official_1.20.1.jar:?]
	at net.minecraft.client.renderer.PostChain.<init>(PostChain.java:54) ~[forge-1.20.1-47.4.0_mapped_official_1.20.1.jar:?]
	at net.minecraft.client.renderer.GameRenderer.loadEffect(GameRenderer.java:341) ~[forge-1.20.1-47.4.0_mapped_official_1.20.1.jar:?]
	at net.minecraftforge.event.ForgeEventFactory.handler$zzh000$onRenderTickEnd(ForgeEventFactory.java:1274) ~[forge-1.20.1-47.4.0_mapped_official_1.20.1.jar:?]
	at net.minecraftforge.event.ForgeEventFactory.onRenderTickEnd(ForgeEventFactory.java) ~[forge-1.20.1-47.4.0_mapped_official_1.20.1.jar:?]
	at net.minecraft.client.Minecraft.runTick(Minecraft.java:1148) ~[forge-1.20.1-47.4.0_mapped_official_1.20.1.jar:?]
	at net.minecraft.client.Minecraft.run(Minecraft.java:718) ~[forge-1.20.1-47.4.0_mapped_official_1.20.1.jar:?]
	at net.minecraft.client.main.Main.main(Main.java:218) ~[forge-1.20.1-47.4.0_mapped_official_1.20.1.jar:?]
	at jdk.internal.reflect.NativeMethodAccessorImpl.invoke0(Native Method) ~[?:?]
	at jdk.internal.reflect.NativeMethodAccessorImpl.invoke(NativeMethodAccessorImpl.java:77) ~[?:?]
	at jdk.internal.reflect.DelegatingMethodAccessorImpl.invoke(DelegatingMethodAccessorImpl.java:43) ~[?:?]
	at java.lang.reflect.Method.invoke(Method.java:568) ~[?:?]
	at net.minecraftforge.fml.loading.targets.CommonLaunchHandler.runTarget(CommonLaunchHandler.java:111) ~[fmlloader-1.20.1-47.4.0.jar:?]
	at net.minecraftforge.fml.loading.targets.CommonLaunchHandler.clientService(CommonLaunchHandler.java:99) ~[fmlloader-1.20.1-47.4.0.jar:?]
	at net.minecraftforge.fml.loading.targets.ForgeClientUserdevLaunchHandler.devService(ForgeClientUserdevLaunchHandler.java:19) ~[fmlloader-1.20.1-47.4.0.jar:?]
	at net.minecraftforge.fml.loading.targets.CommonDevLaunchHandler.lambda$makeService$7(CommonDevLaunchHandler.java:135) ~[fmlloader-1.20.1-47.4.0.jar:?]
	at cpw.mods.modlauncher.LaunchServiceHandlerDecorator.launch(LaunchServiceHandlerDecorator.java:30) ~[modlauncher-10.0.9.jar:?]
	at cpw.mods.modlauncher.LaunchServiceHandler.launch(LaunchServiceHandler.java:53) ~[modlauncher-10.0.9.jar:?]
	at cpw.mods.modlauncher.LaunchServiceHandler.launch(LaunchServiceHandler.java:71) ~[modlauncher-10.0.9.jar:?]
	at cpw.mods.modlauncher.Launcher.run(Launcher.java:108) ~[modlauncher-10.0.9.jar:?]
	at cpw.mods.modlauncher.Launcher.main(Launcher.java:78) ~[modlauncher-10.0.9.jar:?]
	at cpw.mods.modlauncher.BootstrapLaunchConsumer.accept(BootstrapLaunchConsumer.java:26) ~[modlauncher-10.0.9.jar:?]
	at cpw.mods.modlauncher.BootstrapLaunchConsumer.accept(BootstrapLaunchConsumer.java:23) ~[modlauncher-10.0.9.jar:?]
	at cpw.mods.bootstraplauncher.BootstrapLauncher.main(BootstrapLauncher.java:141) ~[bootstraplauncher-1.1.2.jar:?]
[144月2025 01:12:10.407] [Render thread/WARN] [net.minecraft.client.renderer.GameRenderer/]: Failed to load shader: minecraft:shaders/post/defile.json
java.io.FileNotFoundException: minecraft:shaders/post/defile.json
	at net.minecraft.server.packs.resources.ResourceProvider.lambda$getResourceOrThrow$0(ResourceProvider.java:21) ~[forge-1.20.1-47.4.0_mapped_official_1.20.1.jar:?]
	at java.util.Optional.orElseThrow(Optional.java:403) ~[?:?]
	at net.minecraft.server.packs.resources.ResourceProvider.getResourceOrThrow(ResourceProvider.java:21) ~[forge-1.20.1-47.4.0_mapped_official_1.20.1.jar:?]
	at net.minecraft.client.renderer.PostChain.load(PostChain.java:58) ~[forge-1.20.1-47.4.0_mapped_official_1.20.1.jar:?]
	at net.minecraft.client.renderer.PostChain.<init>(PostChain.java:54) ~[forge-1.20.1-47.4.0_mapped_official_1.20.1.jar:?]
	at net.minecraft.client.renderer.GameRenderer.loadEffect(GameRenderer.java:341) ~[forge-1.20.1-47.4.0_mapped_official_1.20.1.jar:?]
	at net.minecraftforge.event.ForgeEventFactory.handler$zzh000$onRenderTickEnd(ForgeEventFactory.java:1274) ~[forge-1.20.1-47.4.0_mapped_official_1.20.1.jar:?]
	at net.minecraftforge.event.ForgeEventFactory.onRenderTickEnd(ForgeEventFactory.java) ~[forge-1.20.1-47.4.0_mapped_official_1.20.1.jar:?]
	at net.minecraft.client.Minecraft.runTick(Minecraft.java:1148) ~[forge-1.20.1-47.4.0_mapped_official_1.20.1.jar:?]
	at net.minecraft.client.Minecraft.run(Minecraft.java:718) ~[forge-1.20.1-47.4.0_mapped_official_1.20.1.jar:?]
	at net.minecraft.client.main.Main.main(Main.java:218) ~[forge-1.20.1-47.4.0_mapped_official_1.20.1.jar:?]
	at jdk.internal.reflect.NativeMethodAccessorImpl.invoke0(Native Method) ~[?:?]
	at jdk.internal.reflect.NativeMethodAccessorImpl.invoke(NativeMethodAccessorImpl.java:77) ~[?:?]
	at jdk.internal.reflect.DelegatingMethodAccessorImpl.invoke(DelegatingMethodAccessorImpl.java:43) ~[?:?]
	at java.lang.reflect.Method.invoke(Method.java:568) ~[?:?]
	at net.minecraftforge.fml.loading.targets.CommonLaunchHandler.runTarget(CommonLaunchHandler.java:111) ~[fmlloader-1.20.1-47.4.0.jar:?]
	at net.minecraftforge.fml.loading.targets.CommonLaunchHandler.clientService(CommonLaunchHandler.java:99) ~[fmlloader-1.20.1-47.4.0.jar:?]
	at net.minecraftforge.fml.loading.targets.ForgeClientUserdevLaunchHandler.devService(ForgeClientUserdevLaunchHandler.java:19) ~[fmlloader-1.20.1-47.4.0.jar:?]
	at net.minecraftforge.fml.loading.targets.CommonDevLaunchHandler.lambda$makeService$7(CommonDevLaunchHandler.java:135) ~[fmlloader-1.20.1-47.4.0.jar:?]
	at cpw.mods.modlauncher.LaunchServiceHandlerDecorator.launch(LaunchServiceHandlerDecorator.java:30) ~[modlauncher-10.0.9.jar:?]
	at cpw.mods.modlauncher.LaunchServiceHandler.launch(LaunchServiceHandler.java:53) ~[modlauncher-10.0.9.jar:?]
	at cpw.mods.modlauncher.LaunchServiceHandler.launch(LaunchServiceHandler.java:71) ~[modlauncher-10.0.9.jar:?]
	at cpw.mods.modlauncher.Launcher.run(Launcher.java:108) ~[modlauncher-10.0.9.jar:?]
	at cpw.mods.modlauncher.Launcher.main(Launcher.java:78) ~[modlauncher-10.0.9.jar:?]
	at cpw.mods.modlauncher.BootstrapLaunchConsumer.accept(BootstrapLaunchConsumer.java:26) ~[modlauncher-10.0.9.jar:?]
	at cpw.mods.modlauncher.BootstrapLaunchConsumer.accept(BootstrapLaunchConsumer.java:23) ~[modlauncher-10.0.9.jar:?]
	at cpw.mods.bootstraplauncher.BootstrapLauncher.main(BootstrapLauncher.java:141) ~[bootstraplauncher-1.1.2.jar:?]
[144月2025 01:12:10.423] [Render thread/WARN] [net.minecraft.client.renderer.GameRenderer/]: Failed to load shader: minecraft:shaders/post/defile.json
java.io.FileNotFoundException: minecraft:shaders/post/defile.json
	at net.minecraft.server.packs.resources.ResourceProvider.lambda$getResourceOrThrow$0(ResourceProvider.java:21) ~[forge-1.20.1-47.4.0_mapped_official_1.20.1.jar:?]
	at java.util.Optional.orElseThrow(Optional.java:403) ~[?:?]
	at net.minecraft.server.packs.resources.ResourceProvider.getResourceOrThrow(ResourceProvider.java:21) ~[forge-1.20.1-47.4.0_mapped_official_1.20.1.jar:?]
	at net.minecraft.client.renderer.PostChain.load(PostChain.java:58) ~[forge-1.20.1-47.4.0_mapped_official_1.20.1.jar:?]
	at net.minecraft.client.renderer.PostChain.<init>(PostChain.java:54) ~[forge-1.20.1-47.4.0_mapped_official_1.20.1.jar:?]
	at net.minecraft.client.renderer.GameRenderer.loadEffect(GameRenderer.java:341) ~[forge-1.20.1-47.4.0_mapped_official_1.20.1.jar:?]
	at net.minecraftforge.event.ForgeEventFactory.handler$zzh000$onRenderTickEnd(ForgeEventFactory.java:1274) ~[forge-1.20.1-47.4.0_mapped_official_1.20.1.jar:?]
	at net.minecraftforge.event.ForgeEventFactory.onRenderTickEnd(ForgeEventFactory.java) ~[forge-1.20.1-47.4.0_mapped_official_1.20.1.jar:?]
	at net.minecraft.client.Minecraft.runTick(Minecraft.java:1148) ~[forge-1.20.1-47.4.0_mapped_official_1.20.1.jar:?]
	at net.minecraft.client.Minecraft.run(Minecraft.java:718) ~[forge-1.20.1-47.4.0_mapped_official_1.20.1.jar:?]
	at net.minecraft.client.main.Main.main(Main.java:218) ~[forge-1.20.1-47.4.0_mapped_official_1.20.1.jar:?]
	at jdk.internal.reflect.NativeMethodAccessorImpl.invoke0(Native Method) ~[?:?]
	at jdk.internal.reflect.NativeMethodAccessorImpl.invoke(NativeMethodAccessorImpl.java:77) ~[?:?]
	at jdk.internal.reflect.DelegatingMethodAccessorImpl.invoke(DelegatingMethodAccessorImpl.java:43) ~[?:?]
	at java.lang.reflect.Method.invoke(Method.java:568) ~[?:?]
	at net.minecraftforge.fml.loading.targets.CommonLaunchHandler.runTarget(CommonLaunchHandler.java:111) ~[fmlloader-1.20.1-47.4.0.jar:?]
	at net.minecraftforge.fml.loading.targets.CommonLaunchHandler.clientService(CommonLaunchHandler.java:99) ~[fmlloader-1.20.1-47.4.0.jar:?]
	at net.minecraftforge.fml.loading.targets.ForgeClientUserdevLaunchHandler.devService(ForgeClientUserdevLaunchHandler.java:19) ~[fmlloader-1.20.1-47.4.0.jar:?]
	at net.minecraftforge.fml.loading.targets.CommonDevLaunchHandler.lambda$makeService$7(CommonDevLaunchHandler.java:135) ~[fmlloader-1.20.1-47.4.0.jar:?]
	at cpw.mods.modlauncher.LaunchServiceHandlerDecorator.launch(LaunchServiceHandlerDecorator.java:30) ~[modlauncher-10.0.9.jar:?]
	at cpw.mods.modlauncher.LaunchServiceHandler.launch(LaunchServiceHandler.java:53) ~[modlauncher-10.0.9.jar:?]
	at cpw.mods.modlauncher.LaunchServiceHandler.launch(LaunchServiceHandler.java:71) ~[modlauncher-10.0.9.jar:?]
	at cpw.mods.modlauncher.Launcher.run(Launcher.java:108) ~[modlauncher-10.0.9.jar:?]
	at cpw.mods.modlauncher.Launcher.main(Launcher.java:78) ~[modlauncher-10.0.9.jar:?]
	at cpw.mods.modlauncher.BootstrapLaunchConsumer.accept(BootstrapLaunchConsumer.java:26) ~[modlauncher-10.0.9.jar:?]
	at cpw.mods.modlauncher.BootstrapLaunchConsumer.accept(BootstrapLaunchConsumer.java:23) ~[modlauncher-10.0.9.jar:?]
	at cpw.mods.bootstraplauncher.BootstrapLauncher.main(BootstrapLauncher.java:141) ~[bootstraplauncher-1.1.2.jar:?]
[144月2025 01:12:10.439] [Render thread/WARN] [net.minecraft.client.renderer.GameRenderer/]: Failed to load shader: minecraft:shaders/post/defile.json
java.io.FileNotFoundException: minecraft:shaders/post/defile.json
	at net.minecraft.server.packs.resources.ResourceProvider.lambda$getResourceOrThrow$0(ResourceProvider.java:21) ~[forge-1.20.1-47.4.0_mapped_official_1.20.1.jar:?]
	at java.util.Optional.orElseThrow(Optional.java:403) ~[?:?]
	at net.minecraft.server.packs.resources.ResourceProvider.getResourceOrThrow(ResourceProvider.java:21) ~[forge-1.20.1-47.4.0_mapped_official_1.20.1.jar:?]
	at net.minecraft.client.renderer.PostChain.load(PostChain.java:58) ~[forge-1.20.1-47.4.0_mapped_official_1.20.1.jar:?]
	at net.minecraft.client.renderer.PostChain.<init>(PostChain.java:54) ~[forge-1.20.1-47.4.0_mapped_official_1.20.1.jar:?]
	at net.minecraft.client.renderer.GameRenderer.loadEffect(GameRenderer.java:341) ~[forge-1.20.1-47.4.0_mapped_official_1.20.1.jar:?]
	at net.minecraftforge.event.ForgeEventFactory.handler$zzh000$onRenderTickEnd(ForgeEventFactory.java:1274) ~[forge-1.20.1-47.4.0_mapped_official_1.20.1.jar:?]
	at net.minecraftforge.event.ForgeEventFactory.onRenderTickEnd(ForgeEventFactory.java) ~[forge-1.20.1-47.4.0_mapped_official_1.20.1.jar:?]
	at net.minecraft.client.Minecraft.runTick(Minecraft.java:1148) ~[forge-1.20.1-47.4.0_mapped_official_1.20.1.jar:?]
	at net.minecraft.client.Minecraft.run(Minecraft.java:718) ~[forge-1.20.1-47.4.0_mapped_official_1.20.1.jar:?]
	at net.minecraft.client.main.Main.main(Main.java:218) ~[forge-1.20.1-47.4.0_mapped_official_1.20.1.jar:?]
	at jdk.internal.reflect.NativeMethodAccessorImpl.invoke0(Native Method) ~[?:?]
	at jdk.internal.reflect.NativeMethodAccessorImpl.invoke(NativeMethodAccessorImpl.java:77) ~[?:?]
	at jdk.internal.reflect.DelegatingMethodAccessorImpl.invoke(DelegatingMethodAccessorImpl.java:43) ~[?:?]
	at java.lang.reflect.Method.invoke(Method.java:568) ~[?:?]
	at net.minecraftforge.fml.loading.targets.CommonLaunchHandler.runTarget(CommonLaunchHandler.java:111) ~[fmlloader-1.20.1-47.4.0.jar:?]
	at net.minecraftforge.fml.loading.targets.CommonLaunchHandler.clientService(CommonLaunchHandler.java:99) ~[fmlloader-1.20.1-47.4.0.jar:?]
	at net.minecraftforge.fml.loading.targets.ForgeClientUserdevLaunchHandler.devService(ForgeClientUserdevLaunchHandler.java:19) ~[fmlloader-1.20.1-47.4.0.jar:?]
	at net.minecraftforge.fml.loading.targets.CommonDevLaunchHandler.lambda$makeService$7(CommonDevLaunchHandler.java:135) ~[fmlloader-1.20.1-47.4.0.jar:?]
	at cpw.mods.modlauncher.LaunchServiceHandlerDecorator.launch(LaunchServiceHandlerDecorator.java:30) ~[modlauncher-10.0.9.jar:?]
	at cpw.mods.modlauncher.LaunchServiceHandler.launch(LaunchServiceHandler.java:53) ~[modlauncher-10.0.9.jar:?]
	at cpw.mods.modlauncher.LaunchServiceHandler.launch(LaunchServiceHandler.java:71) ~[modlauncher-10.0.9.jar:?]
	at cpw.mods.modlauncher.Launcher.run(Launcher.java:108) ~[modlauncher-10.0.9.jar:?]
	at cpw.mods.modlauncher.Launcher.main(Launcher.java:78) ~[modlauncher-10.0.9.jar:?]
	at cpw.mods.modlauncher.BootstrapLaunchConsumer.accept(BootstrapLaunchConsumer.java:26) ~[modlauncher-10.0.9.jar:?]
	at cpw.mods.modlauncher.BootstrapLaunchConsumer.accept(BootstrapLaunchConsumer.java:23) ~[modlauncher-10.0.9.jar:?]
	at cpw.mods.bootstraplauncher.BootstrapLauncher.main(BootstrapLauncher.java:141) ~[bootstraplauncher-1.1.2.jar:?]
[144月2025 01:12:10.456] [Render thread/WARN] [net.minecraft.client.renderer.GameRenderer/]: Failed to load shader: minecraft:shaders/post/defile.json
java.io.FileNotFoundException: minecraft:shaders/post/defile.json
	at net.minecraft.server.packs.resources.ResourceProvider.lambda$getResourceOrThrow$0(ResourceProvider.java:21) ~[forge-1.20.1-47.4.0_mapped_official_1.20.1.jar:?]
	at java.util.Optional.orElseThrow(Optional.java:403) ~[?:?]
	at net.minecraft.server.packs.resources.ResourceProvider.getResourceOrThrow(ResourceProvider.java:21) ~[forge-1.20.1-47.4.0_mapped_official_1.20.1.jar:?]
	at net.minecraft.client.renderer.PostChain.load(PostChain.java:58) ~[forge-1.20.1-47.4.0_mapped_official_1.20.1.jar:?]
	at net.minecraft.client.renderer.PostChain.<init>(PostChain.java:54) ~[forge-1.20.1-47.4.0_mapped_official_1.20.1.jar:?]
	at net.minecraft.client.renderer.GameRenderer.loadEffect(GameRenderer.java:341) ~[forge-1.20.1-47.4.0_mapped_official_1.20.1.jar:?]
	at net.minecraftforge.event.ForgeEventFactory.handler$zzh000$onRenderTickEnd(ForgeEventFactory.java:1274) ~[forge-1.20.1-47.4.0_mapped_official_1.20.1.jar:?]
	at net.minecraftforge.event.ForgeEventFactory.onRenderTickEnd(ForgeEventFactory.java) ~[forge-1.20.1-47.4.0_mapped_official_1.20.1.jar:?]
	at net.minecraft.client.Minecraft.runTick(Minecraft.java:1148) ~[forge-1.20.1-47.4.0_mapped_official_1.20.1.jar:?]
	at net.minecraft.client.Minecraft.run(Minecraft.java:718) ~[forge-1.20.1-47.4.0_mapped_official_1.20.1.jar:?]
	at net.minecraft.client.main.Main.main(Main.java:218) ~[forge-1.20.1-47.4.0_mapped_official_1.20.1.jar:?]
	at jdk.internal.reflect.NativeMethodAccessorImpl.invoke0(Native Method) ~[?:?]
	at jdk.internal.reflect.NativeMethodAccessorImpl.invoke(NativeMethodAccessorImpl.java:77) ~[?:?]
	at jdk.internal.reflect.DelegatingMethodAccessorImpl.invoke(DelegatingMethodAccessorImpl.java:43) ~[?:?]
	at java.lang.reflect.Method.invoke(Method.java:568) ~[?:?]
	at net.minecraftforge.fml.loading.targets.CommonLaunchHandler.runTarget(CommonLaunchHandler.java:111) ~[fmlloader-1.20.1-47.4.0.jar:?]
	at net.minecraftforge.fml.loading.targets.CommonLaunchHandler.clientService(CommonLaunchHandler.java:99) ~[fmlloader-1.20.1-47.4.0.jar:?]
	at net.minecraftforge.fml.loading.targets.ForgeClientUserdevLaunchHandler.devService(ForgeClientUserdevLaunchHandler.java:19) ~[fmlloader-1.20.1-47.4.0.jar:?]
	at net.minecraftforge.fml.loading.targets.CommonDevLaunchHandler.lambda$makeService$7(CommonDevLaunchHandler.java:135) ~[fmlloader-1.20.1-47.4.0.jar:?]
	at cpw.mods.modlauncher.LaunchServiceHandlerDecorator.launch(LaunchServiceHandlerDecorator.java:30) ~[modlauncher-10.0.9.jar:?]
	at cpw.mods.modlauncher.LaunchServiceHandler.launch(LaunchServiceHandler.java:53) ~[modlauncher-10.0.9.jar:?]
	at cpw.mods.modlauncher.LaunchServiceHandler.launch(LaunchServiceHandler.java:71) ~[modlauncher-10.0.9.jar:?]
	at cpw.mods.modlauncher.Launcher.run(Launcher.java:108) ~[modlauncher-10.0.9.jar:?]
	at cpw.mods.modlauncher.Launcher.main(Launcher.java:78) ~[modlauncher-10.0.9.jar:?]
	at cpw.mods.modlauncher.BootstrapLaunchConsumer.accept(BootstrapLaunchConsumer.java:26) ~[modlauncher-10.0.9.jar:?]
	at cpw.mods.modlauncher.BootstrapLaunchConsumer.accept(BootstrapLaunchConsumer.java:23) ~[modlauncher-10.0.9.jar:?]
	at cpw.mods.bootstraplauncher.BootstrapLauncher.main(BootstrapLauncher.java:141) ~[bootstraplauncher-1.1.2.jar:?]
[144月2025 01:12:10.472] [Render thread/WARN] [net.minecraft.client.renderer.GameRenderer/]: Failed to load shader: minecraft:shaders/post/defile.json
java.io.FileNotFoundException: minecraft:shaders/post/defile.json
	at net.minecraft.server.packs.resources.ResourceProvider.lambda$getResourceOrThrow$0(ResourceProvider.java:21) ~[forge-1.20.1-47.4.0_mapped_official_1.20.1.jar:?]
	at java.util.Optional.orElseThrow(Optional.java:403) ~[?:?]
	at net.minecraft.server.packs.resources.ResourceProvider.getResourceOrThrow(ResourceProvider.java:21) ~[forge-1.20.1-47.4.0_mapped_official_1.20.1.jar:?]
	at net.minecraft.client.renderer.PostChain.load(PostChain.java:58) ~[forge-1.20.1-47.4.0_mapped_official_1.20.1.jar:?]
	at net.minecraft.client.renderer.PostChain.<init>(PostChain.java:54) ~[forge-1.20.1-47.4.0_mapped_official_1.20.1.jar:?]
	at net.minecraft.client.renderer.GameRenderer.loadEffect(GameRenderer.java:341) ~[forge-1.20.1-47.4.0_mapped_official_1.20.1.jar:?]
	at net.minecraftforge.event.ForgeEventFactory.handler$zzh000$onRenderTickEnd(ForgeEventFactory.java:1274) ~[forge-1.20.1-47.4.0_mapped_official_1.20.1.jar:?]
	at net.minecraftforge.event.ForgeEventFactory.onRenderTickEnd(ForgeEventFactory.java) ~[forge-1.20.1-47.4.0_mapped_official_1.20.1.jar:?]
	at net.minecraft.client.Minecraft.runTick(Minecraft.java:1148) ~[forge-1.20.1-47.4.0_mapped_official_1.20.1.jar:?]
	at net.minecraft.client.Minecraft.run(Minecraft.java:718) ~[forge-1.20.1-47.4.0_mapped_official_1.20.1.jar:?]
	at net.minecraft.client.main.Main.main(Main.java:218) ~[forge-1.20.1-47.4.0_mapped_official_1.20.1.jar:?]
	at jdk.internal.reflect.NativeMethodAccessorImpl.invoke0(Native Method) ~[?:?]
	at jdk.internal.reflect.NativeMethodAccessorImpl.invoke(NativeMethodAccessorImpl.java:77) ~[?:?]
	at jdk.internal.reflect.DelegatingMethodAccessorImpl.invoke(DelegatingMethodAccessorImpl.java:43) ~[?:?]
	at java.lang.reflect.Method.invoke(Method.java:568) ~[?:?]
	at net.minecraftforge.fml.loading.targets.CommonLaunchHandler.runTarget(CommonLaunchHandler.java:111) ~[fmlloader-1.20.1-47.4.0.jar:?]
	at net.minecraftforge.fml.loading.targets.CommonLaunchHandler.clientService(CommonLaunchHandler.java:99) ~[fmlloader-1.20.1-47.4.0.jar:?]
	at net.minecraftforge.fml.loading.targets.ForgeClientUserdevLaunchHandler.devService(ForgeClientUserdevLaunchHandler.java:19) ~[fmlloader-1.20.1-47.4.0.jar:?]
	at net.minecraftforge.fml.loading.targets.CommonDevLaunchHandler.lambda$makeService$7(CommonDevLaunchHandler.java:135) ~[fmlloader-1.20.1-47.4.0.jar:?]
	at cpw.mods.modlauncher.LaunchServiceHandlerDecorator.launch(LaunchServiceHandlerDecorator.java:30) ~[modlauncher-10.0.9.jar:?]
	at cpw.mods.modlauncher.LaunchServiceHandler.launch(LaunchServiceHandler.java:53) ~[modlauncher-10.0.9.jar:?]
	at cpw.mods.modlauncher.LaunchServiceHandler.launch(LaunchServiceHandler.java:71) ~[modlauncher-10.0.9.jar:?]
	at cpw.mods.modlauncher.Launcher.run(Launcher.java:108) ~[modlauncher-10.0.9.jar:?]
	at cpw.mods.modlauncher.Launcher.main(Launcher.java:78) ~[modlauncher-10.0.9.jar:?]
	at cpw.mods.modlauncher.BootstrapLaunchConsumer.accept(BootstrapLaunchConsumer.java:26) ~[modlauncher-10.0.9.jar:?]
	at cpw.mods.modlauncher.BootstrapLaunchConsumer.accept(BootstrapLaunchConsumer.java:23) ~[modlauncher-10.0.9.jar:?]
	at cpw.mods.bootstraplauncher.BootstrapLauncher.main(BootstrapLauncher.java:141) ~[bootstraplauncher-1.1.2.jar:?]
[144月2025 01:12:10.490] [Render thread/WARN] [net.minecraft.client.renderer.GameRenderer/]: Failed to load shader: minecraft:shaders/post/defile.json
java.io.FileNotFoundException: minecraft:shaders/post/defile.json
	at net.minecraft.server.packs.resources.ResourceProvider.lambda$getResourceOrThrow$0(ResourceProvider.java:21) ~[forge-1.20.1-47.4.0_mapped_official_1.20.1.jar:?]
	at java.util.Optional.orElseThrow(Optional.java:403) ~[?:?]
	at net.minecraft.server.packs.resources.ResourceProvider.getResourceOrThrow(ResourceProvider.java:21) ~[forge-1.20.1-47.4.0_mapped_official_1.20.1.jar:?]
	at net.minecraft.client.renderer.PostChain.load(PostChain.java:58) ~[forge-1.20.1-47.4.0_mapped_official_1.20.1.jar:?]
	at net.minecraft.client.renderer.PostChain.<init>(PostChain.java:54) ~[forge-1.20.1-47.4.0_mapped_official_1.20.1.jar:?]
	at net.minecraft.client.renderer.GameRenderer.loadEffect(GameRenderer.java:341) ~[forge-1.20.1-47.4.0_mapped_official_1.20.1.jar:?]
	at net.minecraftforge.event.ForgeEventFactory.handler$zzh000$onRenderTickEnd(ForgeEventFactory.java:1274) ~[forge-1.20.1-47.4.0_mapped_official_1.20.1.jar:?]
	at net.minecraftforge.event.ForgeEventFactory.onRenderTickEnd(ForgeEventFactory.java) ~[forge-1.20.1-47.4.0_mapped_official_1.20.1.jar:?]
	at net.minecraft.client.Minecraft.runTick(Minecraft.java:1148) ~[forge-1.20.1-47.4.0_mapped_official_1.20.1.jar:?]
	at net.minecraft.client.Minecraft.run(Minecraft.java:718) ~[forge-1.20.1-47.4.0_mapped_official_1.20.1.jar:?]
	at net.minecraft.client.main.Main.main(Main.java:218) ~[forge-1.20.1-47.4.0_mapped_official_1.20.1.jar:?]
	at jdk.internal.reflect.NativeMethodAccessorImpl.invoke0(Native Method) ~[?:?]
	at jdk.internal.reflect.NativeMethodAccessorImpl.invoke(NativeMethodAccessorImpl.java:77) ~[?:?]
	at jdk.internal.reflect.DelegatingMethodAccessorImpl.invoke(DelegatingMethodAccessorImpl.java:43) ~[?:?]
	at java.lang.reflect.Method.invoke(Method.java:568) ~[?:?]
	at net.minecraftforge.fml.loading.targets.CommonLaunchHandler.runTarget(CommonLaunchHandler.java:111) ~[fmlloader-1.20.1-47.4.0.jar:?]
	at net.minecraftforge.fml.loading.targets.CommonLaunchHandler.clientService(CommonLaunchHandler.java:99) ~[fmlloader-1.20.1-47.4.0.jar:?]
	at net.minecraftforge.fml.loading.targets.ForgeClientUserdevLaunchHandler.devService(ForgeClientUserdevLaunchHandler.java:19) ~[fmlloader-1.20.1-47.4.0.jar:?]
	at net.minecraftforge.fml.loading.targets.CommonDevLaunchHandler.lambda$makeService$7(CommonDevLaunchHandler.java:135) ~[fmlloader-1.20.1-47.4.0.jar:?]
	at cpw.mods.modlauncher.LaunchServiceHandlerDecorator.launch(LaunchServiceHandlerDecorator.java:30) ~[modlauncher-10.0.9.jar:?]
	at cpw.mods.modlauncher.LaunchServiceHandler.launch(LaunchServiceHandler.java:53) ~[modlauncher-10.0.9.jar:?]
	at cpw.mods.modlauncher.LaunchServiceHandler.launch(LaunchServiceHandler.java:71) ~[modlauncher-10.0.9.jar:?]
	at cpw.mods.modlauncher.Launcher.run(Launcher.java:108) ~[modlauncher-10.0.9.jar:?]
	at cpw.mods.modlauncher.Launcher.main(Launcher.java:78) ~[modlauncher-10.0.9.jar:?]
	at cpw.mods.modlauncher.BootstrapLaunchConsumer.accept(BootstrapLaunchConsumer.java:26) ~[modlauncher-10.0.9.jar:?]
	at cpw.mods.modlauncher.BootstrapLaunchConsumer.accept(BootstrapLaunchConsumer.java:23) ~[modlauncher-10.0.9.jar:?]
	at cpw.mods.bootstraplauncher.BootstrapLauncher.main(BootstrapLauncher.java:141) ~[bootstraplauncher-1.1.2.jar:?]
[144月2025 01:12:10.513] [Render thread/WARN] [net.minecraft.client.renderer.GameRenderer/]: Failed to load shader: minecraft:shaders/post/defile.json
java.io.FileNotFoundException: minecraft:shaders/post/defile.json
	at net.minecraft.server.packs.resources.ResourceProvider.lambda$getResourceOrThrow$0(ResourceProvider.java:21) ~[forge-1.20.1-47.4.0_mapped_official_1.20.1.jar:?]
	at java.util.Optional.orElseThrow(Optional.java:403) ~[?:?]
	at net.minecraft.server.packs.resources.ResourceProvider.getResourceOrThrow(ResourceProvider.java:21) ~[forge-1.20.1-47.4.0_mapped_official_1.20.1.jar:?]
	at net.minecraft.client.renderer.PostChain.load(PostChain.java:58) ~[forge-1.20.1-47.4.0_mapped_official_1.20.1.jar:?]
	at net.minecraft.client.renderer.PostChain.<init>(PostChain.java:54) ~[forge-1.20.1-47.4.0_mapped_official_1.20.1.jar:?]
	at net.minecraft.client.renderer.GameRenderer.loadEffect(GameRenderer.java:341) ~[forge-1.20.1-47.4.0_mapped_official_1.20.1.jar:?]
	at net.minecraftforge.event.ForgeEventFactory.handler$zzh000$onRenderTickEnd(ForgeEventFactory.java:1274) ~[forge-1.20.1-47.4.0_mapped_official_1.20.1.jar:?]
	at net.minecraftforge.event.ForgeEventFactory.onRenderTickEnd(ForgeEventFactory.java) ~[forge-1.20.1-47.4.0_mapped_official_1.20.1.jar:?]
	at net.minecraft.client.Minecraft.runTick(Minecraft.java:1148) ~[forge-1.20.1-47.4.0_mapped_official_1.20.1.jar:?]
	at net.minecraft.client.Minecraft.run(Minecraft.java:718) ~[forge-1.20.1-47.4.0_mapped_official_1.20.1.jar:?]
	at net.minecraft.client.main.Main.main(Main.java:218) ~[forge-1.20.1-47.4.0_mapped_official_1.20.1.jar:?]
	at jdk.internal.reflect.NativeMethodAccessorImpl.invoke0(Native Method) ~[?:?]
	at jdk.internal.reflect.NativeMethodAccessorImpl.invoke(NativeMethodAccessorImpl.java:77) ~[?:?]
	at jdk.internal.reflect.DelegatingMethodAccessorImpl.invoke(DelegatingMethodAccessorImpl.java:43) ~[?:?]
	at java.lang.reflect.Method.invoke(Method.java:568) ~[?:?]
	at net.minecraftforge.fml.loading.targets.CommonLaunchHandler.runTarget(CommonLaunchHandler.java:111) ~[fmlloader-1.20.1-47.4.0.jar:?]
	at net.minecraftforge.fml.loading.targets.CommonLaunchHandler.clientService(CommonLaunchHandler.java:99) ~[fmlloader-1.20.1-47.4.0.jar:?]
	at net.minecraftforge.fml.loading.targets.ForgeClientUserdevLaunchHandler.devService(ForgeClientUserdevLaunchHandler.java:19) ~[fmlloader-1.20.1-47.4.0.jar:?]
	at net.minecraftforge.fml.loading.targets.CommonDevLaunchHandler.lambda$makeService$7(CommonDevLaunchHandler.java:135) ~[fmlloader-1.20.1-47.4.0.jar:?]
	at cpw.mods.modlauncher.LaunchServiceHandlerDecorator.launch(LaunchServiceHandlerDecorator.java:30) ~[modlauncher-10.0.9.jar:?]
	at cpw.mods.modlauncher.LaunchServiceHandler.launch(LaunchServiceHandler.java:53) ~[modlauncher-10.0.9.jar:?]
	at cpw.mods.modlauncher.LaunchServiceHandler.launch(LaunchServiceHandler.java:71) ~[modlauncher-10.0.9.jar:?]
	at cpw.mods.modlauncher.Launcher.run(Launcher.java:108) ~[modlauncher-10.0.9.jar:?]
	at cpw.mods.modlauncher.Launcher.main(Launcher.java:78) ~[modlauncher-10.0.9.jar:?]
	at cpw.mods.modlauncher.BootstrapLaunchConsumer.accept(BootstrapLaunchConsumer.java:26) ~[modlauncher-10.0.9.jar:?]
	at cpw.mods.modlauncher.BootstrapLaunchConsumer.accept(BootstrapLaunchConsumer.java:23) ~[modlauncher-10.0.9.jar:?]
	at cpw.mods.bootstraplauncher.BootstrapLauncher.main(BootstrapLauncher.java:141) ~[bootstraplauncher-1.1.2.jar:?]
[144月2025 01:12:10.530] [Render thread/WARN] [net.minecraft.client.renderer.GameRenderer/]: Failed to load shader: minecraft:shaders/post/defile.json
java.io.FileNotFoundException: minecraft:shaders/post/defile.json
	at net.minecraft.server.packs.resources.ResourceProvider.lambda$getResourceOrThrow$0(ResourceProvider.java:21) ~[forge-1.20.1-47.4.0_mapped_official_1.20.1.jar:?]
	at java.util.Optional.orElseThrow(Optional.java:403) ~[?:?]
	at net.minecraft.server.packs.resources.ResourceProvider.getResourceOrThrow(ResourceProvider.java:21) ~[forge-1.20.1-47.4.0_mapped_official_1.20.1.jar:?]
	at net.minecraft.client.renderer.PostChain.load(PostChain.java:58) ~[forge-1.20.1-47.4.0_mapped_official_1.20.1.jar:?]
	at net.minecraft.client.renderer.PostChain.<init>(PostChain.java:54) ~[forge-1.20.1-47.4.0_mapped_official_1.20.1.jar:?]
	at net.minecraft.client.renderer.GameRenderer.loadEffect(GameRenderer.java:341) ~[forge-1.20.1-47.4.0_mapped_official_1.20.1.jar:?]
	at net.minecraftforge.event.ForgeEventFactory.handler$zzh000$onRenderTickEnd(ForgeEventFactory.java:1274) ~[forge-1.20.1-47.4.0_mapped_official_1.20.1.jar:?]
	at net.minecraftforge.event.ForgeEventFactory.onRenderTickEnd(ForgeEventFactory.java) ~[forge-1.20.1-47.4.0_mapped_official_1.20.1.jar:?]
	at net.minecraft.client.Minecraft.runTick(Minecraft.java:1148) ~[forge-1.20.1-47.4.0_mapped_official_1.20.1.jar:?]
	at net.minecraft.client.Minecraft.run(Minecraft.java:718) ~[forge-1.20.1-47.4.0_mapped_official_1.20.1.jar:?]
	at net.minecraft.client.main.Main.main(Main.java:218) ~[forge-1.20.1-47.4.0_mapped_official_1.20.1.jar:?]
	at jdk.internal.reflect.NativeMethodAccessorImpl.invoke0(Native Method) ~[?:?]
	at jdk.internal.reflect.NativeMethodAccessorImpl.invoke(NativeMethodAccessorImpl.java:77) ~[?:?]
	at jdk.internal.reflect.DelegatingMethodAccessorImpl.invoke(DelegatingMethodAccessorImpl.java:43) ~[?:?]
	at java.lang.reflect.Method.invoke(Method.java:568) ~[?:?]
	at net.minecraftforge.fml.loading.targets.CommonLaunchHandler.runTarget(CommonLaunchHandler.java:111) ~[fmlloader-1.20.1-47.4.0.jar:?]
	at net.minecraftforge.fml.loading.targets.CommonLaunchHandler.clientService(CommonLaunchHandler.java:99) ~[fmlloader-1.20.1-47.4.0.jar:?]
	at net.minecraftforge.fml.loading.targets.ForgeClientUserdevLaunchHandler.devService(ForgeClientUserdevLaunchHandler.java:19) ~[fmlloader-1.20.1-47.4.0.jar:?]
	at net.minecraftforge.fml.loading.targets.CommonDevLaunchHandler.lambda$makeService$7(CommonDevLaunchHandler.java:135) ~[fmlloader-1.20.1-47.4.0.jar:?]
	at cpw.mods.modlauncher.LaunchServiceHandlerDecorator.launch(LaunchServiceHandlerDecorator.java:30) ~[modlauncher-10.0.9.jar:?]
	at cpw.mods.modlauncher.LaunchServiceHandler.launch(LaunchServiceHandler.java:53) ~[modlauncher-10.0.9.jar:?]
	at cpw.mods.modlauncher.LaunchServiceHandler.launch(LaunchServiceHandler.java:71) ~[modlauncher-10.0.9.jar:?]
	at cpw.mods.modlauncher.Launcher.run(Launcher.java:108) ~[modlauncher-10.0.9.jar:?]
	at cpw.mods.modlauncher.Launcher.main(Launcher.java:78) ~[modlauncher-10.0.9.jar:?]
	at cpw.mods.modlauncher.BootstrapLaunchConsumer.accept(BootstrapLaunchConsumer.java:26) ~[modlauncher-10.0.9.jar:?]
	at cpw.mods.modlauncher.BootstrapLaunchConsumer.accept(BootstrapLaunchConsumer.java:23) ~[modlauncher-10.0.9.jar:?]
	at cpw.mods.bootstraplauncher.BootstrapLauncher.main(BootstrapLauncher.java:141) ~[bootstraplauncher-1.1.2.jar:?]
[144月2025 01:12:10.551] [Render thread/WARN] [net.minecraft.client.renderer.GameRenderer/]: Failed to load shader: minecraft:shaders/post/defile.json
java.io.FileNotFoundException: minecraft:shaders/post/defile.json
	at net.minecraft.server.packs.resources.ResourceProvider.lambda$getResourceOrThrow$0(ResourceProvider.java:21) ~[forge-1.20.1-47.4.0_mapped_official_1.20.1.jar:?]
	at java.util.Optional.orElseThrow(Optional.java:403) ~[?:?]
	at net.minecraft.server.packs.resources.ResourceProvider.getResourceOrThrow(ResourceProvider.java:21) ~[forge-1.20.1-47.4.0_mapped_official_1.20.1.jar:?]
	at net.minecraft.client.renderer.PostChain.load(PostChain.java:58) ~[forge-1.20.1-47.4.0_mapped_official_1.20.1.jar:?]
	at net.minecraft.client.renderer.PostChain.<init>(PostChain.java:54) ~[forge-1.20.1-47.4.0_mapped_official_1.20.1.jar:?]
	at net.minecraft.client.renderer.GameRenderer.loadEffect(GameRenderer.java:341) ~[forge-1.20.1-47.4.0_mapped_official_1.20.1.jar:?]
	at net.minecraftforge.event.ForgeEventFactory.handler$zzh000$onRenderTickEnd(ForgeEventFactory.java:1274) ~[forge-1.20.1-47.4.0_mapped_official_1.20.1.jar:?]
	at net.minecraftforge.event.ForgeEventFactory.onRenderTickEnd(ForgeEventFactory.java) ~[forge-1.20.1-47.4.0_mapped_official_1.20.1.jar:?]
	at net.minecraft.client.Minecraft.runTick(Minecraft.java:1148) ~[forge-1.20.1-47.4.0_mapped_official_1.20.1.jar:?]
	at net.minecraft.client.Minecraft.run(Minecraft.java:718) ~[forge-1.20.1-47.4.0_mapped_official_1.20.1.jar:?]
	at net.minecraft.client.main.Main.main(Main.java:218) ~[forge-1.20.1-47.4.0_mapped_official_1.20.1.jar:?]
	at jdk.internal.reflect.NativeMethodAccessorImpl.invoke0(Native Method) ~[?:?]
	at jdk.internal.reflect.NativeMethodAccessorImpl.invoke(NativeMethodAccessorImpl.java:77) ~[?:?]
	at jdk.internal.reflect.DelegatingMethodAccessorImpl.invoke(DelegatingMethodAccessorImpl.java:43) ~[?:?]
	at java.lang.reflect.Method.invoke(Method.java:568) ~[?:?]
	at net.minecraftforge.fml.loading.targets.CommonLaunchHandler.runTarget(CommonLaunchHandler.java:111) ~[fmlloader-1.20.1-47.4.0.jar:?]
	at net.minecraftforge.fml.loading.targets.CommonLaunchHandler.clientService(CommonLaunchHandler.java:99) ~[fmlloader-1.20.1-47.4.0.jar:?]
	at net.minecraftforge.fml.loading.targets.ForgeClientUserdevLaunchHandler.devService(ForgeClientUserdevLaunchHandler.java:19) ~[fmlloader-1.20.1-47.4.0.jar:?]
	at net.minecraftforge.fml.loading.targets.CommonDevLaunchHandler.lambda$makeService$7(CommonDevLaunchHandler.java:135) ~[fmlloader-1.20.1-47.4.0.jar:?]
	at cpw.mods.modlauncher.LaunchServiceHandlerDecorator.launch(LaunchServiceHandlerDecorator.java:30) ~[modlauncher-10.0.9.jar:?]
	at cpw.mods.modlauncher.LaunchServiceHandler.launch(LaunchServiceHandler.java:53) ~[modlauncher-10.0.9.jar:?]
	at cpw.mods.modlauncher.LaunchServiceHandler.launch(LaunchServiceHandler.java:71) ~[modlauncher-10.0.9.jar:?]
	at cpw.mods.modlauncher.Launcher.run(Launcher.java:108) ~[modlauncher-10.0.9.jar:?]
	at cpw.mods.modlauncher.Launcher.main(Launcher.java:78) ~[modlauncher-10.0.9.jar:?]
	at cpw.mods.modlauncher.BootstrapLaunchConsumer.accept(BootstrapLaunchConsumer.java:26) ~[modlauncher-10.0.9.jar:?]
	at cpw.mods.modlauncher.BootstrapLaunchConsumer.accept(BootstrapLaunchConsumer.java:23) ~[modlauncher-10.0.9.jar:?]
	at cpw.mods.bootstraplauncher.BootstrapLauncher.main(BootstrapLauncher.java:141) ~[bootstraplauncher-1.1.2.jar:?]
[144月2025 01:12:10.571] [Render thread/WARN] [net.minecraft.client.renderer.GameRenderer/]: Failed to load shader: minecraft:shaders/post/defile.json
java.io.FileNotFoundException: minecraft:shaders/post/defile.json
	at net.minecraft.server.packs.resources.ResourceProvider.lambda$getResourceOrThrow$0(ResourceProvider.java:21) ~[forge-1.20.1-47.4.0_mapped_official_1.20.1.jar:?]
	at java.util.Optional.orElseThrow(Optional.java:403) ~[?:?]
	at net.minecraft.server.packs.resources.ResourceProvider.getResourceOrThrow(ResourceProvider.java:21) ~[forge-1.20.1-47.4.0_mapped_official_1.20.1.jar:?]
	at net.minecraft.client.renderer.PostChain.load(PostChain.java:58) ~[forge-1.20.1-47.4.0_mapped_official_1.20.1.jar:?]
	at net.minecraft.client.renderer.PostChain.<init>(PostChain.java:54) ~[forge-1.20.1-47.4.0_mapped_official_1.20.1.jar:?]
	at net.minecraft.client.renderer.GameRenderer.loadEffect(GameRenderer.java:341) ~[forge-1.20.1-47.4.0_mapped_official_1.20.1.jar:?]
	at net.minecraftforge.event.ForgeEventFactory.handler$zzh000$onRenderTickEnd(ForgeEventFactory.java:1274) ~[forge-1.20.1-47.4.0_mapped_official_1.20.1.jar:?]
	at net.minecraftforge.event.ForgeEventFactory.onRenderTickEnd(ForgeEventFactory.java) ~[forge-1.20.1-47.4.0_mapped_official_1.20.1.jar:?]
	at net.minecraft.client.Minecraft.runTick(Minecraft.java:1148) ~[forge-1.20.1-47.4.0_mapped_official_1.20.1.jar:?]
	at net.minecraft.client.Minecraft.run(Minecraft.java:718) ~[forge-1.20.1-47.4.0_mapped_official_1.20.1.jar:?]
	at net.minecraft.client.main.Main.main(Main.java:218) ~[forge-1.20.1-47.4.0_mapped_official_1.20.1.jar:?]
	at jdk.internal.reflect.NativeMethodAccessorImpl.invoke0(Native Method) ~[?:?]
	at jdk.internal.reflect.NativeMethodAccessorImpl.invoke(NativeMethodAccessorImpl.java:77) ~[?:?]
	at jdk.internal.reflect.DelegatingMethodAccessorImpl.invoke(DelegatingMethodAccessorImpl.java:43) ~[?:?]
	at java.lang.reflect.Method.invoke(Method.java:568) ~[?:?]
	at net.minecraftforge.fml.loading.targets.CommonLaunchHandler.runTarget(CommonLaunchHandler.java:111) ~[fmlloader-1.20.1-47.4.0.jar:?]
	at net.minecraftforge.fml.loading.targets.CommonLaunchHandler.clientService(CommonLaunchHandler.java:99) ~[fmlloader-1.20.1-47.4.0.jar:?]
	at net.minecraftforge.fml.loading.targets.ForgeClientUserdevLaunchHandler.devService(ForgeClientUserdevLaunchHandler.java:19) ~[fmlloader-1.20.1-47.4.0.jar:?]
	at net.minecraftforge.fml.loading.targets.CommonDevLaunchHandler.lambda$makeService$7(CommonDevLaunchHandler.java:135) ~[fmlloader-1.20.1-47.4.0.jar:?]
	at cpw.mods.modlauncher.LaunchServiceHandlerDecorator.launch(LaunchServiceHandlerDecorator.java:30) ~[modlauncher-10.0.9.jar:?]
	at cpw.mods.modlauncher.LaunchServiceHandler.launch(LaunchServiceHandler.java:53) ~[modlauncher-10.0.9.jar:?]
	at cpw.mods.modlauncher.LaunchServiceHandler.launch(LaunchServiceHandler.java:71) ~[modlauncher-10.0.9.jar:?]
	at cpw.mods.modlauncher.Launcher.run(Launcher.java:108) ~[modlauncher-10.0.9.jar:?]
	at cpw.mods.modlauncher.Launcher.main(Launcher.java:78) ~[modlauncher-10.0.9.jar:?]
	at cpw.mods.modlauncher.BootstrapLaunchConsumer.accept(BootstrapLaunchConsumer.java:26) ~[modlauncher-10.0.9.jar:?]
	at cpw.mods.modlauncher.BootstrapLaunchConsumer.accept(BootstrapLaunchConsumer.java:23) ~[modlauncher-10.0.9.jar:?]
	at cpw.mods.bootstraplauncher.BootstrapLauncher.main(BootstrapLauncher.java:141) ~[bootstraplauncher-1.1.2.jar:?]
[144月2025 01:12:10.585] [Render thread/WARN] [net.minecraft.client.renderer.GameRenderer/]: Failed to load shader: minecraft:shaders/post/defile.json
java.io.FileNotFoundException: minecraft:shaders/post/defile.json
	at net.minecraft.server.packs.resources.ResourceProvider.lambda$getResourceOrThrow$0(ResourceProvider.java:21) ~[forge-1.20.1-47.4.0_mapped_official_1.20.1.jar:?]
	at java.util.Optional.orElseThrow(Optional.java:403) ~[?:?]
	at net.minecraft.server.packs.resources.ResourceProvider.getResourceOrThrow(ResourceProvider.java:21) ~[forge-1.20.1-47.4.0_mapped_official_1.20.1.jar:?]
	at net.minecraft.client.renderer.PostChain.load(PostChain.java:58) ~[forge-1.20.1-47.4.0_mapped_official_1.20.1.jar:?]
	at net.minecraft.client.renderer.PostChain.<init>(PostChain.java:54) ~[forge-1.20.1-47.4.0_mapped_official_1.20.1.jar:?]
	at net.minecraft.client.renderer.GameRenderer.loadEffect(GameRenderer.java:341) ~[forge-1.20.1-47.4.0_mapped_official_1.20.1.jar:?]
	at net.minecraftforge.event.ForgeEventFactory.handler$zzh000$onRenderTickEnd(ForgeEventFactory.java:1274) ~[forge-1.20.1-47.4.0_mapped_official_1.20.1.jar:?]
	at net.minecraftforge.event.ForgeEventFactory.onRenderTickEnd(ForgeEventFactory.java) ~[forge-1.20.1-47.4.0_mapped_official_1.20.1.jar:?]
	at net.minecraft.client.Minecraft.runTick(Minecraft.java:1148) ~[forge-1.20.1-47.4.0_mapped_official_1.20.1.jar:?]
	at net.minecraft.client.Minecraft.run(Minecraft.java:718) ~[forge-1.20.1-47.4.0_mapped_official_1.20.1.jar:?]
	at net.minecraft.client.main.Main.main(Main.java:218) ~[forge-1.20.1-47.4.0_mapped_official_1.20.1.jar:?]
	at jdk.internal.reflect.NativeMethodAccessorImpl.invoke0(Native Method) ~[?:?]
	at jdk.internal.reflect.NativeMethodAccessorImpl.invoke(NativeMethodAccessorImpl.java:77) ~[?:?]
	at jdk.internal.reflect.DelegatingMethodAccessorImpl.invoke(DelegatingMethodAccessorImpl.java:43) ~[?:?]
	at java.lang.reflect.Method.invoke(Method.java:568) ~[?:?]
	at net.minecraftforge.fml.loading.targets.CommonLaunchHandler.runTarget(CommonLaunchHandler.java:111) ~[fmlloader-1.20.1-47.4.0.jar:?]
	at net.minecraftforge.fml.loading.targets.CommonLaunchHandler.clientService(CommonLaunchHandler.java:99) ~[fmlloader-1.20.1-47.4.0.jar:?]
	at net.minecraftforge.fml.loading.targets.ForgeClientUserdevLaunchHandler.devService(ForgeClientUserdevLaunchHandler.java:19) ~[fmlloader-1.20.1-47.4.0.jar:?]
	at net.minecraftforge.fml.loading.targets.CommonDevLaunchHandler.lambda$makeService$7(CommonDevLaunchHandler.java:135) ~[fmlloader-1.20.1-47.4.0.jar:?]
	at cpw.mods.modlauncher.LaunchServiceHandlerDecorator.launch(LaunchServiceHandlerDecorator.java:30) ~[modlauncher-10.0.9.jar:?]
	at cpw.mods.modlauncher.LaunchServiceHandler.launch(LaunchServiceHandler.java:53) ~[modlauncher-10.0.9.jar:?]
	at cpw.mods.modlauncher.LaunchServiceHandler.launch(LaunchServiceHandler.java:71) ~[modlauncher-10.0.9.jar:?]
	at cpw.mods.modlauncher.Launcher.run(Launcher.java:108) ~[modlauncher-10.0.9.jar:?]
	at cpw.mods.modlauncher.Launcher.main(Launcher.java:78) ~[modlauncher-10.0.9.jar:?]
	at cpw.mods.modlauncher.BootstrapLaunchConsumer.accept(BootstrapLaunchConsumer.java:26) ~[modlauncher-10.0.9.jar:?]
	at cpw.mods.modlauncher.BootstrapLaunchConsumer.accept(BootstrapLaunchConsumer.java:23) ~[modlauncher-10.0.9.jar:?]
	at cpw.mods.bootstraplauncher.BootstrapLauncher.main(BootstrapLauncher.java:141) ~[bootstraplauncher-1.1.2.jar:?]
[144月2025 01:12:10.607] [Render thread/WARN] [net.minecraft.client.renderer.GameRenderer/]: Failed to load shader: minecraft:shaders/post/defile.json
java.io.FileNotFoundException: minecraft:shaders/post/defile.json
	at net.minecraft.server.packs.resources.ResourceProvider.lambda$getResourceOrThrow$0(ResourceProvider.java:21) ~[forge-1.20.1-47.4.0_mapped_official_1.20.1.jar:?]
	at java.util.Optional.orElseThrow(Optional.java:403) ~[?:?]
	at net.minecraft.server.packs.resources.ResourceProvider.getResourceOrThrow(ResourceProvider.java:21) ~[forge-1.20.1-47.4.0_mapped_official_1.20.1.jar:?]
	at net.minecraft.client.renderer.PostChain.load(PostChain.java:58) ~[forge-1.20.1-47.4.0_mapped_official_1.20.1.jar:?]
	at net.minecraft.client.renderer.PostChain.<init>(PostChain.java:54) ~[forge-1.20.1-47.4.0_mapped_official_1.20.1.jar:?]
	at net.minecraft.client.renderer.GameRenderer.loadEffect(GameRenderer.java:341) ~[forge-1.20.1-47.4.0_mapped_official_1.20.1.jar:?]
	at net.minecraftforge.event.ForgeEventFactory.handler$zzh000$onRenderTickEnd(ForgeEventFactory.java:1274) ~[forge-1.20.1-47.4.0_mapped_official_1.20.1.jar:?]
	at net.minecraftforge.event.ForgeEventFactory.onRenderTickEnd(ForgeEventFactory.java) ~[forge-1.20.1-47.4.0_mapped_official_1.20.1.jar:?]
	at net.minecraft.client.Minecraft.runTick(Minecraft.java:1148) ~[forge-1.20.1-47.4.0_mapped_official_1.20.1.jar:?]
	at net.minecraft.client.Minecraft.run(Minecraft.java:718) ~[forge-1.20.1-47.4.0_mapped_official_1.20.1.jar:?]
	at net.minecraft.client.main.Main.main(Main.java:218) ~[forge-1.20.1-47.4.0_mapped_official_1.20.1.jar:?]
	at jdk.internal.reflect.NativeMethodAccessorImpl.invoke0(Native Method) ~[?:?]
	at jdk.internal.reflect.NativeMethodAccessorImpl.invoke(NativeMethodAccessorImpl.java:77) ~[?:?]
	at jdk.internal.reflect.DelegatingMethodAccessorImpl.invoke(DelegatingMethodAccessorImpl.java:43) ~[?:?]
	at java.lang.reflect.Method.invoke(Method.java:568) ~[?:?]
	at net.minecraftforge.fml.loading.targets.CommonLaunchHandler.runTarget(CommonLaunchHandler.java:111) ~[fmlloader-1.20.1-47.4.0.jar:?]
	at net.minecraftforge.fml.loading.targets.CommonLaunchHandler.clientService(CommonLaunchHandler.java:99) ~[fmlloader-1.20.1-47.4.0.jar:?]
	at net.minecraftforge.fml.loading.targets.ForgeClientUserdevLaunchHandler.devService(ForgeClientUserdevLaunchHandler.java:19) ~[fmlloader-1.20.1-47.4.0.jar:?]
	at net.minecraftforge.fml.loading.targets.CommonDevLaunchHandler.lambda$makeService$7(CommonDevLaunchHandler.java:135) ~[fmlloader-1.20.1-47.4.0.jar:?]
	at cpw.mods.modlauncher.LaunchServiceHandlerDecorator.launch(LaunchServiceHandlerDecorator.java:30) ~[modlauncher-10.0.9.jar:?]
	at cpw.mods.modlauncher.LaunchServiceHandler.launch(LaunchServiceHandler.java:53) ~[modlauncher-10.0.9.jar:?]
	at cpw.mods.modlauncher.LaunchServiceHandler.launch(LaunchServiceHandler.java:71) ~[modlauncher-10.0.9.jar:?]
	at cpw.mods.modlauncher.Launcher.run(Launcher.java:108) ~[modlauncher-10.0.9.jar:?]
	at cpw.mods.modlauncher.Launcher.main(Launcher.java:78) ~[modlauncher-10.0.9.jar:?]
	at cpw.mods.modlauncher.BootstrapLaunchConsumer.accept(BootstrapLaunchConsumer.java:26) ~[modlauncher-10.0.9.jar:?]
	at cpw.mods.modlauncher.BootstrapLaunchConsumer.accept(BootstrapLaunchConsumer.java:23) ~[modlauncher-10.0.9.jar:?]
	at cpw.mods.bootstraplauncher.BootstrapLauncher.main(BootstrapLauncher.java:141) ~[bootstraplauncher-1.1.2.jar:?]
[144月2025 01:12:10.622] [Render thread/WARN] [net.minecraft.client.renderer.GameRenderer/]: Failed to load shader: minecraft:shaders/post/defile.json
java.io.FileNotFoundException: minecraft:shaders/post/defile.json
	at net.minecraft.server.packs.resources.ResourceProvider.lambda$getResourceOrThrow$0(ResourceProvider.java:21) ~[forge-1.20.1-47.4.0_mapped_official_1.20.1.jar:?]
	at java.util.Optional.orElseThrow(Optional.java:403) ~[?:?]
	at net.minecraft.server.packs.resources.ResourceProvider.getResourceOrThrow(ResourceProvider.java:21) ~[forge-1.20.1-47.4.0_mapped_official_1.20.1.jar:?]
	at net.minecraft.client.renderer.PostChain.load(PostChain.java:58) ~[forge-1.20.1-47.4.0_mapped_official_1.20.1.jar:?]
	at net.minecraft.client.renderer.PostChain.<init>(PostChain.java:54) ~[forge-1.20.1-47.4.0_mapped_official_1.20.1.jar:?]
	at net.minecraft.client.renderer.GameRenderer.loadEffect(GameRenderer.java:341) ~[forge-1.20.1-47.4.0_mapped_official_1.20.1.jar:?]
	at net.minecraftforge.event.ForgeEventFactory.handler$zzh000$onRenderTickEnd(ForgeEventFactory.java:1274) ~[forge-1.20.1-47.4.0_mapped_official_1.20.1.jar:?]
	at net.minecraftforge.event.ForgeEventFactory.onRenderTickEnd(ForgeEventFactory.java) ~[forge-1.20.1-47.4.0_mapped_official_1.20.1.jar:?]
	at net.minecraft.client.Minecraft.runTick(Minecraft.java:1148) ~[forge-1.20.1-47.4.0_mapped_official_1.20.1.jar:?]
	at net.minecraft.client.Minecraft.run(Minecraft.java:718) ~[forge-1.20.1-47.4.0_mapped_official_1.20.1.jar:?]
	at net.minecraft.client.main.Main.main(Main.java:218) ~[forge-1.20.1-47.4.0_mapped_official_1.20.1.jar:?]
	at jdk.internal.reflect.NativeMethodAccessorImpl.invoke0(Native Method) ~[?:?]
	at jdk.internal.reflect.NativeMethodAccessorImpl.invoke(NativeMethodAccessorImpl.java:77) ~[?:?]
	at jdk.internal.reflect.DelegatingMethodAccessorImpl.invoke(DelegatingMethodAccessorImpl.java:43) ~[?:?]
	at java.lang.reflect.Method.invoke(Method.java:568) ~[?:?]
	at net.minecraftforge.fml.loading.targets.CommonLaunchHandler.runTarget(CommonLaunchHandler.java:111) ~[fmlloader-1.20.1-47.4.0.jar:?]
	at net.minecraftforge.fml.loading.targets.CommonLaunchHandler.clientService(CommonLaunchHandler.java:99) ~[fmlloader-1.20.1-47.4.0.jar:?]
	at net.minecraftforge.fml.loading.targets.ForgeClientUserdevLaunchHandler.devService(ForgeClientUserdevLaunchHandler.java:19) ~[fmlloader-1.20.1-47.4.0.jar:?]
	at net.minecraftforge.fml.loading.targets.CommonDevLaunchHandler.lambda$makeService$7(CommonDevLaunchHandler.java:135) ~[fmlloader-1.20.1-47.4.0.jar:?]
	at cpw.mods.modlauncher.LaunchServiceHandlerDecorator.launch(LaunchServiceHandlerDecorator.java:30) ~[modlauncher-10.0.9.jar:?]
	at cpw.mods.modlauncher.LaunchServiceHandler.launch(LaunchServiceHandler.java:53) ~[modlauncher-10.0.9.jar:?]
	at cpw.mods.modlauncher.LaunchServiceHandler.launch(LaunchServiceHandler.java:71) ~[modlauncher-10.0.9.jar:?]
	at cpw.mods.modlauncher.Launcher.run(Launcher.java:108) ~[modlauncher-10.0.9.jar:?]
	at cpw.mods.modlauncher.Launcher.main(Launcher.java:78) ~[modlauncher-10.0.9.jar:?]
	at cpw.mods.modlauncher.BootstrapLaunchConsumer.accept(BootstrapLaunchConsumer.java:26) ~[modlauncher-10.0.9.jar:?]
	at cpw.mods.modlauncher.BootstrapLaunchConsumer.accept(BootstrapLaunchConsumer.java:23) ~[modlauncher-10.0.9.jar:?]
	at cpw.mods.bootstraplauncher.BootstrapLauncher.main(BootstrapLauncher.java:141) ~[bootstraplauncher-1.1.2.jar:?]
[144月2025 01:12:10.636] [Render thread/WARN] [net.minecraft.client.renderer.GameRenderer/]: Failed to load shader: minecraft:shaders/post/defile.json
java.io.FileNotFoundException: minecraft:shaders/post/defile.json
	at net.minecraft.server.packs.resources.ResourceProvider.lambda$getResourceOrThrow$0(ResourceProvider.java:21) ~[forge-1.20.1-47.4.0_mapped_official_1.20.1.jar:?]
	at java.util.Optional.orElseThrow(Optional.java:403) ~[?:?]
	at net.minecraft.server.packs.resources.ResourceProvider.getResourceOrThrow(ResourceProvider.java:21) ~[forge-1.20.1-47.4.0_mapped_official_1.20.1.jar:?]
	at net.minecraft.client.renderer.PostChain.load(PostChain.java:58) ~[forge-1.20.1-47.4.0_mapped_official_1.20.1.jar:?]
	at net.minecraft.client.renderer.PostChain.<init>(PostChain.java:54) ~[forge-1.20.1-47.4.0_mapped_official_1.20.1.jar:?]
	at net.minecraft.client.renderer.GameRenderer.loadEffect(GameRenderer.java:341) ~[forge-1.20.1-47.4.0_mapped_official_1.20.1.jar:?]
	at net.minecraftforge.event.ForgeEventFactory.handler$zzh000$onRenderTickEnd(ForgeEventFactory.java:1274) ~[forge-1.20.1-47.4.0_mapped_official_1.20.1.jar:?]
	at net.minecraftforge.event.ForgeEventFactory.onRenderTickEnd(ForgeEventFactory.java) ~[forge-1.20.1-47.4.0_mapped_official_1.20.1.jar:?]
	at net.minecraft.client.Minecraft.runTick(Minecraft.java:1148) ~[forge-1.20.1-47.4.0_mapped_official_1.20.1.jar:?]
	at net.minecraft.client.Minecraft.run(Minecraft.java:718) ~[forge-1.20.1-47.4.0_mapped_official_1.20.1.jar:?]
	at net.minecraft.client.main.Main.main(Main.java:218) ~[forge-1.20.1-47.4.0_mapped_official_1.20.1.jar:?]
	at jdk.internal.reflect.NativeMethodAccessorImpl.invoke0(Native Method) ~[?:?]
	at jdk.internal.reflect.NativeMethodAccessorImpl.invoke(NativeMethodAccessorImpl.java:77) ~[?:?]
	at jdk.internal.reflect.DelegatingMethodAccessorImpl.invoke(DelegatingMethodAccessorImpl.java:43) ~[?:?]
	at java.lang.reflect.Method.invoke(Method.java:568) ~[?:?]
	at net.minecraftforge.fml.loading.targets.CommonLaunchHandler.runTarget(CommonLaunchHandler.java:111) ~[fmlloader-1.20.1-47.4.0.jar:?]
	at net.minecraftforge.fml.loading.targets.CommonLaunchHandler.clientService(CommonLaunchHandler.java:99) ~[fmlloader-1.20.1-47.4.0.jar:?]
	at net.minecraftforge.fml.loading.targets.ForgeClientUserdevLaunchHandler.devService(ForgeClientUserdevLaunchHandler.java:19) ~[fmlloader-1.20.1-47.4.0.jar:?]
	at net.minecraftforge.fml.loading.targets.CommonDevLaunchHandler.lambda$makeService$7(CommonDevLaunchHandler.java:135) ~[fmlloader-1.20.1-47.4.0.jar:?]
	at cpw.mods.modlauncher.LaunchServiceHandlerDecorator.launch(LaunchServiceHandlerDecorator.java:30) ~[modlauncher-10.0.9.jar:?]
	at cpw.mods.modlauncher.LaunchServiceHandler.launch(LaunchServiceHandler.java:53) ~[modlauncher-10.0.9.jar:?]
	at cpw.mods.modlauncher.LaunchServiceHandler.launch(LaunchServiceHandler.java:71) ~[modlauncher-10.0.9.jar:?]
	at cpw.mods.modlauncher.Launcher.run(Launcher.java:108) ~[modlauncher-10.0.9.jar:?]
	at cpw.mods.modlauncher.Launcher.main(Launcher.java:78) ~[modlauncher-10.0.9.jar:?]
	at cpw.mods.modlauncher.BootstrapLaunchConsumer.accept(BootstrapLaunchConsumer.java:26) ~[modlauncher-10.0.9.jar:?]
	at cpw.mods.modlauncher.BootstrapLaunchConsumer.accept(BootstrapLaunchConsumer.java:23) ~[modlauncher-10.0.9.jar:?]
	at cpw.mods.bootstraplauncher.BootstrapLauncher.main(BootstrapLauncher.java:141) ~[bootstraplauncher-1.1.2.jar:?]
[144月2025 01:12:10.654] [Render thread/WARN] [net.minecraft.client.renderer.GameRenderer/]: Failed to load shader: minecraft:shaders/post/defile.json
java.io.FileNotFoundException: minecraft:shaders/post/defile.json
	at net.minecraft.server.packs.resources.ResourceProvider.lambda$getResourceOrThrow$0(ResourceProvider.java:21) ~[forge-1.20.1-47.4.0_mapped_official_1.20.1.jar:?]
	at java.util.Optional.orElseThrow(Optional.java:403) ~[?:?]
	at net.minecraft.server.packs.resources.ResourceProvider.getResourceOrThrow(ResourceProvider.java:21) ~[forge-1.20.1-47.4.0_mapped_official_1.20.1.jar:?]
	at net.minecraft.client.renderer.PostChain.load(PostChain.java:58) ~[forge-1.20.1-47.4.0_mapped_official_1.20.1.jar:?]
	at net.minecraft.client.renderer.PostChain.<init>(PostChain.java:54) ~[forge-1.20.1-47.4.0_mapped_official_1.20.1.jar:?]
	at net.minecraft.client.renderer.GameRenderer.loadEffect(GameRenderer.java:341) ~[forge-1.20.1-47.4.0_mapped_official_1.20.1.jar:?]
	at net.minecraftforge.event.ForgeEventFactory.handler$zzh000$onRenderTickEnd(ForgeEventFactory.java:1274) ~[forge-1.20.1-47.4.0_mapped_official_1.20.1.jar:?]
	at net.minecraftforge.event.ForgeEventFactory.onRenderTickEnd(ForgeEventFactory.java) ~[forge-1.20.1-47.4.0_mapped_official_1.20.1.jar:?]
	at net.minecraft.client.Minecraft.runTick(Minecraft.java:1148) ~[forge-1.20.1-47.4.0_mapped_official_1.20.1.jar:?]
	at net.minecraft.client.Minecraft.run(Minecraft.java:718) ~[forge-1.20.1-47.4.0_mapped_official_1.20.1.jar:?]
	at net.minecraft.client.main.Main.main(Main.java:218) ~[forge-1.20.1-47.4.0_mapped_official_1.20.1.jar:?]
	at jdk.internal.reflect.NativeMethodAccessorImpl.invoke0(Native Method) ~[?:?]
	at jdk.internal.reflect.NativeMethodAccessorImpl.invoke(NativeMethodAccessorImpl.java:77) ~[?:?]
	at jdk.internal.reflect.DelegatingMethodAccessorImpl.invoke(DelegatingMethodAccessorImpl.java:43) ~[?:?]
	at java.lang.reflect.Method.invoke(Method.java:568) ~[?:?]
	at net.minecraftforge.fml.loading.targets.CommonLaunchHandler.runTarget(CommonLaunchHandler.java:111) ~[fmlloader-1.20.1-47.4.0.jar:?]
	at net.minecraftforge.fml.loading.targets.CommonLaunchHandler.clientService(CommonLaunchHandler.java:99) ~[fmlloader-1.20.1-47.4.0.jar:?]
	at net.minecraftforge.fml.loading.targets.ForgeClientUserdevLaunchHandler.devService(ForgeClientUserdevLaunchHandler.java:19) ~[fmlloader-1.20.1-47.4.0.jar:?]
	at net.minecraftforge.fml.loading.targets.CommonDevLaunchHandler.lambda$makeService$7(CommonDevLaunchHandler.java:135) ~[fmlloader-1.20.1-47.4.0.jar:?]
	at cpw.mods.modlauncher.LaunchServiceHandlerDecorator.launch(LaunchServiceHandlerDecorator.java:30) ~[modlauncher-10.0.9.jar:?]
	at cpw.mods.modlauncher.LaunchServiceHandler.launch(LaunchServiceHandler.java:53) ~[modlauncher-10.0.9.jar:?]
	at cpw.mods.modlauncher.LaunchServiceHandler.launch(LaunchServiceHandler.java:71) ~[modlauncher-10.0.9.jar:?]
	at cpw.mods.modlauncher.Launcher.run(Launcher.java:108) ~[modlauncher-10.0.9.jar:?]
	at cpw.mods.modlauncher.Launcher.main(Launcher.java:78) ~[modlauncher-10.0.9.jar:?]
	at cpw.mods.modlauncher.BootstrapLaunchConsumer.accept(BootstrapLaunchConsumer.java:26) ~[modlauncher-10.0.9.jar:?]
	at cpw.mods.modlauncher.BootstrapLaunchConsumer.accept(BootstrapLaunchConsumer.java:23) ~[modlauncher-10.0.9.jar:?]
	at cpw.mods.bootstraplauncher.BootstrapLauncher.main(BootstrapLauncher.java:141) ~[bootstraplauncher-1.1.2.jar:?]
[144月2025 01:12:10.676] [Render thread/WARN] [net.minecraft.client.renderer.GameRenderer/]: Failed to load shader: minecraft:shaders/post/defile.json
java.io.FileNotFoundException: minecraft:shaders/post/defile.json
	at net.minecraft.server.packs.resources.ResourceProvider.lambda$getResourceOrThrow$0(ResourceProvider.java:21) ~[forge-1.20.1-47.4.0_mapped_official_1.20.1.jar:?]
	at java.util.Optional.orElseThrow(Optional.java:403) ~[?:?]
	at net.minecraft.server.packs.resources.ResourceProvider.getResourceOrThrow(ResourceProvider.java:21) ~[forge-1.20.1-47.4.0_mapped_official_1.20.1.jar:?]
	at net.minecraft.client.renderer.PostChain.load(PostChain.java:58) ~[forge-1.20.1-47.4.0_mapped_official_1.20.1.jar:?]
	at net.minecraft.client.renderer.PostChain.<init>(PostChain.java:54) ~[forge-1.20.1-47.4.0_mapped_official_1.20.1.jar:?]
	at net.minecraft.client.renderer.GameRenderer.loadEffect(GameRenderer.java:341) ~[forge-1.20.1-47.4.0_mapped_official_1.20.1.jar:?]
	at net.minecraftforge.event.ForgeEventFactory.handler$zzh000$onRenderTickEnd(ForgeEventFactory.java:1274) ~[forge-1.20.1-47.4.0_mapped_official_1.20.1.jar:?]
	at net.minecraftforge.event.ForgeEventFactory.onRenderTickEnd(ForgeEventFactory.java) ~[forge-1.20.1-47.4.0_mapped_official_1.20.1.jar:?]
	at net.minecraft.client.Minecraft.runTick(Minecraft.java:1148) ~[forge-1.20.1-47.4.0_mapped_official_1.20.1.jar:?]
	at net.minecraft.client.Minecraft.run(Minecraft.java:718) ~[forge-1.20.1-47.4.0_mapped_official_1.20.1.jar:?]
	at net.minecraft.client.main.Main.main(Main.java:218) ~[forge-1.20.1-47.4.0_mapped_official_1.20.1.jar:?]
	at jdk.internal.reflect.NativeMethodAccessorImpl.invoke0(Native Method) ~[?:?]
	at jdk.internal.reflect.NativeMethodAccessorImpl.invoke(NativeMethodAccessorImpl.java:77) ~[?:?]
	at jdk.internal.reflect.DelegatingMethodAccessorImpl.invoke(DelegatingMethodAccessorImpl.java:43) ~[?:?]
	at java.lang.reflect.Method.invoke(Method.java:568) ~[?:?]
	at net.minecraftforge.fml.loading.targets.CommonLaunchHandler.runTarget(CommonLaunchHandler.java:111) ~[fmlloader-1.20.1-47.4.0.jar:?]
	at net.minecraftforge.fml.loading.targets.CommonLaunchHandler.clientService(CommonLaunchHandler.java:99) ~[fmlloader-1.20.1-47.4.0.jar:?]
	at net.minecraftforge.fml.loading.targets.ForgeClientUserdevLaunchHandler.devService(ForgeClientUserdevLaunchHandler.java:19) ~[fmlloader-1.20.1-47.4.0.jar:?]
	at net.minecraftforge.fml.loading.targets.CommonDevLaunchHandler.lambda$makeService$7(CommonDevLaunchHandler.java:135) ~[fmlloader-1.20.1-47.4.0.jar:?]
	at cpw.mods.modlauncher.LaunchServiceHandlerDecorator.launch(LaunchServiceHandlerDecorator.java:30) ~[modlauncher-10.0.9.jar:?]
	at cpw.mods.modlauncher.LaunchServiceHandler.launch(LaunchServiceHandler.java:53) ~[modlauncher-10.0.9.jar:?]
	at cpw.mods.modlauncher.LaunchServiceHandler.launch(LaunchServiceHandler.java:71) ~[modlauncher-10.0.9.jar:?]
	at cpw.mods.modlauncher.Launcher.run(Launcher.java:108) ~[modlauncher-10.0.9.jar:?]
	at cpw.mods.modlauncher.Launcher.main(Launcher.java:78) ~[modlauncher-10.0.9.jar:?]
	at cpw.mods.modlauncher.BootstrapLaunchConsumer.accept(BootstrapLaunchConsumer.java:26) ~[modlauncher-10.0.9.jar:?]
	at cpw.mods.modlauncher.BootstrapLaunchConsumer.accept(BootstrapLaunchConsumer.java:23) ~[modlauncher-10.0.9.jar:?]
	at cpw.mods.bootstraplauncher.BootstrapLauncher.main(BootstrapLauncher.java:141) ~[bootstraplauncher-1.1.2.jar:?]
[144月2025 01:12:10.691] [Render thread/WARN] [net.minecraft.client.renderer.GameRenderer/]: Failed to load shader: minecraft:shaders/post/defile.json
java.io.FileNotFoundException: minecraft:shaders/post/defile.json
	at net.minecraft.server.packs.resources.ResourceProvider.lambda$getResourceOrThrow$0(ResourceProvider.java:21) ~[forge-1.20.1-47.4.0_mapped_official_1.20.1.jar:?]
	at java.util.Optional.orElseThrow(Optional.java:403) ~[?:?]
	at net.minecraft.server.packs.resources.ResourceProvider.getResourceOrThrow(ResourceProvider.java:21) ~[forge-1.20.1-47.4.0_mapped_official_1.20.1.jar:?]
	at net.minecraft.client.renderer.PostChain.load(PostChain.java:58) ~[forge-1.20.1-47.4.0_mapped_official_1.20.1.jar:?]
	at net.minecraft.client.renderer.PostChain.<init>(PostChain.java:54) ~[forge-1.20.1-47.4.0_mapped_official_1.20.1.jar:?]
	at net.minecraft.client.renderer.GameRenderer.loadEffect(GameRenderer.java:341) ~[forge-1.20.1-47.4.0_mapped_official_1.20.1.jar:?]
	at net.minecraftforge.event.ForgeEventFactory.handler$zzh000$onRenderTickEnd(ForgeEventFactory.java:1274) ~[forge-1.20.1-47.4.0_mapped_official_1.20.1.jar:?]
	at net.minecraftforge.event.ForgeEventFactory.onRenderTickEnd(ForgeEventFactory.java) ~[forge-1.20.1-47.4.0_mapped_official_1.20.1.jar:?]
	at net.minecraft.client.Minecraft.runTick(Minecraft.java:1148) ~[forge-1.20.1-47.4.0_mapped_official_1.20.1.jar:?]
	at net.minecraft.client.Minecraft.run(Minecraft.java:718) ~[forge-1.20.1-47.4.0_mapped_official_1.20.1.jar:?]
	at net.minecraft.client.main.Main.main(Main.java:218) ~[forge-1.20.1-47.4.0_mapped_official_1.20.1.jar:?]
	at jdk.internal.reflect.NativeMethodAccessorImpl.invoke0(Native Method) ~[?:?]
	at jdk.internal.reflect.NativeMethodAccessorImpl.invoke(NativeMethodAccessorImpl.java:77) ~[?:?]
	at jdk.internal.reflect.DelegatingMethodAccessorImpl.invoke(DelegatingMethodAccessorImpl.java:43) ~[?:?]
	at java.lang.reflect.Method.invoke(Method.java:568) ~[?:?]
	at net.minecraftforge.fml.loading.targets.CommonLaunchHandler.runTarget(CommonLaunchHandler.java:111) ~[fmlloader-1.20.1-47.4.0.jar:?]
	at net.minecraftforge.fml.loading.targets.CommonLaunchHandler.clientService(CommonLaunchHandler.java:99) ~[fmlloader-1.20.1-47.4.0.jar:?]
	at net.minecraftforge.fml.loading.targets.ForgeClientUserdevLaunchHandler.devService(ForgeClientUserdevLaunchHandler.java:19) ~[fmlloader-1.20.1-47.4.0.jar:?]
	at net.minecraftforge.fml.loading.targets.CommonDevLaunchHandler.lambda$makeService$7(CommonDevLaunchHandler.java:135) ~[fmlloader-1.20.1-47.4.0.jar:?]
	at cpw.mods.modlauncher.LaunchServiceHandlerDecorator.launch(LaunchServiceHandlerDecorator.java:30) ~[modlauncher-10.0.9.jar:?]
	at cpw.mods.modlauncher.LaunchServiceHandler.launch(LaunchServiceHandler.java:53) ~[modlauncher-10.0.9.jar:?]
	at cpw.mods.modlauncher.LaunchServiceHandler.launch(LaunchServiceHandler.java:71) ~[modlauncher-10.0.9.jar:?]
	at cpw.mods.modlauncher.Launcher.run(Launcher.java:108) ~[modlauncher-10.0.9.jar:?]
	at cpw.mods.modlauncher.Launcher.main(Launcher.java:78) ~[modlauncher-10.0.9.jar:?]
	at cpw.mods.modlauncher.BootstrapLaunchConsumer.accept(BootstrapLaunchConsumer.java:26) ~[modlauncher-10.0.9.jar:?]
	at cpw.mods.modlauncher.BootstrapLaunchConsumer.accept(BootstrapLaunchConsumer.java:23) ~[modlauncher-10.0.9.jar:?]
	at cpw.mods.bootstraplauncher.BootstrapLauncher.main(BootstrapLauncher.java:141) ~[bootstraplauncher-1.1.2.jar:?]
[144月2025 01:12:10.704] [Render thread/WARN] [net.minecraft.client.renderer.GameRenderer/]: Failed to load shader: minecraft:shaders/post/defile.json
java.io.FileNotFoundException: minecraft:shaders/post/defile.json
	at net.minecraft.server.packs.resources.ResourceProvider.lambda$getResourceOrThrow$0(ResourceProvider.java:21) ~[forge-1.20.1-47.4.0_mapped_official_1.20.1.jar:?]
	at java.util.Optional.orElseThrow(Optional.java:403) ~[?:?]
	at net.minecraft.server.packs.resources.ResourceProvider.getResourceOrThrow(ResourceProvider.java:21) ~[forge-1.20.1-47.4.0_mapped_official_1.20.1.jar:?]
	at net.minecraft.client.renderer.PostChain.load(PostChain.java:58) ~[forge-1.20.1-47.4.0_mapped_official_1.20.1.jar:?]
	at net.minecraft.client.renderer.PostChain.<init>(PostChain.java:54) ~[forge-1.20.1-47.4.0_mapped_official_1.20.1.jar:?]
	at net.minecraft.client.renderer.GameRenderer.loadEffect(GameRenderer.java:341) ~[forge-1.20.1-47.4.0_mapped_official_1.20.1.jar:?]
	at net.minecraftforge.event.ForgeEventFactory.handler$zzh000$onRenderTickEnd(ForgeEventFactory.java:1274) ~[forge-1.20.1-47.4.0_mapped_official_1.20.1.jar:?]
	at net.minecraftforge.event.ForgeEventFactory.onRenderTickEnd(ForgeEventFactory.java) ~[forge-1.20.1-47.4.0_mapped_official_1.20.1.jar:?]
	at net.minecraft.client.Minecraft.runTick(Minecraft.java:1148) ~[forge-1.20.1-47.4.0_mapped_official_1.20.1.jar:?]
	at net.minecraft.client.Minecraft.run(Minecraft.java:718) ~[forge-1.20.1-47.4.0_mapped_official_1.20.1.jar:?]
	at net.minecraft.client.main.Main.main(Main.java:218) ~[forge-1.20.1-47.4.0_mapped_official_1.20.1.jar:?]
	at jdk.internal.reflect.NativeMethodAccessorImpl.invoke0(Native Method) ~[?:?]
	at jdk.internal.reflect.NativeMethodAccessorImpl.invoke(NativeMethodAccessorImpl.java:77) ~[?:?]
	at jdk.internal.reflect.DelegatingMethodAccessorImpl.invoke(DelegatingMethodAccessorImpl.java:43) ~[?:?]
	at java.lang.reflect.Method.invoke(Method.java:568) ~[?:?]
	at net.minecraftforge.fml.loading.targets.CommonLaunchHandler.runTarget(CommonLaunchHandler.java:111) ~[fmlloader-1.20.1-47.4.0.jar:?]
	at net.minecraftforge.fml.loading.targets.CommonLaunchHandler.clientService(CommonLaunchHandler.java:99) ~[fmlloader-1.20.1-47.4.0.jar:?]
	at net.minecraftforge.fml.loading.targets.ForgeClientUserdevLaunchHandler.devService(ForgeClientUserdevLaunchHandler.java:19) ~[fmlloader-1.20.1-47.4.0.jar:?]
	at net.minecraftforge.fml.loading.targets.CommonDevLaunchHandler.lambda$makeService$7(CommonDevLaunchHandler.java:135) ~[fmlloader-1.20.1-47.4.0.jar:?]
	at cpw.mods.modlauncher.LaunchServiceHandlerDecorator.launch(LaunchServiceHandlerDecorator.java:30) ~[modlauncher-10.0.9.jar:?]
	at cpw.mods.modlauncher.LaunchServiceHandler.launch(LaunchServiceHandler.java:53) ~[modlauncher-10.0.9.jar:?]
	at cpw.mods.modlauncher.LaunchServiceHandler.launch(LaunchServiceHandler.java:71) ~[modlauncher-10.0.9.jar:?]
	at cpw.mods.modlauncher.Launcher.run(Launcher.java:108) ~[modlauncher-10.0.9.jar:?]
	at cpw.mods.modlauncher.Launcher.main(Launcher.java:78) ~[modlauncher-10.0.9.jar:?]
	at cpw.mods.modlauncher.BootstrapLaunchConsumer.accept(BootstrapLaunchConsumer.java:26) ~[modlauncher-10.0.9.jar:?]
	at cpw.mods.modlauncher.BootstrapLaunchConsumer.accept(BootstrapLaunchConsumer.java:23) ~[modlauncher-10.0.9.jar:?]
	at cpw.mods.bootstraplauncher.BootstrapLauncher.main(BootstrapLauncher.java:141) ~[bootstraplauncher-1.1.2.jar:?]
[144月2025 01:12:10.720] [Render thread/WARN] [net.minecraft.client.renderer.GameRenderer/]: Failed to load shader: minecraft:shaders/post/defile.json
java.io.FileNotFoundException: minecraft:shaders/post/defile.json
	at net.minecraft.server.packs.resources.ResourceProvider.lambda$getResourceOrThrow$0(ResourceProvider.java:21) ~[forge-1.20.1-47.4.0_mapped_official_1.20.1.jar:?]
	at java.util.Optional.orElseThrow(Optional.java:403) ~[?:?]
	at net.minecraft.server.packs.resources.ResourceProvider.getResourceOrThrow(ResourceProvider.java:21) ~[forge-1.20.1-47.4.0_mapped_official_1.20.1.jar:?]
	at net.minecraft.client.renderer.PostChain.load(PostChain.java:58) ~[forge-1.20.1-47.4.0_mapped_official_1.20.1.jar:?]
	at net.minecraft.client.renderer.PostChain.<init>(PostChain.java:54) ~[forge-1.20.1-47.4.0_mapped_official_1.20.1.jar:?]
	at net.minecraft.client.renderer.GameRenderer.loadEffect(GameRenderer.java:341) ~[forge-1.20.1-47.4.0_mapped_official_1.20.1.jar:?]
	at net.minecraftforge.event.ForgeEventFactory.handler$zzh000$onRenderTickEnd(ForgeEventFactory.java:1274) ~[forge-1.20.1-47.4.0_mapped_official_1.20.1.jar:?]
	at net.minecraftforge.event.ForgeEventFactory.onRenderTickEnd(ForgeEventFactory.java) ~[forge-1.20.1-47.4.0_mapped_official_1.20.1.jar:?]
	at net.minecraft.client.Minecraft.runTick(Minecraft.java:1148) ~[forge-1.20.1-47.4.0_mapped_official_1.20.1.jar:?]
	at net.minecraft.client.Minecraft.run(Minecraft.java:718) ~[forge-1.20.1-47.4.0_mapped_official_1.20.1.jar:?]
	at net.minecraft.client.main.Main.main(Main.java:218) ~[forge-1.20.1-47.4.0_mapped_official_1.20.1.jar:?]
	at jdk.internal.reflect.NativeMethodAccessorImpl.invoke0(Native Method) ~[?:?]
	at jdk.internal.reflect.NativeMethodAccessorImpl.invoke(NativeMethodAccessorImpl.java:77) ~[?:?]
	at jdk.internal.reflect.DelegatingMethodAccessorImpl.invoke(DelegatingMethodAccessorImpl.java:43) ~[?:?]
	at java.lang.reflect.Method.invoke(Method.java:568) ~[?:?]
	at net.minecraftforge.fml.loading.targets.CommonLaunchHandler.runTarget(CommonLaunchHandler.java:111) ~[fmlloader-1.20.1-47.4.0.jar:?]
	at net.minecraftforge.fml.loading.targets.CommonLaunchHandler.clientService(CommonLaunchHandler.java:99) ~[fmlloader-1.20.1-47.4.0.jar:?]
	at net.minecraftforge.fml.loading.targets.ForgeClientUserdevLaunchHandler.devService(ForgeClientUserdevLaunchHandler.java:19) ~[fmlloader-1.20.1-47.4.0.jar:?]
	at net.minecraftforge.fml.loading.targets.CommonDevLaunchHandler.lambda$makeService$7(CommonDevLaunchHandler.java:135) ~[fmlloader-1.20.1-47.4.0.jar:?]
	at cpw.mods.modlauncher.LaunchServiceHandlerDecorator.launch(LaunchServiceHandlerDecorator.java:30) ~[modlauncher-10.0.9.jar:?]
	at cpw.mods.modlauncher.LaunchServiceHandler.launch(LaunchServiceHandler.java:53) ~[modlauncher-10.0.9.jar:?]
	at cpw.mods.modlauncher.LaunchServiceHandler.launch(LaunchServiceHandler.java:71) ~[modlauncher-10.0.9.jar:?]
	at cpw.mods.modlauncher.Launcher.run(Launcher.java:108) ~[modlauncher-10.0.9.jar:?]
	at cpw.mods.modlauncher.Launcher.main(Launcher.java:78) ~[modlauncher-10.0.9.jar:?]
	at cpw.mods.modlauncher.BootstrapLaunchConsumer.accept(BootstrapLaunchConsumer.java:26) ~[modlauncher-10.0.9.jar:?]
	at cpw.mods.modlauncher.BootstrapLaunchConsumer.accept(BootstrapLaunchConsumer.java:23) ~[modlauncher-10.0.9.jar:?]
	at cpw.mods.bootstraplauncher.BootstrapLauncher.main(BootstrapLauncher.java:141) ~[bootstraplauncher-1.1.2.jar:?]
[144月2025 01:12:10.734] [Render thread/WARN] [net.minecraft.client.renderer.GameRenderer/]: Failed to load shader: minecraft:shaders/post/defile.json
java.io.FileNotFoundException: minecraft:shaders/post/defile.json
	at net.minecraft.server.packs.resources.ResourceProvider.lambda$getResourceOrThrow$0(ResourceProvider.java:21) ~[forge-1.20.1-47.4.0_mapped_official_1.20.1.jar:?]
	at java.util.Optional.orElseThrow(Optional.java:403) ~[?:?]
	at net.minecraft.server.packs.resources.ResourceProvider.getResourceOrThrow(ResourceProvider.java:21) ~[forge-1.20.1-47.4.0_mapped_official_1.20.1.jar:?]
	at net.minecraft.client.renderer.PostChain.load(PostChain.java:58) ~[forge-1.20.1-47.4.0_mapped_official_1.20.1.jar:?]
	at net.minecraft.client.renderer.PostChain.<init>(PostChain.java:54) ~[forge-1.20.1-47.4.0_mapped_official_1.20.1.jar:?]
	at net.minecraft.client.renderer.GameRenderer.loadEffect(GameRenderer.java:341) ~[forge-1.20.1-47.4.0_mapped_official_1.20.1.jar:?]
	at net.minecraftforge.event.ForgeEventFactory.handler$zzh000$onRenderTickEnd(ForgeEventFactory.java:1274) ~[forge-1.20.1-47.4.0_mapped_official_1.20.1.jar:?]
	at net.minecraftforge.event.ForgeEventFactory.onRenderTickEnd(ForgeEventFactory.java) ~[forge-1.20.1-47.4.0_mapped_official_1.20.1.jar:?]
	at net.minecraft.client.Minecraft.runTick(Minecraft.java:1148) ~[forge-1.20.1-47.4.0_mapped_official_1.20.1.jar:?]
	at net.minecraft.client.Minecraft.run(Minecraft.java:718) ~[forge-1.20.1-47.4.0_mapped_official_1.20.1.jar:?]
	at net.minecraft.client.main.Main.main(Main.java:218) ~[forge-1.20.1-47.4.0_mapped_official_1.20.1.jar:?]
	at jdk.internal.reflect.NativeMethodAccessorImpl.invoke0(Native Method) ~[?:?]
	at jdk.internal.reflect.NativeMethodAccessorImpl.invoke(NativeMethodAccessorImpl.java:77) ~[?:?]
	at jdk.internal.reflect.DelegatingMethodAccessorImpl.invoke(DelegatingMethodAccessorImpl.java:43) ~[?:?]
	at java.lang.reflect.Method.invoke(Method.java:568) ~[?:?]
	at net.minecraftforge.fml.loading.targets.CommonLaunchHandler.runTarget(CommonLaunchHandler.java:111) ~[fmlloader-1.20.1-47.4.0.jar:?]
	at net.minecraftforge.fml.loading.targets.CommonLaunchHandler.clientService(CommonLaunchHandler.java:99) ~[fmlloader-1.20.1-47.4.0.jar:?]
	at net.minecraftforge.fml.loading.targets.ForgeClientUserdevLaunchHandler.devService(ForgeClientUserdevLaunchHandler.java:19) ~[fmlloader-1.20.1-47.4.0.jar:?]
	at net.minecraftforge.fml.loading.targets.CommonDevLaunchHandler.lambda$makeService$7(CommonDevLaunchHandler.java:135) ~[fmlloader-1.20.1-47.4.0.jar:?]
	at cpw.mods.modlauncher.LaunchServiceHandlerDecorator.launch(LaunchServiceHandlerDecorator.java:30) ~[modlauncher-10.0.9.jar:?]
	at cpw.mods.modlauncher.LaunchServiceHandler.launch(LaunchServiceHandler.java:53) ~[modlauncher-10.0.9.jar:?]
	at cpw.mods.modlauncher.LaunchServiceHandler.launch(LaunchServiceHandler.java:71) ~[modlauncher-10.0.9.jar:?]
	at cpw.mods.modlauncher.Launcher.run(Launcher.java:108) ~[modlauncher-10.0.9.jar:?]
	at cpw.mods.modlauncher.Launcher.main(Launcher.java:78) ~[modlauncher-10.0.9.jar:?]
	at cpw.mods.modlauncher.BootstrapLaunchConsumer.accept(BootstrapLaunchConsumer.java:26) ~[modlauncher-10.0.9.jar:?]
	at cpw.mods.modlauncher.BootstrapLaunchConsumer.accept(BootstrapLaunchConsumer.java:23) ~[modlauncher-10.0.9.jar:?]
	at cpw.mods.bootstraplauncher.BootstrapLauncher.main(BootstrapLauncher.java:141) ~[bootstraplauncher-1.1.2.jar:?]
[144月2025 01:12:10.751] [Render thread/WARN] [net.minecraft.client.renderer.GameRenderer/]: Failed to load shader: minecraft:shaders/post/defile.json
java.io.FileNotFoundException: minecraft:shaders/post/defile.json
	at net.minecraft.server.packs.resources.ResourceProvider.lambda$getResourceOrThrow$0(ResourceProvider.java:21) ~[forge-1.20.1-47.4.0_mapped_official_1.20.1.jar:?]
	at java.util.Optional.orElseThrow(Optional.java:403) ~[?:?]
	at net.minecraft.server.packs.resources.ResourceProvider.getResourceOrThrow(ResourceProvider.java:21) ~[forge-1.20.1-47.4.0_mapped_official_1.20.1.jar:?]
	at net.minecraft.client.renderer.PostChain.load(PostChain.java:58) ~[forge-1.20.1-47.4.0_mapped_official_1.20.1.jar:?]
	at net.minecraft.client.renderer.PostChain.<init>(PostChain.java:54) ~[forge-1.20.1-47.4.0_mapped_official_1.20.1.jar:?]
	at net.minecraft.client.renderer.GameRenderer.loadEffect(GameRenderer.java:341) ~[forge-1.20.1-47.4.0_mapped_official_1.20.1.jar:?]
	at net.minecraftforge.event.ForgeEventFactory.handler$zzh000$onRenderTickEnd(ForgeEventFactory.java:1274) ~[forge-1.20.1-47.4.0_mapped_official_1.20.1.jar:?]
	at net.minecraftforge.event.ForgeEventFactory.onRenderTickEnd(ForgeEventFactory.java) ~[forge-1.20.1-47.4.0_mapped_official_1.20.1.jar:?]
	at net.minecraft.client.Minecraft.runTick(Minecraft.java:1148) ~[forge-1.20.1-47.4.0_mapped_official_1.20.1.jar:?]
	at net.minecraft.client.Minecraft.run(Minecraft.java:718) ~[forge-1.20.1-47.4.0_mapped_official_1.20.1.jar:?]
	at net.minecraft.client.main.Main.main(Main.java:218) ~[forge-1.20.1-47.4.0_mapped_official_1.20.1.jar:?]
	at jdk.internal.reflect.NativeMethodAccessorImpl.invoke0(Native Method) ~[?:?]
	at jdk.internal.reflect.NativeMethodAccessorImpl.invoke(NativeMethodAccessorImpl.java:77) ~[?:?]
	at jdk.internal.reflect.DelegatingMethodAccessorImpl.invoke(DelegatingMethodAccessorImpl.java:43) ~[?:?]
	at java.lang.reflect.Method.invoke(Method.java:568) ~[?:?]
	at net.minecraftforge.fml.loading.targets.CommonLaunchHandler.runTarget(CommonLaunchHandler.java:111) ~[fmlloader-1.20.1-47.4.0.jar:?]
	at net.minecraftforge.fml.loading.targets.CommonLaunchHandler.clientService(CommonLaunchHandler.java:99) ~[fmlloader-1.20.1-47.4.0.jar:?]
	at net.minecraftforge.fml.loading.targets.ForgeClientUserdevLaunchHandler.devService(ForgeClientUserdevLaunchHandler.java:19) ~[fmlloader-1.20.1-47.4.0.jar:?]
	at net.minecraftforge.fml.loading.targets.CommonDevLaunchHandler.lambda$makeService$7(CommonDevLaunchHandler.java:135) ~[fmlloader-1.20.1-47.4.0.jar:?]
	at cpw.mods.modlauncher.LaunchServiceHandlerDecorator.launch(LaunchServiceHandlerDecorator.java:30) ~[modlauncher-10.0.9.jar:?]
	at cpw.mods.modlauncher.LaunchServiceHandler.launch(LaunchServiceHandler.java:53) ~[modlauncher-10.0.9.jar:?]
	at cpw.mods.modlauncher.LaunchServiceHandler.launch(LaunchServiceHandler.java:71) ~[modlauncher-10.0.9.jar:?]
	at cpw.mods.modlauncher.Launcher.run(Launcher.java:108) ~[modlauncher-10.0.9.jar:?]
	at cpw.mods.modlauncher.Launcher.main(Launcher.java:78) ~[modlauncher-10.0.9.jar:?]
	at cpw.mods.modlauncher.BootstrapLaunchConsumer.accept(BootstrapLaunchConsumer.java:26) ~[modlauncher-10.0.9.jar:?]
	at cpw.mods.modlauncher.BootstrapLaunchConsumer.accept(BootstrapLaunchConsumer.java:23) ~[modlauncher-10.0.9.jar:?]
	at cpw.mods.bootstraplauncher.BootstrapLauncher.main(BootstrapLauncher.java:141) ~[bootstraplauncher-1.1.2.jar:?]
[144月2025 01:12:10.769] [Render thread/WARN] [net.minecraft.client.renderer.GameRenderer/]: Failed to load shader: minecraft:shaders/post/defile.json
java.io.FileNotFoundException: minecraft:shaders/post/defile.json
	at net.minecraft.server.packs.resources.ResourceProvider.lambda$getResourceOrThrow$0(ResourceProvider.java:21) ~[forge-1.20.1-47.4.0_mapped_official_1.20.1.jar:?]
	at java.util.Optional.orElseThrow(Optional.java:403) ~[?:?]
	at net.minecraft.server.packs.resources.ResourceProvider.getResourceOrThrow(ResourceProvider.java:21) ~[forge-1.20.1-47.4.0_mapped_official_1.20.1.jar:?]
	at net.minecraft.client.renderer.PostChain.load(PostChain.java:58) ~[forge-1.20.1-47.4.0_mapped_official_1.20.1.jar:?]
	at net.minecraft.client.renderer.PostChain.<init>(PostChain.java:54) ~[forge-1.20.1-47.4.0_mapped_official_1.20.1.jar:?]
	at net.minecraft.client.renderer.GameRenderer.loadEffect(GameRenderer.java:341) ~[forge-1.20.1-47.4.0_mapped_official_1.20.1.jar:?]
	at net.minecraftforge.event.ForgeEventFactory.handler$zzh000$onRenderTickEnd(ForgeEventFactory.java:1274) ~[forge-1.20.1-47.4.0_mapped_official_1.20.1.jar:?]
	at net.minecraftforge.event.ForgeEventFactory.onRenderTickEnd(ForgeEventFactory.java) ~[forge-1.20.1-47.4.0_mapped_official_1.20.1.jar:?]
	at net.minecraft.client.Minecraft.runTick(Minecraft.java:1148) ~[forge-1.20.1-47.4.0_mapped_official_1.20.1.jar:?]
	at net.minecraft.client.Minecraft.run(Minecraft.java:718) ~[forge-1.20.1-47.4.0_mapped_official_1.20.1.jar:?]
	at net.minecraft.client.main.Main.main(Main.java:218) ~[forge-1.20.1-47.4.0_mapped_official_1.20.1.jar:?]
	at jdk.internal.reflect.NativeMethodAccessorImpl.invoke0(Native Method) ~[?:?]
	at jdk.internal.reflect.NativeMethodAccessorImpl.invoke(NativeMethodAccessorImpl.java:77) ~[?:?]
	at jdk.internal.reflect.DelegatingMethodAccessorImpl.invoke(DelegatingMethodAccessorImpl.java:43) ~[?:?]
	at java.lang.reflect.Method.invoke(Method.java:568) ~[?:?]
	at net.minecraftforge.fml.loading.targets.CommonLaunchHandler.runTarget(CommonLaunchHandler.java:111) ~[fmlloader-1.20.1-47.4.0.jar:?]
	at net.minecraftforge.fml.loading.targets.CommonLaunchHandler.clientService(CommonLaunchHandler.java:99) ~[fmlloader-1.20.1-47.4.0.jar:?]
	at net.minecraftforge.fml.loading.targets.ForgeClientUserdevLaunchHandler.devService(ForgeClientUserdevLaunchHandler.java:19) ~[fmlloader-1.20.1-47.4.0.jar:?]
	at net.minecraftforge.fml.loading.targets.CommonDevLaunchHandler.lambda$makeService$7(CommonDevLaunchHandler.java:135) ~[fmlloader-1.20.1-47.4.0.jar:?]
	at cpw.mods.modlauncher.LaunchServiceHandlerDecorator.launch(LaunchServiceHandlerDecorator.java:30) ~[modlauncher-10.0.9.jar:?]
	at cpw.mods.modlauncher.LaunchServiceHandler.launch(LaunchServiceHandler.java:53) ~[modlauncher-10.0.9.jar:?]
	at cpw.mods.modlauncher.LaunchServiceHandler.launch(LaunchServiceHandler.java:71) ~[modlauncher-10.0.9.jar:?]
	at cpw.mods.modlauncher.Launcher.run(Launcher.java:108) ~[modlauncher-10.0.9.jar:?]
	at cpw.mods.modlauncher.Launcher.main(Launcher.java:78) ~[modlauncher-10.0.9.jar:?]
	at cpw.mods.modlauncher.BootstrapLaunchConsumer.accept(BootstrapLaunchConsumer.java:26) ~[modlauncher-10.0.9.jar:?]
	at cpw.mods.modlauncher.BootstrapLaunchConsumer.accept(BootstrapLaunchConsumer.java:23) ~[modlauncher-10.0.9.jar:?]
	at cpw.mods.bootstraplauncher.BootstrapLauncher.main(BootstrapLauncher.java:141) ~[bootstraplauncher-1.1.2.jar:?]
[144月2025 01:12:10.784] [Render thread/WARN] [net.minecraft.client.renderer.GameRenderer/]: Failed to load shader: minecraft:shaders/post/defile.json
java.io.FileNotFoundException: minecraft:shaders/post/defile.json
	at net.minecraft.server.packs.resources.ResourceProvider.lambda$getResourceOrThrow$0(ResourceProvider.java:21) ~[forge-1.20.1-47.4.0_mapped_official_1.20.1.jar:?]
	at java.util.Optional.orElseThrow(Optional.java:403) ~[?:?]
	at net.minecraft.server.packs.resources.ResourceProvider.getResourceOrThrow(ResourceProvider.java:21) ~[forge-1.20.1-47.4.0_mapped_official_1.20.1.jar:?]
	at net.minecraft.client.renderer.PostChain.load(PostChain.java:58) ~[forge-1.20.1-47.4.0_mapped_official_1.20.1.jar:?]
	at net.minecraft.client.renderer.PostChain.<init>(PostChain.java:54) ~[forge-1.20.1-47.4.0_mapped_official_1.20.1.jar:?]
	at net.minecraft.client.renderer.GameRenderer.loadEffect(GameRenderer.java:341) ~[forge-1.20.1-47.4.0_mapped_official_1.20.1.jar:?]
	at net.minecraftforge.event.ForgeEventFactory.handler$zzh000$onRenderTickEnd(ForgeEventFactory.java:1274) ~[forge-1.20.1-47.4.0_mapped_official_1.20.1.jar:?]
	at net.minecraftforge.event.ForgeEventFactory.onRenderTickEnd(ForgeEventFactory.java) ~[forge-1.20.1-47.4.0_mapped_official_1.20.1.jar:?]
	at net.minecraft.client.Minecraft.runTick(Minecraft.java:1148) ~[forge-1.20.1-47.4.0_mapped_official_1.20.1.jar:?]
	at net.minecraft.client.Minecraft.run(Minecraft.java:718) ~[forge-1.20.1-47.4.0_mapped_official_1.20.1.jar:?]
	at net.minecraft.client.main.Main.main(Main.java:218) ~[forge-1.20.1-47.4.0_mapped_official_1.20.1.jar:?]
	at jdk.internal.reflect.NativeMethodAccessorImpl.invoke0(Native Method) ~[?:?]
	at jdk.internal.reflect.NativeMethodAccessorImpl.invoke(NativeMethodAccessorImpl.java:77) ~[?:?]
	at jdk.internal.reflect.DelegatingMethodAccessorImpl.invoke(DelegatingMethodAccessorImpl.java:43) ~[?:?]
	at java.lang.reflect.Method.invoke(Method.java:568) ~[?:?]
	at net.minecraftforge.fml.loading.targets.CommonLaunchHandler.runTarget(CommonLaunchHandler.java:111) ~[fmlloader-1.20.1-47.4.0.jar:?]
	at net.minecraftforge.fml.loading.targets.CommonLaunchHandler.clientService(CommonLaunchHandler.java:99) ~[fmlloader-1.20.1-47.4.0.jar:?]
	at net.minecraftforge.fml.loading.targets.ForgeClientUserdevLaunchHandler.devService(ForgeClientUserdevLaunchHandler.java:19) ~[fmlloader-1.20.1-47.4.0.jar:?]
	at net.minecraftforge.fml.loading.targets.CommonDevLaunchHandler.lambda$makeService$7(CommonDevLaunchHandler.java:135) ~[fmlloader-1.20.1-47.4.0.jar:?]
	at cpw.mods.modlauncher.LaunchServiceHandlerDecorator.launch(LaunchServiceHandlerDecorator.java:30) ~[modlauncher-10.0.9.jar:?]
	at cpw.mods.modlauncher.LaunchServiceHandler.launch(LaunchServiceHandler.java:53) ~[modlauncher-10.0.9.jar:?]
	at cpw.mods.modlauncher.LaunchServiceHandler.launch(LaunchServiceHandler.java:71) ~[modlauncher-10.0.9.jar:?]
	at cpw.mods.modlauncher.Launcher.run(Launcher.java:108) ~[modlauncher-10.0.9.jar:?]
	at cpw.mods.modlauncher.Launcher.main(Launcher.java:78) ~[modlauncher-10.0.9.jar:?]
	at cpw.mods.modlauncher.BootstrapLaunchConsumer.accept(BootstrapLaunchConsumer.java:26) ~[modlauncher-10.0.9.jar:?]
	at cpw.mods.modlauncher.BootstrapLaunchConsumer.accept(BootstrapLaunchConsumer.java:23) ~[modlauncher-10.0.9.jar:?]
	at cpw.mods.bootstraplauncher.BootstrapLauncher.main(BootstrapLauncher.java:141) ~[bootstraplauncher-1.1.2.jar:?]
[144月2025 01:12:10.800] [Render thread/WARN] [net.minecraft.client.renderer.GameRenderer/]: Failed to load shader: minecraft:shaders/post/defile.json
java.io.FileNotFoundException: minecraft:shaders/post/defile.json
	at net.minecraft.server.packs.resources.ResourceProvider.lambda$getResourceOrThrow$0(ResourceProvider.java:21) ~[forge-1.20.1-47.4.0_mapped_official_1.20.1.jar:?]
	at java.util.Optional.orElseThrow(Optional.java:403) ~[?:?]
	at net.minecraft.server.packs.resources.ResourceProvider.getResourceOrThrow(ResourceProvider.java:21) ~[forge-1.20.1-47.4.0_mapped_official_1.20.1.jar:?]
	at net.minecraft.client.renderer.PostChain.load(PostChain.java:58) ~[forge-1.20.1-47.4.0_mapped_official_1.20.1.jar:?]
	at net.minecraft.client.renderer.PostChain.<init>(PostChain.java:54) ~[forge-1.20.1-47.4.0_mapped_official_1.20.1.jar:?]
	at net.minecraft.client.renderer.GameRenderer.loadEffect(GameRenderer.java:341) ~[forge-1.20.1-47.4.0_mapped_official_1.20.1.jar:?]
	at net.minecraftforge.event.ForgeEventFactory.handler$zzh000$onRenderTickEnd(ForgeEventFactory.java:1274) ~[forge-1.20.1-47.4.0_mapped_official_1.20.1.jar:?]
	at net.minecraftforge.event.ForgeEventFactory.onRenderTickEnd(ForgeEventFactory.java) ~[forge-1.20.1-47.4.0_mapped_official_1.20.1.jar:?]
	at net.minecraft.client.Minecraft.runTick(Minecraft.java:1148) ~[forge-1.20.1-47.4.0_mapped_official_1.20.1.jar:?]
	at net.minecraft.client.Minecraft.run(Minecraft.java:718) ~[forge-1.20.1-47.4.0_mapped_official_1.20.1.jar:?]
	at net.minecraft.client.main.Main.main(Main.java:218) ~[forge-1.20.1-47.4.0_mapped_official_1.20.1.jar:?]
	at jdk.internal.reflect.NativeMethodAccessorImpl.invoke0(Native Method) ~[?:?]
	at jdk.internal.reflect.NativeMethodAccessorImpl.invoke(NativeMethodAccessorImpl.java:77) ~[?:?]
	at jdk.internal.reflect.DelegatingMethodAccessorImpl.invoke(DelegatingMethodAccessorImpl.java:43) ~[?:?]
	at java.lang.reflect.Method.invoke(Method.java:568) ~[?:?]
	at net.minecraftforge.fml.loading.targets.CommonLaunchHandler.runTarget(CommonLaunchHandler.java:111) ~[fmlloader-1.20.1-47.4.0.jar:?]
	at net.minecraftforge.fml.loading.targets.CommonLaunchHandler.clientService(CommonLaunchHandler.java:99) ~[fmlloader-1.20.1-47.4.0.jar:?]
	at net.minecraftforge.fml.loading.targets.ForgeClientUserdevLaunchHandler.devService(ForgeClientUserdevLaunchHandler.java:19) ~[fmlloader-1.20.1-47.4.0.jar:?]
	at net.minecraftforge.fml.loading.targets.CommonDevLaunchHandler.lambda$makeService$7(CommonDevLaunchHandler.java:135) ~[fmlloader-1.20.1-47.4.0.jar:?]
	at cpw.mods.modlauncher.LaunchServiceHandlerDecorator.launch(LaunchServiceHandlerDecorator.java:30) ~[modlauncher-10.0.9.jar:?]
	at cpw.mods.modlauncher.LaunchServiceHandler.launch(LaunchServiceHandler.java:53) ~[modlauncher-10.0.9.jar:?]
	at cpw.mods.modlauncher.LaunchServiceHandler.launch(LaunchServiceHandler.java:71) ~[modlauncher-10.0.9.jar:?]
	at cpw.mods.modlauncher.Launcher.run(Launcher.java:108) ~[modlauncher-10.0.9.jar:?]
	at cpw.mods.modlauncher.Launcher.main(Launcher.java:78) ~[modlauncher-10.0.9.jar:?]
	at cpw.mods.modlauncher.BootstrapLaunchConsumer.accept(BootstrapLaunchConsumer.java:26) ~[modlauncher-10.0.9.jar:?]
	at cpw.mods.modlauncher.BootstrapLaunchConsumer.accept(BootstrapLaunchConsumer.java:23) ~[modlauncher-10.0.9.jar:?]
	at cpw.mods.bootstraplauncher.BootstrapLauncher.main(BootstrapLauncher.java:141) ~[bootstraplauncher-1.1.2.jar:?]
[144月2025 01:12:10.821] [Render thread/WARN] [net.minecraft.client.renderer.GameRenderer/]: Failed to load shader: minecraft:shaders/post/defile.json
java.io.FileNotFoundException: minecraft:shaders/post/defile.json
	at net.minecraft.server.packs.resources.ResourceProvider.lambda$getResourceOrThrow$0(ResourceProvider.java:21) ~[forge-1.20.1-47.4.0_mapped_official_1.20.1.jar:?]
	at java.util.Optional.orElseThrow(Optional.java:403) ~[?:?]
	at net.minecraft.server.packs.resources.ResourceProvider.getResourceOrThrow(ResourceProvider.java:21) ~[forge-1.20.1-47.4.0_mapped_official_1.20.1.jar:?]
	at net.minecraft.client.renderer.PostChain.load(PostChain.java:58) ~[forge-1.20.1-47.4.0_mapped_official_1.20.1.jar:?]
	at net.minecraft.client.renderer.PostChain.<init>(PostChain.java:54) ~[forge-1.20.1-47.4.0_mapped_official_1.20.1.jar:?]
	at net.minecraft.client.renderer.GameRenderer.loadEffect(GameRenderer.java:341) ~[forge-1.20.1-47.4.0_mapped_official_1.20.1.jar:?]
	at net.minecraftforge.event.ForgeEventFactory.handler$zzh000$onRenderTickEnd(ForgeEventFactory.java:1274) ~[forge-1.20.1-47.4.0_mapped_official_1.20.1.jar:?]
	at net.minecraftforge.event.ForgeEventFactory.onRenderTickEnd(ForgeEventFactory.java) ~[forge-1.20.1-47.4.0_mapped_official_1.20.1.jar:?]
	at net.minecraft.client.Minecraft.runTick(Minecraft.java:1148) ~[forge-1.20.1-47.4.0_mapped_official_1.20.1.jar:?]
	at net.minecraft.client.Minecraft.run(Minecraft.java:718) ~[forge-1.20.1-47.4.0_mapped_official_1.20.1.jar:?]
	at net.minecraft.client.main.Main.main(Main.java:218) ~[forge-1.20.1-47.4.0_mapped_official_1.20.1.jar:?]
	at jdk.internal.reflect.NativeMethodAccessorImpl.invoke0(Native Method) ~[?:?]
	at jdk.internal.reflect.NativeMethodAccessorImpl.invoke(NativeMethodAccessorImpl.java:77) ~[?:?]
	at jdk.internal.reflect.DelegatingMethodAccessorImpl.invoke(DelegatingMethodAccessorImpl.java:43) ~[?:?]
	at java.lang.reflect.Method.invoke(Method.java:568) ~[?:?]
	at net.minecraftforge.fml.loading.targets.CommonLaunchHandler.runTarget(CommonLaunchHandler.java:111) ~[fmlloader-1.20.1-47.4.0.jar:?]
	at net.minecraftforge.fml.loading.targets.CommonLaunchHandler.clientService(CommonLaunchHandler.java:99) ~[fmlloader-1.20.1-47.4.0.jar:?]
	at net.minecraftforge.fml.loading.targets.ForgeClientUserdevLaunchHandler.devService(ForgeClientUserdevLaunchHandler.java:19) ~[fmlloader-1.20.1-47.4.0.jar:?]
	at net.minecraftforge.fml.loading.targets.CommonDevLaunchHandler.lambda$makeService$7(CommonDevLaunchHandler.java:135) ~[fmlloader-1.20.1-47.4.0.jar:?]
	at cpw.mods.modlauncher.LaunchServiceHandlerDecorator.launch(LaunchServiceHandlerDecorator.java:30) ~[modlauncher-10.0.9.jar:?]
	at cpw.mods.modlauncher.LaunchServiceHandler.launch(LaunchServiceHandler.java:53) ~[modlauncher-10.0.9.jar:?]
	at cpw.mods.modlauncher.LaunchServiceHandler.launch(LaunchServiceHandler.java:71) ~[modlauncher-10.0.9.jar:?]
	at cpw.mods.modlauncher.Launcher.run(Launcher.java:108) ~[modlauncher-10.0.9.jar:?]
	at cpw.mods.modlauncher.Launcher.main(Launcher.java:78) ~[modlauncher-10.0.9.jar:?]
	at cpw.mods.modlauncher.BootstrapLaunchConsumer.accept(BootstrapLaunchConsumer.java:26) ~[modlauncher-10.0.9.jar:?]
	at cpw.mods.modlauncher.BootstrapLaunchConsumer.accept(BootstrapLaunchConsumer.java:23) ~[modlauncher-10.0.9.jar:?]
	at cpw.mods.bootstraplauncher.BootstrapLauncher.main(BootstrapLauncher.java:141) ~[bootstraplauncher-1.1.2.jar:?]
[144月2025 01:12:10.837] [Render thread/WARN] [net.minecraft.client.renderer.GameRenderer/]: Failed to load shader: minecraft:shaders/post/defile.json
java.io.FileNotFoundException: minecraft:shaders/post/defile.json
	at net.minecraft.server.packs.resources.ResourceProvider.lambda$getResourceOrThrow$0(ResourceProvider.java:21) ~[forge-1.20.1-47.4.0_mapped_official_1.20.1.jar:?]
	at java.util.Optional.orElseThrow(Optional.java:403) ~[?:?]
	at net.minecraft.server.packs.resources.ResourceProvider.getResourceOrThrow(ResourceProvider.java:21) ~[forge-1.20.1-47.4.0_mapped_official_1.20.1.jar:?]
	at net.minecraft.client.renderer.PostChain.load(PostChain.java:58) ~[forge-1.20.1-47.4.0_mapped_official_1.20.1.jar:?]
	at net.minecraft.client.renderer.PostChain.<init>(PostChain.java:54) ~[forge-1.20.1-47.4.0_mapped_official_1.20.1.jar:?]
	at net.minecraft.client.renderer.GameRenderer.loadEffect(GameRenderer.java:341) ~[forge-1.20.1-47.4.0_mapped_official_1.20.1.jar:?]
	at net.minecraftforge.event.ForgeEventFactory.handler$zzh000$onRenderTickEnd(ForgeEventFactory.java:1274) ~[forge-1.20.1-47.4.0_mapped_official_1.20.1.jar:?]
	at net.minecraftforge.event.ForgeEventFactory.onRenderTickEnd(ForgeEventFactory.java) ~[forge-1.20.1-47.4.0_mapped_official_1.20.1.jar:?]
	at net.minecraft.client.Minecraft.runTick(Minecraft.java:1148) ~[forge-1.20.1-47.4.0_mapped_official_1.20.1.jar:?]
	at net.minecraft.client.Minecraft.run(Minecraft.java:718) ~[forge-1.20.1-47.4.0_mapped_official_1.20.1.jar:?]
	at net.minecraft.client.main.Main.main(Main.java:218) ~[forge-1.20.1-47.4.0_mapped_official_1.20.1.jar:?]
	at jdk.internal.reflect.NativeMethodAccessorImpl.invoke0(Native Method) ~[?:?]
	at jdk.internal.reflect.NativeMethodAccessorImpl.invoke(NativeMethodAccessorImpl.java:77) ~[?:?]
	at jdk.internal.reflect.DelegatingMethodAccessorImpl.invoke(DelegatingMethodAccessorImpl.java:43) ~[?:?]
	at java.lang.reflect.Method.invoke(Method.java:568) ~[?:?]
	at net.minecraftforge.fml.loading.targets.CommonLaunchHandler.runTarget(CommonLaunchHandler.java:111) ~[fmlloader-1.20.1-47.4.0.jar:?]
	at net.minecraftforge.fml.loading.targets.CommonLaunchHandler.clientService(CommonLaunchHandler.java:99) ~[fmlloader-1.20.1-47.4.0.jar:?]
	at net.minecraftforge.fml.loading.targets.ForgeClientUserdevLaunchHandler.devService(ForgeClientUserdevLaunchHandler.java:19) ~[fmlloader-1.20.1-47.4.0.jar:?]
	at net.minecraftforge.fml.loading.targets.CommonDevLaunchHandler.lambda$makeService$7(CommonDevLaunchHandler.java:135) ~[fmlloader-1.20.1-47.4.0.jar:?]
	at cpw.mods.modlauncher.LaunchServiceHandlerDecorator.launch(LaunchServiceHandlerDecorator.java:30) ~[modlauncher-10.0.9.jar:?]
	at cpw.mods.modlauncher.LaunchServiceHandler.launch(LaunchServiceHandler.java:53) ~[modlauncher-10.0.9.jar:?]
	at cpw.mods.modlauncher.LaunchServiceHandler.launch(LaunchServiceHandler.java:71) ~[modlauncher-10.0.9.jar:?]
	at cpw.mods.modlauncher.Launcher.run(Launcher.java:108) ~[modlauncher-10.0.9.jar:?]
	at cpw.mods.modlauncher.Launcher.main(Launcher.java:78) ~[modlauncher-10.0.9.jar:?]
	at cpw.mods.modlauncher.BootstrapLaunchConsumer.accept(BootstrapLaunchConsumer.java:26) ~[modlauncher-10.0.9.jar:?]
	at cpw.mods.modlauncher.BootstrapLaunchConsumer.accept(BootstrapLaunchConsumer.java:23) ~[modlauncher-10.0.9.jar:?]
	at cpw.mods.bootstraplauncher.BootstrapLauncher.main(BootstrapLauncher.java:141) ~[bootstraplauncher-1.1.2.jar:?]
[144月2025 01:12:10.856] [Render thread/WARN] [net.minecraft.client.renderer.GameRenderer/]: Failed to load shader: minecraft:shaders/post/defile.json
java.io.FileNotFoundException: minecraft:shaders/post/defile.json
	at net.minecraft.server.packs.resources.ResourceProvider.lambda$getResourceOrThrow$0(ResourceProvider.java:21) ~[forge-1.20.1-47.4.0_mapped_official_1.20.1.jar:?]
	at java.util.Optional.orElseThrow(Optional.java:403) ~[?:?]
	at net.minecraft.server.packs.resources.ResourceProvider.getResourceOrThrow(ResourceProvider.java:21) ~[forge-1.20.1-47.4.0_mapped_official_1.20.1.jar:?]
	at net.minecraft.client.renderer.PostChain.load(PostChain.java:58) ~[forge-1.20.1-47.4.0_mapped_official_1.20.1.jar:?]
	at net.minecraft.client.renderer.PostChain.<init>(PostChain.java:54) ~[forge-1.20.1-47.4.0_mapped_official_1.20.1.jar:?]
	at net.minecraft.client.renderer.GameRenderer.loadEffect(GameRenderer.java:341) ~[forge-1.20.1-47.4.0_mapped_official_1.20.1.jar:?]
	at net.minecraftforge.event.ForgeEventFactory.handler$zzh000$onRenderTickEnd(ForgeEventFactory.java:1274) ~[forge-1.20.1-47.4.0_mapped_official_1.20.1.jar:?]
	at net.minecraftforge.event.ForgeEventFactory.onRenderTickEnd(ForgeEventFactory.java) ~[forge-1.20.1-47.4.0_mapped_official_1.20.1.jar:?]
	at net.minecraft.client.Minecraft.runTick(Minecraft.java:1148) ~[forge-1.20.1-47.4.0_mapped_official_1.20.1.jar:?]
	at net.minecraft.client.Minecraft.run(Minecraft.java:718) ~[forge-1.20.1-47.4.0_mapped_official_1.20.1.jar:?]
	at net.minecraft.client.main.Main.main(Main.java:218) ~[forge-1.20.1-47.4.0_mapped_official_1.20.1.jar:?]
	at jdk.internal.reflect.NativeMethodAccessorImpl.invoke0(Native Method) ~[?:?]
	at jdk.internal.reflect.NativeMethodAccessorImpl.invoke(NativeMethodAccessorImpl.java:77) ~[?:?]
	at jdk.internal.reflect.DelegatingMethodAccessorImpl.invoke(DelegatingMethodAccessorImpl.java:43) ~[?:?]
	at java.lang.reflect.Method.invoke(Method.java:568) ~[?:?]
	at net.minecraftforge.fml.loading.targets.CommonLaunchHandler.runTarget(CommonLaunchHandler.java:111) ~[fmlloader-1.20.1-47.4.0.jar:?]
	at net.minecraftforge.fml.loading.targets.CommonLaunchHandler.clientService(CommonLaunchHandler.java:99) ~[fmlloader-1.20.1-47.4.0.jar:?]
	at net.minecraftforge.fml.loading.targets.ForgeClientUserdevLaunchHandler.devService(ForgeClientUserdevLaunchHandler.java:19) ~[fmlloader-1.20.1-47.4.0.jar:?]
	at net.minecraftforge.fml.loading.targets.CommonDevLaunchHandler.lambda$makeService$7(CommonDevLaunchHandler.java:135) ~[fmlloader-1.20.1-47.4.0.jar:?]
	at cpw.mods.modlauncher.LaunchServiceHandlerDecorator.launch(LaunchServiceHandlerDecorator.java:30) ~[modlauncher-10.0.9.jar:?]
	at cpw.mods.modlauncher.LaunchServiceHandler.launch(LaunchServiceHandler.java:53) ~[modlauncher-10.0.9.jar:?]
	at cpw.mods.modlauncher.LaunchServiceHandler.launch(LaunchServiceHandler.java:71) ~[modlauncher-10.0.9.jar:?]
	at cpw.mods.modlauncher.Launcher.run(Launcher.java:108) ~[modlauncher-10.0.9.jar:?]
	at cpw.mods.modlauncher.Launcher.main(Launcher.java:78) ~[modlauncher-10.0.9.jar:?]
	at cpw.mods.modlauncher.BootstrapLaunchConsumer.accept(BootstrapLaunchConsumer.java:26) ~[modlauncher-10.0.9.jar:?]
	at cpw.mods.modlauncher.BootstrapLaunchConsumer.accept(BootstrapLaunchConsumer.java:23) ~[modlauncher-10.0.9.jar:?]
	at cpw.mods.bootstraplauncher.BootstrapLauncher.main(BootstrapLauncher.java:141) ~[bootstraplauncher-1.1.2.jar:?]
[144月2025 01:12:10.869] [Render thread/WARN] [net.minecraft.client.renderer.GameRenderer/]: Failed to load shader: minecraft:shaders/post/defile.json
java.io.FileNotFoundException: minecraft:shaders/post/defile.json
	at net.minecraft.server.packs.resources.ResourceProvider.lambda$getResourceOrThrow$0(ResourceProvider.java:21) ~[forge-1.20.1-47.4.0_mapped_official_1.20.1.jar:?]
	at java.util.Optional.orElseThrow(Optional.java:403) ~[?:?]
	at net.minecraft.server.packs.resources.ResourceProvider.getResourceOrThrow(ResourceProvider.java:21) ~[forge-1.20.1-47.4.0_mapped_official_1.20.1.jar:?]
	at net.minecraft.client.renderer.PostChain.load(PostChain.java:58) ~[forge-1.20.1-47.4.0_mapped_official_1.20.1.jar:?]
	at net.minecraft.client.renderer.PostChain.<init>(PostChain.java:54) ~[forge-1.20.1-47.4.0_mapped_official_1.20.1.jar:?]
	at net.minecraft.client.renderer.GameRenderer.loadEffect(GameRenderer.java:341) ~[forge-1.20.1-47.4.0_mapped_official_1.20.1.jar:?]
	at net.minecraftforge.event.ForgeEventFactory.handler$zzh000$onRenderTickEnd(ForgeEventFactory.java:1274) ~[forge-1.20.1-47.4.0_mapped_official_1.20.1.jar:?]
	at net.minecraftforge.event.ForgeEventFactory.onRenderTickEnd(ForgeEventFactory.java) ~[forge-1.20.1-47.4.0_mapped_official_1.20.1.jar:?]
	at net.minecraft.client.Minecraft.runTick(Minecraft.java:1148) ~[forge-1.20.1-47.4.0_mapped_official_1.20.1.jar:?]
	at net.minecraft.client.Minecraft.run(Minecraft.java:718) ~[forge-1.20.1-47.4.0_mapped_official_1.20.1.jar:?]
	at net.minecraft.client.main.Main.main(Main.java:218) ~[forge-1.20.1-47.4.0_mapped_official_1.20.1.jar:?]
	at jdk.internal.reflect.NativeMethodAccessorImpl.invoke0(Native Method) ~[?:?]
	at jdk.internal.reflect.NativeMethodAccessorImpl.invoke(NativeMethodAccessorImpl.java:77) ~[?:?]
	at jdk.internal.reflect.DelegatingMethodAccessorImpl.invoke(DelegatingMethodAccessorImpl.java:43) ~[?:?]
	at java.lang.reflect.Method.invoke(Method.java:568) ~[?:?]
	at net.minecraftforge.fml.loading.targets.CommonLaunchHandler.runTarget(CommonLaunchHandler.java:111) ~[fmlloader-1.20.1-47.4.0.jar:?]
	at net.minecraftforge.fml.loading.targets.CommonLaunchHandler.clientService(CommonLaunchHandler.java:99) ~[fmlloader-1.20.1-47.4.0.jar:?]
	at net.minecraftforge.fml.loading.targets.ForgeClientUserdevLaunchHandler.devService(ForgeClientUserdevLaunchHandler.java:19) ~[fmlloader-1.20.1-47.4.0.jar:?]
	at net.minecraftforge.fml.loading.targets.CommonDevLaunchHandler.lambda$makeService$7(CommonDevLaunchHandler.java:135) ~[fmlloader-1.20.1-47.4.0.jar:?]
	at cpw.mods.modlauncher.LaunchServiceHandlerDecorator.launch(LaunchServiceHandlerDecorator.java:30) ~[modlauncher-10.0.9.jar:?]
	at cpw.mods.modlauncher.LaunchServiceHandler.launch(LaunchServiceHandler.java:53) ~[modlauncher-10.0.9.jar:?]
	at cpw.mods.modlauncher.LaunchServiceHandler.launch(LaunchServiceHandler.java:71) ~[modlauncher-10.0.9.jar:?]
	at cpw.mods.modlauncher.Launcher.run(Launcher.java:108) ~[modlauncher-10.0.9.jar:?]
	at cpw.mods.modlauncher.Launcher.main(Launcher.java:78) ~[modlauncher-10.0.9.jar:?]
	at cpw.mods.modlauncher.BootstrapLaunchConsumer.accept(BootstrapLaunchConsumer.java:26) ~[modlauncher-10.0.9.jar:?]
	at cpw.mods.modlauncher.BootstrapLaunchConsumer.accept(BootstrapLaunchConsumer.java:23) ~[modlauncher-10.0.9.jar:?]
	at cpw.mods.bootstraplauncher.BootstrapLauncher.main(BootstrapLauncher.java:141) ~[bootstraplauncher-1.1.2.jar:?]
[144月2025 01:12:10.886] [Render thread/WARN] [net.minecraft.client.renderer.GameRenderer/]: Failed to load shader: minecraft:shaders/post/defile.json
java.io.FileNotFoundException: minecraft:shaders/post/defile.json
	at net.minecraft.server.packs.resources.ResourceProvider.lambda$getResourceOrThrow$0(ResourceProvider.java:21) ~[forge-1.20.1-47.4.0_mapped_official_1.20.1.jar:?]
	at java.util.Optional.orElseThrow(Optional.java:403) ~[?:?]
	at net.minecraft.server.packs.resources.ResourceProvider.getResourceOrThrow(ResourceProvider.java:21) ~[forge-1.20.1-47.4.0_mapped_official_1.20.1.jar:?]
	at net.minecraft.client.renderer.PostChain.load(PostChain.java:58) ~[forge-1.20.1-47.4.0_mapped_official_1.20.1.jar:?]
	at net.minecraft.client.renderer.PostChain.<init>(PostChain.java:54) ~[forge-1.20.1-47.4.0_mapped_official_1.20.1.jar:?]
	at net.minecraft.client.renderer.GameRenderer.loadEffect(GameRenderer.java:341) ~[forge-1.20.1-47.4.0_mapped_official_1.20.1.jar:?]
	at net.minecraftforge.event.ForgeEventFactory.handler$zzh000$onRenderTickEnd(ForgeEventFactory.java:1274) ~[forge-1.20.1-47.4.0_mapped_official_1.20.1.jar:?]
	at net.minecraftforge.event.ForgeEventFactory.onRenderTickEnd(ForgeEventFactory.java) ~[forge-1.20.1-47.4.0_mapped_official_1.20.1.jar:?]
	at net.minecraft.client.Minecraft.runTick(Minecraft.java:1148) ~[forge-1.20.1-47.4.0_mapped_official_1.20.1.jar:?]
	at net.minecraft.client.Minecraft.run(Minecraft.java:718) ~[forge-1.20.1-47.4.0_mapped_official_1.20.1.jar:?]
	at net.minecraft.client.main.Main.main(Main.java:218) ~[forge-1.20.1-47.4.0_mapped_official_1.20.1.jar:?]
	at jdk.internal.reflect.NativeMethodAccessorImpl.invoke0(Native Method) ~[?:?]
	at jdk.internal.reflect.NativeMethodAccessorImpl.invoke(NativeMethodAccessorImpl.java:77) ~[?:?]
	at jdk.internal.reflect.DelegatingMethodAccessorImpl.invoke(DelegatingMethodAccessorImpl.java:43) ~[?:?]
	at java.lang.reflect.Method.invoke(Method.java:568) ~[?:?]
	at net.minecraftforge.fml.loading.targets.CommonLaunchHandler.runTarget(CommonLaunchHandler.java:111) ~[fmlloader-1.20.1-47.4.0.jar:?]
	at net.minecraftforge.fml.loading.targets.CommonLaunchHandler.clientService(CommonLaunchHandler.java:99) ~[fmlloader-1.20.1-47.4.0.jar:?]
	at net.minecraftforge.fml.loading.targets.ForgeClientUserdevLaunchHandler.devService(ForgeClientUserdevLaunchHandler.java:19) ~[fmlloader-1.20.1-47.4.0.jar:?]
	at net.minecraftforge.fml.loading.targets.CommonDevLaunchHandler.lambda$makeService$7(CommonDevLaunchHandler.java:135) ~[fmlloader-1.20.1-47.4.0.jar:?]
	at cpw.mods.modlauncher.LaunchServiceHandlerDecorator.launch(LaunchServiceHandlerDecorator.java:30) ~[modlauncher-10.0.9.jar:?]
	at cpw.mods.modlauncher.LaunchServiceHandler.launch(LaunchServiceHandler.java:53) ~[modlauncher-10.0.9.jar:?]
	at cpw.mods.modlauncher.LaunchServiceHandler.launch(LaunchServiceHandler.java:71) ~[modlauncher-10.0.9.jar:?]
	at cpw.mods.modlauncher.Launcher.run(Launcher.java:108) ~[modlauncher-10.0.9.jar:?]
	at cpw.mods.modlauncher.Launcher.main(Launcher.java:78) ~[modlauncher-10.0.9.jar:?]
	at cpw.mods.modlauncher.BootstrapLaunchConsumer.accept(BootstrapLaunchConsumer.java:26) ~[modlauncher-10.0.9.jar:?]
	at cpw.mods.modlauncher.BootstrapLaunchConsumer.accept(BootstrapLaunchConsumer.java:23) ~[modlauncher-10.0.9.jar:?]
	at cpw.mods.bootstraplauncher.BootstrapLauncher.main(BootstrapLauncher.java:141) ~[bootstraplauncher-1.1.2.jar:?]
[144月2025 01:12:10.903] [Render thread/WARN] [net.minecraft.client.renderer.GameRenderer/]: Failed to load shader: minecraft:shaders/post/defile.json
java.io.FileNotFoundException: minecraft:shaders/post/defile.json
	at net.minecraft.server.packs.resources.ResourceProvider.lambda$getResourceOrThrow$0(ResourceProvider.java:21) ~[forge-1.20.1-47.4.0_mapped_official_1.20.1.jar:?]
	at java.util.Optional.orElseThrow(Optional.java:403) ~[?:?]
	at net.minecraft.server.packs.resources.ResourceProvider.getResourceOrThrow(ResourceProvider.java:21) ~[forge-1.20.1-47.4.0_mapped_official_1.20.1.jar:?]
	at net.minecraft.client.renderer.PostChain.load(PostChain.java:58) ~[forge-1.20.1-47.4.0_mapped_official_1.20.1.jar:?]
	at net.minecraft.client.renderer.PostChain.<init>(PostChain.java:54) ~[forge-1.20.1-47.4.0_mapped_official_1.20.1.jar:?]
	at net.minecraft.client.renderer.GameRenderer.loadEffect(GameRenderer.java:341) ~[forge-1.20.1-47.4.0_mapped_official_1.20.1.jar:?]
	at net.minecraftforge.event.ForgeEventFactory.handler$zzh000$onRenderTickEnd(ForgeEventFactory.java:1274) ~[forge-1.20.1-47.4.0_mapped_official_1.20.1.jar:?]
	at net.minecraftforge.event.ForgeEventFactory.onRenderTickEnd(ForgeEventFactory.java) ~[forge-1.20.1-47.4.0_mapped_official_1.20.1.jar:?]
	at net.minecraft.client.Minecraft.runTick(Minecraft.java:1148) ~[forge-1.20.1-47.4.0_mapped_official_1.20.1.jar:?]
	at net.minecraft.client.Minecraft.run(Minecraft.java:718) ~[forge-1.20.1-47.4.0_mapped_official_1.20.1.jar:?]
	at net.minecraft.client.main.Main.main(Main.java:218) ~[forge-1.20.1-47.4.0_mapped_official_1.20.1.jar:?]
	at jdk.internal.reflect.NativeMethodAccessorImpl.invoke0(Native Method) ~[?:?]
	at jdk.internal.reflect.NativeMethodAccessorImpl.invoke(NativeMethodAccessorImpl.java:77) ~[?:?]
	at jdk.internal.reflect.DelegatingMethodAccessorImpl.invoke(DelegatingMethodAccessorImpl.java:43) ~[?:?]
	at java.lang.reflect.Method.invoke(Method.java:568) ~[?:?]
	at net.minecraftforge.fml.loading.targets.CommonLaunchHandler.runTarget(CommonLaunchHandler.java:111) ~[fmlloader-1.20.1-47.4.0.jar:?]
	at net.minecraftforge.fml.loading.targets.CommonLaunchHandler.clientService(CommonLaunchHandler.java:99) ~[fmlloader-1.20.1-47.4.0.jar:?]
	at net.minecraftforge.fml.loading.targets.ForgeClientUserdevLaunchHandler.devService(ForgeClientUserdevLaunchHandler.java:19) ~[fmlloader-1.20.1-47.4.0.jar:?]
	at net.minecraftforge.fml.loading.targets.CommonDevLaunchHandler.lambda$makeService$7(CommonDevLaunchHandler.java:135) ~[fmlloader-1.20.1-47.4.0.jar:?]
	at cpw.mods.modlauncher.LaunchServiceHandlerDecorator.launch(LaunchServiceHandlerDecorator.java:30) ~[modlauncher-10.0.9.jar:?]
	at cpw.mods.modlauncher.LaunchServiceHandler.launch(LaunchServiceHandler.java:53) ~[modlauncher-10.0.9.jar:?]
	at cpw.mods.modlauncher.LaunchServiceHandler.launch(LaunchServiceHandler.java:71) ~[modlauncher-10.0.9.jar:?]
	at cpw.mods.modlauncher.Launcher.run(Launcher.java:108) ~[modlauncher-10.0.9.jar:?]
	at cpw.mods.modlauncher.Launcher.main(Launcher.java:78) ~[modlauncher-10.0.9.jar:?]
	at cpw.mods.modlauncher.BootstrapLaunchConsumer.accept(BootstrapLaunchConsumer.java:26) ~[modlauncher-10.0.9.jar:?]
	at cpw.mods.modlauncher.BootstrapLaunchConsumer.accept(BootstrapLaunchConsumer.java:23) ~[modlauncher-10.0.9.jar:?]
	at cpw.mods.bootstraplauncher.BootstrapLauncher.main(BootstrapLauncher.java:141) ~[bootstraplauncher-1.1.2.jar:?]
[144月2025 01:12:10.923] [Render thread/WARN] [net.minecraft.client.renderer.GameRenderer/]: Failed to load shader: minecraft:shaders/post/defile.json
java.io.FileNotFoundException: minecraft:shaders/post/defile.json
	at net.minecraft.server.packs.resources.ResourceProvider.lambda$getResourceOrThrow$0(ResourceProvider.java:21) ~[forge-1.20.1-47.4.0_mapped_official_1.20.1.jar:?]
	at java.util.Optional.orElseThrow(Optional.java:403) ~[?:?]
	at net.minecraft.server.packs.resources.ResourceProvider.getResourceOrThrow(ResourceProvider.java:21) ~[forge-1.20.1-47.4.0_mapped_official_1.20.1.jar:?]
	at net.minecraft.client.renderer.PostChain.load(PostChain.java:58) ~[forge-1.20.1-47.4.0_mapped_official_1.20.1.jar:?]
	at net.minecraft.client.renderer.PostChain.<init>(PostChain.java:54) ~[forge-1.20.1-47.4.0_mapped_official_1.20.1.jar:?]
	at net.minecraft.client.renderer.GameRenderer.loadEffect(GameRenderer.java:341) ~[forge-1.20.1-47.4.0_mapped_official_1.20.1.jar:?]
	at net.minecraftforge.event.ForgeEventFactory.handler$zzh000$onRenderTickEnd(ForgeEventFactory.java:1274) ~[forge-1.20.1-47.4.0_mapped_official_1.20.1.jar:?]
	at net.minecraftforge.event.ForgeEventFactory.onRenderTickEnd(ForgeEventFactory.java) ~[forge-1.20.1-47.4.0_mapped_official_1.20.1.jar:?]
	at net.minecraft.client.Minecraft.runTick(Minecraft.java:1148) ~[forge-1.20.1-47.4.0_mapped_official_1.20.1.jar:?]
	at net.minecraft.client.Minecraft.run(Minecraft.java:718) ~[forge-1.20.1-47.4.0_mapped_official_1.20.1.jar:?]
	at net.minecraft.client.main.Main.main(Main.java:218) ~[forge-1.20.1-47.4.0_mapped_official_1.20.1.jar:?]
	at jdk.internal.reflect.NativeMethodAccessorImpl.invoke0(Native Method) ~[?:?]
	at jdk.internal.reflect.NativeMethodAccessorImpl.invoke(NativeMethodAccessorImpl.java:77) ~[?:?]
	at jdk.internal.reflect.DelegatingMethodAccessorImpl.invoke(DelegatingMethodAccessorImpl.java:43) ~[?:?]
	at java.lang.reflect.Method.invoke(Method.java:568) ~[?:?]
	at net.minecraftforge.fml.loading.targets.CommonLaunchHandler.runTarget(CommonLaunchHandler.java:111) ~[fmlloader-1.20.1-47.4.0.jar:?]
	at net.minecraftforge.fml.loading.targets.CommonLaunchHandler.clientService(CommonLaunchHandler.java:99) ~[fmlloader-1.20.1-47.4.0.jar:?]
	at net.minecraftforge.fml.loading.targets.ForgeClientUserdevLaunchHandler.devService(ForgeClientUserdevLaunchHandler.java:19) ~[fmlloader-1.20.1-47.4.0.jar:?]
	at net.minecraftforge.fml.loading.targets.CommonDevLaunchHandler.lambda$makeService$7(CommonDevLaunchHandler.java:135) ~[fmlloader-1.20.1-47.4.0.jar:?]
	at cpw.mods.modlauncher.LaunchServiceHandlerDecorator.launch(LaunchServiceHandlerDecorator.java:30) ~[modlauncher-10.0.9.jar:?]
	at cpw.mods.modlauncher.LaunchServiceHandler.launch(LaunchServiceHandler.java:53) ~[modlauncher-10.0.9.jar:?]
	at cpw.mods.modlauncher.LaunchServiceHandler.launch(LaunchServiceHandler.java:71) ~[modlauncher-10.0.9.jar:?]
	at cpw.mods.modlauncher.Launcher.run(Launcher.java:108) ~[modlauncher-10.0.9.jar:?]
	at cpw.mods.modlauncher.Launcher.main(Launcher.java:78) ~[modlauncher-10.0.9.jar:?]
	at cpw.mods.modlauncher.BootstrapLaunchConsumer.accept(BootstrapLaunchConsumer.java:26) ~[modlauncher-10.0.9.jar:?]
	at cpw.mods.modlauncher.BootstrapLaunchConsumer.accept(BootstrapLaunchConsumer.java:23) ~[modlauncher-10.0.9.jar:?]
	at cpw.mods.bootstraplauncher.BootstrapLauncher.main(BootstrapLauncher.java:141) ~[bootstraplauncher-1.1.2.jar:?]
[144月2025 01:12:10.939] [Render thread/WARN] [net.minecraft.client.renderer.GameRenderer/]: Failed to load shader: minecraft:shaders/post/defile.json
java.io.FileNotFoundException: minecraft:shaders/post/defile.json
	at net.minecraft.server.packs.resources.ResourceProvider.lambda$getResourceOrThrow$0(ResourceProvider.java:21) ~[forge-1.20.1-47.4.0_mapped_official_1.20.1.jar:?]
	at java.util.Optional.orElseThrow(Optional.java:403) ~[?:?]
	at net.minecraft.server.packs.resources.ResourceProvider.getResourceOrThrow(ResourceProvider.java:21) ~[forge-1.20.1-47.4.0_mapped_official_1.20.1.jar:?]
	at net.minecraft.client.renderer.PostChain.load(PostChain.java:58) ~[forge-1.20.1-47.4.0_mapped_official_1.20.1.jar:?]
	at net.minecraft.client.renderer.PostChain.<init>(PostChain.java:54) ~[forge-1.20.1-47.4.0_mapped_official_1.20.1.jar:?]
	at net.minecraft.client.renderer.GameRenderer.loadEffect(GameRenderer.java:341) ~[forge-1.20.1-47.4.0_mapped_official_1.20.1.jar:?]
	at net.minecraftforge.event.ForgeEventFactory.handler$zzh000$onRenderTickEnd(ForgeEventFactory.java:1274) ~[forge-1.20.1-47.4.0_mapped_official_1.20.1.jar:?]
	at net.minecraftforge.event.ForgeEventFactory.onRenderTickEnd(ForgeEventFactory.java) ~[forge-1.20.1-47.4.0_mapped_official_1.20.1.jar:?]
	at net.minecraft.client.Minecraft.runTick(Minecraft.java:1148) ~[forge-1.20.1-47.4.0_mapped_official_1.20.1.jar:?]
	at net.minecraft.client.Minecraft.run(Minecraft.java:718) ~[forge-1.20.1-47.4.0_mapped_official_1.20.1.jar:?]
	at net.minecraft.client.main.Main.main(Main.java:218) ~[forge-1.20.1-47.4.0_mapped_official_1.20.1.jar:?]
	at jdk.internal.reflect.NativeMethodAccessorImpl.invoke0(Native Method) ~[?:?]
	at jdk.internal.reflect.NativeMethodAccessorImpl.invoke(NativeMethodAccessorImpl.java:77) ~[?:?]
	at jdk.internal.reflect.DelegatingMethodAccessorImpl.invoke(DelegatingMethodAccessorImpl.java:43) ~[?:?]
	at java.lang.reflect.Method.invoke(Method.java:568) ~[?:?]
	at net.minecraftforge.fml.loading.targets.CommonLaunchHandler.runTarget(CommonLaunchHandler.java:111) ~[fmlloader-1.20.1-47.4.0.jar:?]
	at net.minecraftforge.fml.loading.targets.CommonLaunchHandler.clientService(CommonLaunchHandler.java:99) ~[fmlloader-1.20.1-47.4.0.jar:?]
	at net.minecraftforge.fml.loading.targets.ForgeClientUserdevLaunchHandler.devService(ForgeClientUserdevLaunchHandler.java:19) ~[fmlloader-1.20.1-47.4.0.jar:?]
	at net.minecraftforge.fml.loading.targets.CommonDevLaunchHandler.lambda$makeService$7(CommonDevLaunchHandler.java:135) ~[fmlloader-1.20.1-47.4.0.jar:?]
	at cpw.mods.modlauncher.LaunchServiceHandlerDecorator.launch(LaunchServiceHandlerDecorator.java:30) ~[modlauncher-10.0.9.jar:?]
	at cpw.mods.modlauncher.LaunchServiceHandler.launch(LaunchServiceHandler.java:53) ~[modlauncher-10.0.9.jar:?]
	at cpw.mods.modlauncher.LaunchServiceHandler.launch(LaunchServiceHandler.java:71) ~[modlauncher-10.0.9.jar:?]
	at cpw.mods.modlauncher.Launcher.run(Launcher.java:108) ~[modlauncher-10.0.9.jar:?]
	at cpw.mods.modlauncher.Launcher.main(Launcher.java:78) ~[modlauncher-10.0.9.jar:?]
	at cpw.mods.modlauncher.BootstrapLaunchConsumer.accept(BootstrapLaunchConsumer.java:26) ~[modlauncher-10.0.9.jar:?]
	at cpw.mods.modlauncher.BootstrapLaunchConsumer.accept(BootstrapLaunchConsumer.java:23) ~[modlauncher-10.0.9.jar:?]
	at cpw.mods.bootstraplauncher.BootstrapLauncher.main(BootstrapLauncher.java:141) ~[bootstraplauncher-1.1.2.jar:?]
[144月2025 01:12:10.954] [Render thread/WARN] [net.minecraft.client.renderer.GameRenderer/]: Failed to load shader: minecraft:shaders/post/defile.json
java.io.FileNotFoundException: minecraft:shaders/post/defile.json
	at net.minecraft.server.packs.resources.ResourceProvider.lambda$getResourceOrThrow$0(ResourceProvider.java:21) ~[forge-1.20.1-47.4.0_mapped_official_1.20.1.jar:?]
	at java.util.Optional.orElseThrow(Optional.java:403) ~[?:?]
	at net.minecraft.server.packs.resources.ResourceProvider.getResourceOrThrow(ResourceProvider.java:21) ~[forge-1.20.1-47.4.0_mapped_official_1.20.1.jar:?]
	at net.minecraft.client.renderer.PostChain.load(PostChain.java:58) ~[forge-1.20.1-47.4.0_mapped_official_1.20.1.jar:?]
	at net.minecraft.client.renderer.PostChain.<init>(PostChain.java:54) ~[forge-1.20.1-47.4.0_mapped_official_1.20.1.jar:?]
	at net.minecraft.client.renderer.GameRenderer.loadEffect(GameRenderer.java:341) ~[forge-1.20.1-47.4.0_mapped_official_1.20.1.jar:?]
	at net.minecraftforge.event.ForgeEventFactory.handler$zzh000$onRenderTickEnd(ForgeEventFactory.java:1274) ~[forge-1.20.1-47.4.0_mapped_official_1.20.1.jar:?]
	at net.minecraftforge.event.ForgeEventFactory.onRenderTickEnd(ForgeEventFactory.java) ~[forge-1.20.1-47.4.0_mapped_official_1.20.1.jar:?]
	at net.minecraft.client.Minecraft.runTick(Minecraft.java:1148) ~[forge-1.20.1-47.4.0_mapped_official_1.20.1.jar:?]
	at net.minecraft.client.Minecraft.run(Minecraft.java:718) ~[forge-1.20.1-47.4.0_mapped_official_1.20.1.jar:?]
	at net.minecraft.client.main.Main.main(Main.java:218) ~[forge-1.20.1-47.4.0_mapped_official_1.20.1.jar:?]
	at jdk.internal.reflect.NativeMethodAccessorImpl.invoke0(Native Method) ~[?:?]
	at jdk.internal.reflect.NativeMethodAccessorImpl.invoke(NativeMethodAccessorImpl.java:77) ~[?:?]
	at jdk.internal.reflect.DelegatingMethodAccessorImpl.invoke(DelegatingMethodAccessorImpl.java:43) ~[?:?]
	at java.lang.reflect.Method.invoke(Method.java:568) ~[?:?]
	at net.minecraftforge.fml.loading.targets.CommonLaunchHandler.runTarget(CommonLaunchHandler.java:111) ~[fmlloader-1.20.1-47.4.0.jar:?]
	at net.minecraftforge.fml.loading.targets.CommonLaunchHandler.clientService(CommonLaunchHandler.java:99) ~[fmlloader-1.20.1-47.4.0.jar:?]
	at net.minecraftforge.fml.loading.targets.ForgeClientUserdevLaunchHandler.devService(ForgeClientUserdevLaunchHandler.java:19) ~[fmlloader-1.20.1-47.4.0.jar:?]
	at net.minecraftforge.fml.loading.targets.CommonDevLaunchHandler.lambda$makeService$7(CommonDevLaunchHandler.java:135) ~[fmlloader-1.20.1-47.4.0.jar:?]
	at cpw.mods.modlauncher.LaunchServiceHandlerDecorator.launch(LaunchServiceHandlerDecorator.java:30) ~[modlauncher-10.0.9.jar:?]
	at cpw.mods.modlauncher.LaunchServiceHandler.launch(LaunchServiceHandler.java:53) ~[modlauncher-10.0.9.jar:?]
	at cpw.mods.modlauncher.LaunchServiceHandler.launch(LaunchServiceHandler.java:71) ~[modlauncher-10.0.9.jar:?]
	at cpw.mods.modlauncher.Launcher.run(Launcher.java:108) ~[modlauncher-10.0.9.jar:?]
	at cpw.mods.modlauncher.Launcher.main(Launcher.java:78) ~[modlauncher-10.0.9.jar:?]
	at cpw.mods.modlauncher.BootstrapLaunchConsumer.accept(BootstrapLaunchConsumer.java:26) ~[modlauncher-10.0.9.jar:?]
	at cpw.mods.modlauncher.BootstrapLaunchConsumer.accept(BootstrapLaunchConsumer.java:23) ~[modlauncher-10.0.9.jar:?]
	at cpw.mods.bootstraplauncher.BootstrapLauncher.main(BootstrapLauncher.java:141) ~[bootstraplauncher-1.1.2.jar:?]
[144月2025 01:12:10.974] [Render thread/WARN] [net.minecraft.client.renderer.GameRenderer/]: Failed to load shader: minecraft:shaders/post/defile.json
java.io.FileNotFoundException: minecraft:shaders/post/defile.json
	at net.minecraft.server.packs.resources.ResourceProvider.lambda$getResourceOrThrow$0(ResourceProvider.java:21) ~[forge-1.20.1-47.4.0_mapped_official_1.20.1.jar:?]
	at java.util.Optional.orElseThrow(Optional.java:403) ~[?:?]
	at net.minecraft.server.packs.resources.ResourceProvider.getResourceOrThrow(ResourceProvider.java:21) ~[forge-1.20.1-47.4.0_mapped_official_1.20.1.jar:?]
	at net.minecraft.client.renderer.PostChain.load(PostChain.java:58) ~[forge-1.20.1-47.4.0_mapped_official_1.20.1.jar:?]
	at net.minecraft.client.renderer.PostChain.<init>(PostChain.java:54) ~[forge-1.20.1-47.4.0_mapped_official_1.20.1.jar:?]
	at net.minecraft.client.renderer.GameRenderer.loadEffect(GameRenderer.java:341) ~[forge-1.20.1-47.4.0_mapped_official_1.20.1.jar:?]
	at net.minecraftforge.event.ForgeEventFactory.handler$zzh000$onRenderTickEnd(ForgeEventFactory.java:1274) ~[forge-1.20.1-47.4.0_mapped_official_1.20.1.jar:?]
	at net.minecraftforge.event.ForgeEventFactory.onRenderTickEnd(ForgeEventFactory.java) ~[forge-1.20.1-47.4.0_mapped_official_1.20.1.jar:?]
	at net.minecraft.client.Minecraft.runTick(Minecraft.java:1148) ~[forge-1.20.1-47.4.0_mapped_official_1.20.1.jar:?]
	at net.minecraft.client.Minecraft.run(Minecraft.java:718) ~[forge-1.20.1-47.4.0_mapped_official_1.20.1.jar:?]
	at net.minecraft.client.main.Main.main(Main.java:218) ~[forge-1.20.1-47.4.0_mapped_official_1.20.1.jar:?]
	at jdk.internal.reflect.NativeMethodAccessorImpl.invoke0(Native Method) ~[?:?]
	at jdk.internal.reflect.NativeMethodAccessorImpl.invoke(NativeMethodAccessorImpl.java:77) ~[?:?]
	at jdk.internal.reflect.DelegatingMethodAccessorImpl.invoke(DelegatingMethodAccessorImpl.java:43) ~[?:?]
	at java.lang.reflect.Method.invoke(Method.java:568) ~[?:?]
	at net.minecraftforge.fml.loading.targets.CommonLaunchHandler.runTarget(CommonLaunchHandler.java:111) ~[fmlloader-1.20.1-47.4.0.jar:?]
	at net.minecraftforge.fml.loading.targets.CommonLaunchHandler.clientService(CommonLaunchHandler.java:99) ~[fmlloader-1.20.1-47.4.0.jar:?]
	at net.minecraftforge.fml.loading.targets.ForgeClientUserdevLaunchHandler.devService(ForgeClientUserdevLaunchHandler.java:19) ~[fmlloader-1.20.1-47.4.0.jar:?]
	at net.minecraftforge.fml.loading.targets.CommonDevLaunchHandler.lambda$makeService$7(CommonDevLaunchHandler.java:135) ~[fmlloader-1.20.1-47.4.0.jar:?]
	at cpw.mods.modlauncher.LaunchServiceHandlerDecorator.launch(LaunchServiceHandlerDecorator.java:30) ~[modlauncher-10.0.9.jar:?]
	at cpw.mods.modlauncher.LaunchServiceHandler.launch(LaunchServiceHandler.java:53) ~[modlauncher-10.0.9.jar:?]
	at cpw.mods.modlauncher.LaunchServiceHandler.launch(LaunchServiceHandler.java:71) ~[modlauncher-10.0.9.jar:?]
	at cpw.mods.modlauncher.Launcher.run(Launcher.java:108) ~[modlauncher-10.0.9.jar:?]
	at cpw.mods.modlauncher.Launcher.main(Launcher.java:78) ~[modlauncher-10.0.9.jar:?]
	at cpw.mods.modlauncher.BootstrapLaunchConsumer.accept(BootstrapLaunchConsumer.java:26) ~[modlauncher-10.0.9.jar:?]
	at cpw.mods.modlauncher.BootstrapLaunchConsumer.accept(BootstrapLaunchConsumer.java:23) ~[modlauncher-10.0.9.jar:?]
	at cpw.mods.bootstraplauncher.BootstrapLauncher.main(BootstrapLauncher.java:141) ~[bootstraplauncher-1.1.2.jar:?]
[144月2025 01:12:10.989] [Render thread/WARN] [net.minecraft.client.renderer.GameRenderer/]: Failed to load shader: minecraft:shaders/post/defile.json
java.io.FileNotFoundException: minecraft:shaders/post/defile.json
	at net.minecraft.server.packs.resources.ResourceProvider.lambda$getResourceOrThrow$0(ResourceProvider.java:21) ~[forge-1.20.1-47.4.0_mapped_official_1.20.1.jar:?]
	at java.util.Optional.orElseThrow(Optional.java:403) ~[?:?]
	at net.minecraft.server.packs.resources.ResourceProvider.getResourceOrThrow(ResourceProvider.java:21) ~[forge-1.20.1-47.4.0_mapped_official_1.20.1.jar:?]
	at net.minecraft.client.renderer.PostChain.load(PostChain.java:58) ~[forge-1.20.1-47.4.0_mapped_official_1.20.1.jar:?]
	at net.minecraft.client.renderer.PostChain.<init>(PostChain.java:54) ~[forge-1.20.1-47.4.0_mapped_official_1.20.1.jar:?]
	at net.minecraft.client.renderer.GameRenderer.loadEffect(GameRenderer.java:341) ~[forge-1.20.1-47.4.0_mapped_official_1.20.1.jar:?]
	at net.minecraftforge.event.ForgeEventFactory.handler$zzh000$onRenderTickEnd(ForgeEventFactory.java:1274) ~[forge-1.20.1-47.4.0_mapped_official_1.20.1.jar:?]
	at net.minecraftforge.event.ForgeEventFactory.onRenderTickEnd(ForgeEventFactory.java) ~[forge-1.20.1-47.4.0_mapped_official_1.20.1.jar:?]
	at net.minecraft.client.Minecraft.runTick(Minecraft.java:1148) ~[forge-1.20.1-47.4.0_mapped_official_1.20.1.jar:?]
	at net.minecraft.client.Minecraft.run(Minecraft.java:718) ~[forge-1.20.1-47.4.0_mapped_official_1.20.1.jar:?]
	at net.minecraft.client.main.Main.main(Main.java:218) ~[forge-1.20.1-47.4.0_mapped_official_1.20.1.jar:?]
	at jdk.internal.reflect.NativeMethodAccessorImpl.invoke0(Native Method) ~[?:?]
	at jdk.internal.reflect.NativeMethodAccessorImpl.invoke(NativeMethodAccessorImpl.java:77) ~[?:?]
	at jdk.internal.reflect.DelegatingMethodAccessorImpl.invoke(DelegatingMethodAccessorImpl.java:43) ~[?:?]
	at java.lang.reflect.Method.invoke(Method.java:568) ~[?:?]
	at net.minecraftforge.fml.loading.targets.CommonLaunchHandler.runTarget(CommonLaunchHandler.java:111) ~[fmlloader-1.20.1-47.4.0.jar:?]
	at net.minecraftforge.fml.loading.targets.CommonLaunchHandler.clientService(CommonLaunchHandler.java:99) ~[fmlloader-1.20.1-47.4.0.jar:?]
	at net.minecraftforge.fml.loading.targets.ForgeClientUserdevLaunchHandler.devService(ForgeClientUserdevLaunchHandler.java:19) ~[fmlloader-1.20.1-47.4.0.jar:?]
	at net.minecraftforge.fml.loading.targets.CommonDevLaunchHandler.lambda$makeService$7(CommonDevLaunchHandler.java:135) ~[fmlloader-1.20.1-47.4.0.jar:?]
	at cpw.mods.modlauncher.LaunchServiceHandlerDecorator.launch(LaunchServiceHandlerDecorator.java:30) ~[modlauncher-10.0.9.jar:?]
	at cpw.mods.modlauncher.LaunchServiceHandler.launch(LaunchServiceHandler.java:53) ~[modlauncher-10.0.9.jar:?]
	at cpw.mods.modlauncher.LaunchServiceHandler.launch(LaunchServiceHandler.java:71) ~[modlauncher-10.0.9.jar:?]
	at cpw.mods.modlauncher.Launcher.run(Launcher.java:108) ~[modlauncher-10.0.9.jar:?]
	at cpw.mods.modlauncher.Launcher.main(Launcher.java:78) ~[modlauncher-10.0.9.jar:?]
	at cpw.mods.modlauncher.BootstrapLaunchConsumer.accept(BootstrapLaunchConsumer.java:26) ~[modlauncher-10.0.9.jar:?]
	at cpw.mods.modlauncher.BootstrapLaunchConsumer.accept(BootstrapLaunchConsumer.java:23) ~[modlauncher-10.0.9.jar:?]
	at cpw.mods.bootstraplauncher.BootstrapLauncher.main(BootstrapLauncher.java:141) ~[bootstraplauncher-1.1.2.jar:?]
[144月2025 01:12:11.003] [Render thread/WARN] [net.minecraft.client.renderer.GameRenderer/]: Failed to load shader: minecraft:shaders/post/defile.json
java.io.FileNotFoundException: minecraft:shaders/post/defile.json
	at net.minecraft.server.packs.resources.ResourceProvider.lambda$getResourceOrThrow$0(ResourceProvider.java:21) ~[forge-1.20.1-47.4.0_mapped_official_1.20.1.jar:?]
	at java.util.Optional.orElseThrow(Optional.java:403) ~[?:?]
	at net.minecraft.server.packs.resources.ResourceProvider.getResourceOrThrow(ResourceProvider.java:21) ~[forge-1.20.1-47.4.0_mapped_official_1.20.1.jar:?]
	at net.minecraft.client.renderer.PostChain.load(PostChain.java:58) ~[forge-1.20.1-47.4.0_mapped_official_1.20.1.jar:?]
	at net.minecraft.client.renderer.PostChain.<init>(PostChain.java:54) ~[forge-1.20.1-47.4.0_mapped_official_1.20.1.jar:?]
	at net.minecraft.client.renderer.GameRenderer.loadEffect(GameRenderer.java:341) ~[forge-1.20.1-47.4.0_mapped_official_1.20.1.jar:?]
	at net.minecraftforge.event.ForgeEventFactory.handler$zzh000$onRenderTickEnd(ForgeEventFactory.java:1274) ~[forge-1.20.1-47.4.0_mapped_official_1.20.1.jar:?]
	at net.minecraftforge.event.ForgeEventFactory.onRenderTickEnd(ForgeEventFactory.java) ~[forge-1.20.1-47.4.0_mapped_official_1.20.1.jar:?]
	at net.minecraft.client.Minecraft.runTick(Minecraft.java:1148) ~[forge-1.20.1-47.4.0_mapped_official_1.20.1.jar:?]
	at net.minecraft.client.Minecraft.run(Minecraft.java:718) ~[forge-1.20.1-47.4.0_mapped_official_1.20.1.jar:?]
	at net.minecraft.client.main.Main.main(Main.java:218) ~[forge-1.20.1-47.4.0_mapped_official_1.20.1.jar:?]
	at jdk.internal.reflect.NativeMethodAccessorImpl.invoke0(Native Method) ~[?:?]
	at jdk.internal.reflect.NativeMethodAccessorImpl.invoke(NativeMethodAccessorImpl.java:77) ~[?:?]
	at jdk.internal.reflect.DelegatingMethodAccessorImpl.invoke(DelegatingMethodAccessorImpl.java:43) ~[?:?]
	at java.lang.reflect.Method.invoke(Method.java:568) ~[?:?]
	at net.minecraftforge.fml.loading.targets.CommonLaunchHandler.runTarget(CommonLaunchHandler.java:111) ~[fmlloader-1.20.1-47.4.0.jar:?]
	at net.minecraftforge.fml.loading.targets.CommonLaunchHandler.clientService(CommonLaunchHandler.java:99) ~[fmlloader-1.20.1-47.4.0.jar:?]
	at net.minecraftforge.fml.loading.targets.ForgeClientUserdevLaunchHandler.devService(ForgeClientUserdevLaunchHandler.java:19) ~[fmlloader-1.20.1-47.4.0.jar:?]
	at net.minecraftforge.fml.loading.targets.CommonDevLaunchHandler.lambda$makeService$7(CommonDevLaunchHandler.java:135) ~[fmlloader-1.20.1-47.4.0.jar:?]
	at cpw.mods.modlauncher.LaunchServiceHandlerDecorator.launch(LaunchServiceHandlerDecorator.java:30) ~[modlauncher-10.0.9.jar:?]
	at cpw.mods.modlauncher.LaunchServiceHandler.launch(LaunchServiceHandler.java:53) ~[modlauncher-10.0.9.jar:?]
	at cpw.mods.modlauncher.LaunchServiceHandler.launch(LaunchServiceHandler.java:71) ~[modlauncher-10.0.9.jar:?]
	at cpw.mods.modlauncher.Launcher.run(Launcher.java:108) ~[modlauncher-10.0.9.jar:?]
	at cpw.mods.modlauncher.Launcher.main(Launcher.java:78) ~[modlauncher-10.0.9.jar:?]
	at cpw.mods.modlauncher.BootstrapLaunchConsumer.accept(BootstrapLaunchConsumer.java:26) ~[modlauncher-10.0.9.jar:?]
	at cpw.mods.modlauncher.BootstrapLaunchConsumer.accept(BootstrapLaunchConsumer.java:23) ~[modlauncher-10.0.9.jar:?]
	at cpw.mods.bootstraplauncher.BootstrapLauncher.main(BootstrapLauncher.java:141) ~[bootstraplauncher-1.1.2.jar:?]
[144月2025 01:12:11.023] [Render thread/WARN] [net.minecraft.client.renderer.GameRenderer/]: Failed to load shader: minecraft:shaders/post/defile.json
java.io.FileNotFoundException: minecraft:shaders/post/defile.json
	at net.minecraft.server.packs.resources.ResourceProvider.lambda$getResourceOrThrow$0(ResourceProvider.java:21) ~[forge-1.20.1-47.4.0_mapped_official_1.20.1.jar:?]
	at java.util.Optional.orElseThrow(Optional.java:403) ~[?:?]
	at net.minecraft.server.packs.resources.ResourceProvider.getResourceOrThrow(ResourceProvider.java:21) ~[forge-1.20.1-47.4.0_mapped_official_1.20.1.jar:?]
	at net.minecraft.client.renderer.PostChain.load(PostChain.java:58) ~[forge-1.20.1-47.4.0_mapped_official_1.20.1.jar:?]
	at net.minecraft.client.renderer.PostChain.<init>(PostChain.java:54) ~[forge-1.20.1-47.4.0_mapped_official_1.20.1.jar:?]
	at net.minecraft.client.renderer.GameRenderer.loadEffect(GameRenderer.java:341) ~[forge-1.20.1-47.4.0_mapped_official_1.20.1.jar:?]
	at net.minecraftforge.event.ForgeEventFactory.handler$zzh000$onRenderTickEnd(ForgeEventFactory.java:1274) ~[forge-1.20.1-47.4.0_mapped_official_1.20.1.jar:?]
	at net.minecraftforge.event.ForgeEventFactory.onRenderTickEnd(ForgeEventFactory.java) ~[forge-1.20.1-47.4.0_mapped_official_1.20.1.jar:?]
	at net.minecraft.client.Minecraft.runTick(Minecraft.java:1148) ~[forge-1.20.1-47.4.0_mapped_official_1.20.1.jar:?]
	at net.minecraft.client.Minecraft.run(Minecraft.java:718) ~[forge-1.20.1-47.4.0_mapped_official_1.20.1.jar:?]
	at net.minecraft.client.main.Main.main(Main.java:218) ~[forge-1.20.1-47.4.0_mapped_official_1.20.1.jar:?]
	at jdk.internal.reflect.NativeMethodAccessorImpl.invoke0(Native Method) ~[?:?]
	at jdk.internal.reflect.NativeMethodAccessorImpl.invoke(NativeMethodAccessorImpl.java:77) ~[?:?]
	at jdk.internal.reflect.DelegatingMethodAccessorImpl.invoke(DelegatingMethodAccessorImpl.java:43) ~[?:?]
	at java.lang.reflect.Method.invoke(Method.java:568) ~[?:?]
	at net.minecraftforge.fml.loading.targets.CommonLaunchHandler.runTarget(CommonLaunchHandler.java:111) ~[fmlloader-1.20.1-47.4.0.jar:?]
	at net.minecraftforge.fml.loading.targets.CommonLaunchHandler.clientService(CommonLaunchHandler.java:99) ~[fmlloader-1.20.1-47.4.0.jar:?]
	at net.minecraftforge.fml.loading.targets.ForgeClientUserdevLaunchHandler.devService(ForgeClientUserdevLaunchHandler.java:19) ~[fmlloader-1.20.1-47.4.0.jar:?]
	at net.minecraftforge.fml.loading.targets.CommonDevLaunchHandler.lambda$makeService$7(CommonDevLaunchHandler.java:135) ~[fmlloader-1.20.1-47.4.0.jar:?]
	at cpw.mods.modlauncher.LaunchServiceHandlerDecorator.launch(LaunchServiceHandlerDecorator.java:30) ~[modlauncher-10.0.9.jar:?]
	at cpw.mods.modlauncher.LaunchServiceHandler.launch(LaunchServiceHandler.java:53) ~[modlauncher-10.0.9.jar:?]
	at cpw.mods.modlauncher.LaunchServiceHandler.launch(LaunchServiceHandler.java:71) ~[modlauncher-10.0.9.jar:?]
	at cpw.mods.modlauncher.Launcher.run(Launcher.java:108) ~[modlauncher-10.0.9.jar:?]
	at cpw.mods.modlauncher.Launcher.main(Launcher.java:78) ~[modlauncher-10.0.9.jar:?]
	at cpw.mods.modlauncher.BootstrapLaunchConsumer.accept(BootstrapLaunchConsumer.java:26) ~[modlauncher-10.0.9.jar:?]
	at cpw.mods.modlauncher.BootstrapLaunchConsumer.accept(BootstrapLaunchConsumer.java:23) ~[modlauncher-10.0.9.jar:?]
	at cpw.mods.bootstraplauncher.BootstrapLauncher.main(BootstrapLauncher.java:141) ~[bootstraplauncher-1.1.2.jar:?]
[144月2025 01:12:11.037] [Render thread/WARN] [net.minecraft.client.renderer.GameRenderer/]: Failed to load shader: minecraft:shaders/post/defile.json
java.io.FileNotFoundException: minecraft:shaders/post/defile.json
	at net.minecraft.server.packs.resources.ResourceProvider.lambda$getResourceOrThrow$0(ResourceProvider.java:21) ~[forge-1.20.1-47.4.0_mapped_official_1.20.1.jar:?]
	at java.util.Optional.orElseThrow(Optional.java:403) ~[?:?]
	at net.minecraft.server.packs.resources.ResourceProvider.getResourceOrThrow(ResourceProvider.java:21) ~[forge-1.20.1-47.4.0_mapped_official_1.20.1.jar:?]
	at net.minecraft.client.renderer.PostChain.load(PostChain.java:58) ~[forge-1.20.1-47.4.0_mapped_official_1.20.1.jar:?]
	at net.minecraft.client.renderer.PostChain.<init>(PostChain.java:54) ~[forge-1.20.1-47.4.0_mapped_official_1.20.1.jar:?]
	at net.minecraft.client.renderer.GameRenderer.loadEffect(GameRenderer.java:341) ~[forge-1.20.1-47.4.0_mapped_official_1.20.1.jar:?]
	at net.minecraftforge.event.ForgeEventFactory.handler$zzh000$onRenderTickEnd(ForgeEventFactory.java:1274) ~[forge-1.20.1-47.4.0_mapped_official_1.20.1.jar:?]
	at net.minecraftforge.event.ForgeEventFactory.onRenderTickEnd(ForgeEventFactory.java) ~[forge-1.20.1-47.4.0_mapped_official_1.20.1.jar:?]
	at net.minecraft.client.Minecraft.runTick(Minecraft.java:1148) ~[forge-1.20.1-47.4.0_mapped_official_1.20.1.jar:?]
	at net.minecraft.client.Minecraft.run(Minecraft.java:718) ~[forge-1.20.1-47.4.0_mapped_official_1.20.1.jar:?]
	at net.minecraft.client.main.Main.main(Main.java:218) ~[forge-1.20.1-47.4.0_mapped_official_1.20.1.jar:?]
	at jdk.internal.reflect.NativeMethodAccessorImpl.invoke0(Native Method) ~[?:?]
	at jdk.internal.reflect.NativeMethodAccessorImpl.invoke(NativeMethodAccessorImpl.java:77) ~[?:?]
	at jdk.internal.reflect.DelegatingMethodAccessorImpl.invoke(DelegatingMethodAccessorImpl.java:43) ~[?:?]
	at java.lang.reflect.Method.invoke(Method.java:568) ~[?:?]
	at net.minecraftforge.fml.loading.targets.CommonLaunchHandler.runTarget(CommonLaunchHandler.java:111) ~[fmlloader-1.20.1-47.4.0.jar:?]
	at net.minecraftforge.fml.loading.targets.CommonLaunchHandler.clientService(CommonLaunchHandler.java:99) ~[fmlloader-1.20.1-47.4.0.jar:?]
	at net.minecraftforge.fml.loading.targets.ForgeClientUserdevLaunchHandler.devService(ForgeClientUserdevLaunchHandler.java:19) ~[fmlloader-1.20.1-47.4.0.jar:?]
	at net.minecraftforge.fml.loading.targets.CommonDevLaunchHandler.lambda$makeService$7(CommonDevLaunchHandler.java:135) ~[fmlloader-1.20.1-47.4.0.jar:?]
	at cpw.mods.modlauncher.LaunchServiceHandlerDecorator.launch(LaunchServiceHandlerDecorator.java:30) ~[modlauncher-10.0.9.jar:?]
	at cpw.mods.modlauncher.LaunchServiceHandler.launch(LaunchServiceHandler.java:53) ~[modlauncher-10.0.9.jar:?]
	at cpw.mods.modlauncher.LaunchServiceHandler.launch(LaunchServiceHandler.java:71) ~[modlauncher-10.0.9.jar:?]
	at cpw.mods.modlauncher.Launcher.run(Launcher.java:108) ~[modlauncher-10.0.9.jar:?]
	at cpw.mods.modlauncher.Launcher.main(Launcher.java:78) ~[modlauncher-10.0.9.jar:?]
	at cpw.mods.modlauncher.BootstrapLaunchConsumer.accept(BootstrapLaunchConsumer.java:26) ~[modlauncher-10.0.9.jar:?]
	at cpw.mods.modlauncher.BootstrapLaunchConsumer.accept(BootstrapLaunchConsumer.java:23) ~[modlauncher-10.0.9.jar:?]
	at cpw.mods.bootstraplauncher.BootstrapLauncher.main(BootstrapLauncher.java:141) ~[bootstraplauncher-1.1.2.jar:?]
[144月2025 01:12:11.051] [Render thread/WARN] [net.minecraft.client.renderer.GameRenderer/]: Failed to load shader: minecraft:shaders/post/defile.json
java.io.FileNotFoundException: minecraft:shaders/post/defile.json
	at net.minecraft.server.packs.resources.ResourceProvider.lambda$getResourceOrThrow$0(ResourceProvider.java:21) ~[forge-1.20.1-47.4.0_mapped_official_1.20.1.jar:?]
	at java.util.Optional.orElseThrow(Optional.java:403) ~[?:?]
	at net.minecraft.server.packs.resources.ResourceProvider.getResourceOrThrow(ResourceProvider.java:21) ~[forge-1.20.1-47.4.0_mapped_official_1.20.1.jar:?]
	at net.minecraft.client.renderer.PostChain.load(PostChain.java:58) ~[forge-1.20.1-47.4.0_mapped_official_1.20.1.jar:?]
	at net.minecraft.client.renderer.PostChain.<init>(PostChain.java:54) ~[forge-1.20.1-47.4.0_mapped_official_1.20.1.jar:?]
	at net.minecraft.client.renderer.GameRenderer.loadEffect(GameRenderer.java:341) ~[forge-1.20.1-47.4.0_mapped_official_1.20.1.jar:?]
	at net.minecraftforge.event.ForgeEventFactory.handler$zzh000$onRenderTickEnd(ForgeEventFactory.java:1274) ~[forge-1.20.1-47.4.0_mapped_official_1.20.1.jar:?]
	at net.minecraftforge.event.ForgeEventFactory.onRenderTickEnd(ForgeEventFactory.java) ~[forge-1.20.1-47.4.0_mapped_official_1.20.1.jar:?]
	at net.minecraft.client.Minecraft.runTick(Minecraft.java:1148) ~[forge-1.20.1-47.4.0_mapped_official_1.20.1.jar:?]
	at net.minecraft.client.Minecraft.run(Minecraft.java:718) ~[forge-1.20.1-47.4.0_mapped_official_1.20.1.jar:?]
	at net.minecraft.client.main.Main.main(Main.java:218) ~[forge-1.20.1-47.4.0_mapped_official_1.20.1.jar:?]
	at jdk.internal.reflect.NativeMethodAccessorImpl.invoke0(Native Method) ~[?:?]
	at jdk.internal.reflect.NativeMethodAccessorImpl.invoke(NativeMethodAccessorImpl.java:77) ~[?:?]
	at jdk.internal.reflect.DelegatingMethodAccessorImpl.invoke(DelegatingMethodAccessorImpl.java:43) ~[?:?]
	at java.lang.reflect.Method.invoke(Method.java:568) ~[?:?]
	at net.minecraftforge.fml.loading.targets.CommonLaunchHandler.runTarget(CommonLaunchHandler.java:111) ~[fmlloader-1.20.1-47.4.0.jar:?]
	at net.minecraftforge.fml.loading.targets.CommonLaunchHandler.clientService(CommonLaunchHandler.java:99) ~[fmlloader-1.20.1-47.4.0.jar:?]
	at net.minecraftforge.fml.loading.targets.ForgeClientUserdevLaunchHandler.devService(ForgeClientUserdevLaunchHandler.java:19) ~[fmlloader-1.20.1-47.4.0.jar:?]
	at net.minecraftforge.fml.loading.targets.CommonDevLaunchHandler.lambda$makeService$7(CommonDevLaunchHandler.java:135) ~[fmlloader-1.20.1-47.4.0.jar:?]
	at cpw.mods.modlauncher.LaunchServiceHandlerDecorator.launch(LaunchServiceHandlerDecorator.java:30) ~[modlauncher-10.0.9.jar:?]
	at cpw.mods.modlauncher.LaunchServiceHandler.launch(LaunchServiceHandler.java:53) ~[modlauncher-10.0.9.jar:?]
	at cpw.mods.modlauncher.LaunchServiceHandler.launch(LaunchServiceHandler.java:71) ~[modlauncher-10.0.9.jar:?]
	at cpw.mods.modlauncher.Launcher.run(Launcher.java:108) ~[modlauncher-10.0.9.jar:?]
	at cpw.mods.modlauncher.Launcher.main(Launcher.java:78) ~[modlauncher-10.0.9.jar:?]
	at cpw.mods.modlauncher.BootstrapLaunchConsumer.accept(BootstrapLaunchConsumer.java:26) ~[modlauncher-10.0.9.jar:?]
	at cpw.mods.modlauncher.BootstrapLaunchConsumer.accept(BootstrapLaunchConsumer.java:23) ~[modlauncher-10.0.9.jar:?]
	at cpw.mods.bootstraplauncher.BootstrapLauncher.main(BootstrapLauncher.java:141) ~[bootstraplauncher-1.1.2.jar:?]
[144月2025 01:12:11.068] [Render thread/WARN] [net.minecraft.client.renderer.GameRenderer/]: Failed to load shader: minecraft:shaders/post/defile.json
java.io.FileNotFoundException: minecraft:shaders/post/defile.json
	at net.minecraft.server.packs.resources.ResourceProvider.lambda$getResourceOrThrow$0(ResourceProvider.java:21) ~[forge-1.20.1-47.4.0_mapped_official_1.20.1.jar:?]
	at java.util.Optional.orElseThrow(Optional.java:403) ~[?:?]
	at net.minecraft.server.packs.resources.ResourceProvider.getResourceOrThrow(ResourceProvider.java:21) ~[forge-1.20.1-47.4.0_mapped_official_1.20.1.jar:?]
	at net.minecraft.client.renderer.PostChain.load(PostChain.java:58) ~[forge-1.20.1-47.4.0_mapped_official_1.20.1.jar:?]
	at net.minecraft.client.renderer.PostChain.<init>(PostChain.java:54) ~[forge-1.20.1-47.4.0_mapped_official_1.20.1.jar:?]
	at net.minecraft.client.renderer.GameRenderer.loadEffect(GameRenderer.java:341) ~[forge-1.20.1-47.4.0_mapped_official_1.20.1.jar:?]
	at net.minecraftforge.event.ForgeEventFactory.handler$zzh000$onRenderTickEnd(ForgeEventFactory.java:1274) ~[forge-1.20.1-47.4.0_mapped_official_1.20.1.jar:?]
	at net.minecraftforge.event.ForgeEventFactory.onRenderTickEnd(ForgeEventFactory.java) ~[forge-1.20.1-47.4.0_mapped_official_1.20.1.jar:?]
	at net.minecraft.client.Minecraft.runTick(Minecraft.java:1148) ~[forge-1.20.1-47.4.0_mapped_official_1.20.1.jar:?]
	at net.minecraft.client.Minecraft.run(Minecraft.java:718) ~[forge-1.20.1-47.4.0_mapped_official_1.20.1.jar:?]
	at net.minecraft.client.main.Main.main(Main.java:218) ~[forge-1.20.1-47.4.0_mapped_official_1.20.1.jar:?]
	at jdk.internal.reflect.NativeMethodAccessorImpl.invoke0(Native Method) ~[?:?]
	at jdk.internal.reflect.NativeMethodAccessorImpl.invoke(NativeMethodAccessorImpl.java:77) ~[?:?]
	at jdk.internal.reflect.DelegatingMethodAccessorImpl.invoke(DelegatingMethodAccessorImpl.java:43) ~[?:?]
	at java.lang.reflect.Method.invoke(Method.java:568) ~[?:?]
	at net.minecraftforge.fml.loading.targets.CommonLaunchHandler.runTarget(CommonLaunchHandler.java:111) ~[fmlloader-1.20.1-47.4.0.jar:?]
	at net.minecraftforge.fml.loading.targets.CommonLaunchHandler.clientService(CommonLaunchHandler.java:99) ~[fmlloader-1.20.1-47.4.0.jar:?]
	at net.minecraftforge.fml.loading.targets.ForgeClientUserdevLaunchHandler.devService(ForgeClientUserdevLaunchHandler.java:19) ~[fmlloader-1.20.1-47.4.0.jar:?]
	at net.minecraftforge.fml.loading.targets.CommonDevLaunchHandler.lambda$makeService$7(CommonDevLaunchHandler.java:135) ~[fmlloader-1.20.1-47.4.0.jar:?]
	at cpw.mods.modlauncher.LaunchServiceHandlerDecorator.launch(LaunchServiceHandlerDecorator.java:30) ~[modlauncher-10.0.9.jar:?]
	at cpw.mods.modlauncher.LaunchServiceHandler.launch(LaunchServiceHandler.java:53) ~[modlauncher-10.0.9.jar:?]
	at cpw.mods.modlauncher.LaunchServiceHandler.launch(LaunchServiceHandler.java:71) ~[modlauncher-10.0.9.jar:?]
	at cpw.mods.modlauncher.Launcher.run(Launcher.java:108) ~[modlauncher-10.0.9.jar:?]
	at cpw.mods.modlauncher.Launcher.main(Launcher.java:78) ~[modlauncher-10.0.9.jar:?]
	at cpw.mods.modlauncher.BootstrapLaunchConsumer.accept(BootstrapLaunchConsumer.java:26) ~[modlauncher-10.0.9.jar:?]
	at cpw.mods.modlauncher.BootstrapLaunchConsumer.accept(BootstrapLaunchConsumer.java:23) ~[modlauncher-10.0.9.jar:?]
	at cpw.mods.bootstraplauncher.BootstrapLauncher.main(BootstrapLauncher.java:141) ~[bootstraplauncher-1.1.2.jar:?]
[144月2025 01:12:11.085] [Render thread/WARN] [net.minecraft.client.renderer.GameRenderer/]: Failed to load shader: minecraft:shaders/post/defile.json
java.io.FileNotFoundException: minecraft:shaders/post/defile.json
	at net.minecraft.server.packs.resources.ResourceProvider.lambda$getResourceOrThrow$0(ResourceProvider.java:21) ~[forge-1.20.1-47.4.0_mapped_official_1.20.1.jar:?]
	at java.util.Optional.orElseThrow(Optional.java:403) ~[?:?]
	at net.minecraft.server.packs.resources.ResourceProvider.getResourceOrThrow(ResourceProvider.java:21) ~[forge-1.20.1-47.4.0_mapped_official_1.20.1.jar:?]
	at net.minecraft.client.renderer.PostChain.load(PostChain.java:58) ~[forge-1.20.1-47.4.0_mapped_official_1.20.1.jar:?]
	at net.minecraft.client.renderer.PostChain.<init>(PostChain.java:54) ~[forge-1.20.1-47.4.0_mapped_official_1.20.1.jar:?]
	at net.minecraft.client.renderer.GameRenderer.loadEffect(GameRenderer.java:341) ~[forge-1.20.1-47.4.0_mapped_official_1.20.1.jar:?]
	at net.minecraftforge.event.ForgeEventFactory.handler$zzh000$onRenderTickEnd(ForgeEventFactory.java:1274) ~[forge-1.20.1-47.4.0_mapped_official_1.20.1.jar:?]
	at net.minecraftforge.event.ForgeEventFactory.onRenderTickEnd(ForgeEventFactory.java) ~[forge-1.20.1-47.4.0_mapped_official_1.20.1.jar:?]
	at net.minecraft.client.Minecraft.runTick(Minecraft.java:1148) ~[forge-1.20.1-47.4.0_mapped_official_1.20.1.jar:?]
	at net.minecraft.client.Minecraft.run(Minecraft.java:718) ~[forge-1.20.1-47.4.0_mapped_official_1.20.1.jar:?]
	at net.minecraft.client.main.Main.main(Main.java:218) ~[forge-1.20.1-47.4.0_mapped_official_1.20.1.jar:?]
	at jdk.internal.reflect.NativeMethodAccessorImpl.invoke0(Native Method) ~[?:?]
	at jdk.internal.reflect.NativeMethodAccessorImpl.invoke(NativeMethodAccessorImpl.java:77) ~[?:?]
	at jdk.internal.reflect.DelegatingMethodAccessorImpl.invoke(DelegatingMethodAccessorImpl.java:43) ~[?:?]
	at java.lang.reflect.Method.invoke(Method.java:568) ~[?:?]
	at net.minecraftforge.fml.loading.targets.CommonLaunchHandler.runTarget(CommonLaunchHandler.java:111) ~[fmlloader-1.20.1-47.4.0.jar:?]
	at net.minecraftforge.fml.loading.targets.CommonLaunchHandler.clientService(CommonLaunchHandler.java:99) ~[fmlloader-1.20.1-47.4.0.jar:?]
	at net.minecraftforge.fml.loading.targets.ForgeClientUserdevLaunchHandler.devService(ForgeClientUserdevLaunchHandler.java:19) ~[fmlloader-1.20.1-47.4.0.jar:?]
	at net.minecraftforge.fml.loading.targets.CommonDevLaunchHandler.lambda$makeService$7(CommonDevLaunchHandler.java:135) ~[fmlloader-1.20.1-47.4.0.jar:?]
	at cpw.mods.modlauncher.LaunchServiceHandlerDecorator.launch(LaunchServiceHandlerDecorator.java:30) ~[modlauncher-10.0.9.jar:?]
	at cpw.mods.modlauncher.LaunchServiceHandler.launch(LaunchServiceHandler.java:53) ~[modlauncher-10.0.9.jar:?]
	at cpw.mods.modlauncher.LaunchServiceHandler.launch(LaunchServiceHandler.java:71) ~[modlauncher-10.0.9.jar:?]
	at cpw.mods.modlauncher.Launcher.run(Launcher.java:108) ~[modlauncher-10.0.9.jar:?]
	at cpw.mods.modlauncher.Launcher.main(Launcher.java:78) ~[modlauncher-10.0.9.jar:?]
	at cpw.mods.modlauncher.BootstrapLaunchConsumer.accept(BootstrapLaunchConsumer.java:26) ~[modlauncher-10.0.9.jar:?]
	at cpw.mods.modlauncher.BootstrapLaunchConsumer.accept(BootstrapLaunchConsumer.java:23) ~[modlauncher-10.0.9.jar:?]
	at cpw.mods.bootstraplauncher.BootstrapLauncher.main(BootstrapLauncher.java:141) ~[bootstraplauncher-1.1.2.jar:?]
[144月2025 01:12:11.101] [Render thread/WARN] [net.minecraft.client.renderer.GameRenderer/]: Failed to load shader: minecraft:shaders/post/defile.json
java.io.FileNotFoundException: minecraft:shaders/post/defile.json
	at net.minecraft.server.packs.resources.ResourceProvider.lambda$getResourceOrThrow$0(ResourceProvider.java:21) ~[forge-1.20.1-47.4.0_mapped_official_1.20.1.jar:?]
	at java.util.Optional.orElseThrow(Optional.java:403) ~[?:?]
	at net.minecraft.server.packs.resources.ResourceProvider.getResourceOrThrow(ResourceProvider.java:21) ~[forge-1.20.1-47.4.0_mapped_official_1.20.1.jar:?]
	at net.minecraft.client.renderer.PostChain.load(PostChain.java:58) ~[forge-1.20.1-47.4.0_mapped_official_1.20.1.jar:?]
	at net.minecraft.client.renderer.PostChain.<init>(PostChain.java:54) ~[forge-1.20.1-47.4.0_mapped_official_1.20.1.jar:?]
	at net.minecraft.client.renderer.GameRenderer.loadEffect(GameRenderer.java:341) ~[forge-1.20.1-47.4.0_mapped_official_1.20.1.jar:?]
	at net.minecraftforge.event.ForgeEventFactory.handler$zzh000$onRenderTickEnd(ForgeEventFactory.java:1274) ~[forge-1.20.1-47.4.0_mapped_official_1.20.1.jar:?]
	at net.minecraftforge.event.ForgeEventFactory.onRenderTickEnd(ForgeEventFactory.java) ~[forge-1.20.1-47.4.0_mapped_official_1.20.1.jar:?]
	at net.minecraft.client.Minecraft.runTick(Minecraft.java:1148) ~[forge-1.20.1-47.4.0_mapped_official_1.20.1.jar:?]
	at net.minecraft.client.Minecraft.run(Minecraft.java:718) ~[forge-1.20.1-47.4.0_mapped_official_1.20.1.jar:?]
	at net.minecraft.client.main.Main.main(Main.java:218) ~[forge-1.20.1-47.4.0_mapped_official_1.20.1.jar:?]
	at jdk.internal.reflect.NativeMethodAccessorImpl.invoke0(Native Method) ~[?:?]
	at jdk.internal.reflect.NativeMethodAccessorImpl.invoke(NativeMethodAccessorImpl.java:77) ~[?:?]
	at jdk.internal.reflect.DelegatingMethodAccessorImpl.invoke(DelegatingMethodAccessorImpl.java:43) ~[?:?]
	at java.lang.reflect.Method.invoke(Method.java:568) ~[?:?]
	at net.minecraftforge.fml.loading.targets.CommonLaunchHandler.runTarget(CommonLaunchHandler.java:111) ~[fmlloader-1.20.1-47.4.0.jar:?]
	at net.minecraftforge.fml.loading.targets.CommonLaunchHandler.clientService(CommonLaunchHandler.java:99) ~[fmlloader-1.20.1-47.4.0.jar:?]
	at net.minecraftforge.fml.loading.targets.ForgeClientUserdevLaunchHandler.devService(ForgeClientUserdevLaunchHandler.java:19) ~[fmlloader-1.20.1-47.4.0.jar:?]
	at net.minecraftforge.fml.loading.targets.CommonDevLaunchHandler.lambda$makeService$7(CommonDevLaunchHandler.java:135) ~[fmlloader-1.20.1-47.4.0.jar:?]
	at cpw.mods.modlauncher.LaunchServiceHandlerDecorator.launch(LaunchServiceHandlerDecorator.java:30) ~[modlauncher-10.0.9.jar:?]
	at cpw.mods.modlauncher.LaunchServiceHandler.launch(LaunchServiceHandler.java:53) ~[modlauncher-10.0.9.jar:?]
	at cpw.mods.modlauncher.LaunchServiceHandler.launch(LaunchServiceHandler.java:71) ~[modlauncher-10.0.9.jar:?]
	at cpw.mods.modlauncher.Launcher.run(Launcher.java:108) ~[modlauncher-10.0.9.jar:?]
	at cpw.mods.modlauncher.Launcher.main(Launcher.java:78) ~[modlauncher-10.0.9.jar:?]
	at cpw.mods.modlauncher.BootstrapLaunchConsumer.accept(BootstrapLaunchConsumer.java:26) ~[modlauncher-10.0.9.jar:?]
	at cpw.mods.modlauncher.BootstrapLaunchConsumer.accept(BootstrapLaunchConsumer.java:23) ~[modlauncher-10.0.9.jar:?]
	at cpw.mods.bootstraplauncher.BootstrapLauncher.main(BootstrapLauncher.java:141) ~[bootstraplauncher-1.1.2.jar:?]
[144月2025 01:12:11.120] [Render thread/WARN] [net.minecraft.client.renderer.GameRenderer/]: Failed to load shader: minecraft:shaders/post/defile.json
java.io.FileNotFoundException: minecraft:shaders/post/defile.json
	at net.minecraft.server.packs.resources.ResourceProvider.lambda$getResourceOrThrow$0(ResourceProvider.java:21) ~[forge-1.20.1-47.4.0_mapped_official_1.20.1.jar:?]
	at java.util.Optional.orElseThrow(Optional.java:403) ~[?:?]
	at net.minecraft.server.packs.resources.ResourceProvider.getResourceOrThrow(ResourceProvider.java:21) ~[forge-1.20.1-47.4.0_mapped_official_1.20.1.jar:?]
	at net.minecraft.client.renderer.PostChain.load(PostChain.java:58) ~[forge-1.20.1-47.4.0_mapped_official_1.20.1.jar:?]
	at net.minecraft.client.renderer.PostChain.<init>(PostChain.java:54) ~[forge-1.20.1-47.4.0_mapped_official_1.20.1.jar:?]
	at net.minecraft.client.renderer.GameRenderer.loadEffect(GameRenderer.java:341) ~[forge-1.20.1-47.4.0_mapped_official_1.20.1.jar:?]
	at net.minecraftforge.event.ForgeEventFactory.handler$zzh000$onRenderTickEnd(ForgeEventFactory.java:1274) ~[forge-1.20.1-47.4.0_mapped_official_1.20.1.jar:?]
	at net.minecraftforge.event.ForgeEventFactory.onRenderTickEnd(ForgeEventFactory.java) ~[forge-1.20.1-47.4.0_mapped_official_1.20.1.jar:?]
	at net.minecraft.client.Minecraft.runTick(Minecraft.java:1148) ~[forge-1.20.1-47.4.0_mapped_official_1.20.1.jar:?]
	at net.minecraft.client.Minecraft.run(Minecraft.java:718) ~[forge-1.20.1-47.4.0_mapped_official_1.20.1.jar:?]
	at net.minecraft.client.main.Main.main(Main.java:218) ~[forge-1.20.1-47.4.0_mapped_official_1.20.1.jar:?]
	at jdk.internal.reflect.NativeMethodAccessorImpl.invoke0(Native Method) ~[?:?]
	at jdk.internal.reflect.NativeMethodAccessorImpl.invoke(NativeMethodAccessorImpl.java:77) ~[?:?]
	at jdk.internal.reflect.DelegatingMethodAccessorImpl.invoke(DelegatingMethodAccessorImpl.java:43) ~[?:?]
	at java.lang.reflect.Method.invoke(Method.java:568) ~[?:?]
	at net.minecraftforge.fml.loading.targets.CommonLaunchHandler.runTarget(CommonLaunchHandler.java:111) ~[fmlloader-1.20.1-47.4.0.jar:?]
	at net.minecraftforge.fml.loading.targets.CommonLaunchHandler.clientService(CommonLaunchHandler.java:99) ~[fmlloader-1.20.1-47.4.0.jar:?]
	at net.minecraftforge.fml.loading.targets.ForgeClientUserdevLaunchHandler.devService(ForgeClientUserdevLaunchHandler.java:19) ~[fmlloader-1.20.1-47.4.0.jar:?]
	at net.minecraftforge.fml.loading.targets.CommonDevLaunchHandler.lambda$makeService$7(CommonDevLaunchHandler.java:135) ~[fmlloader-1.20.1-47.4.0.jar:?]
	at cpw.mods.modlauncher.LaunchServiceHandlerDecorator.launch(LaunchServiceHandlerDecorator.java:30) ~[modlauncher-10.0.9.jar:?]
	at cpw.mods.modlauncher.LaunchServiceHandler.launch(LaunchServiceHandler.java:53) ~[modlauncher-10.0.9.jar:?]
	at cpw.mods.modlauncher.LaunchServiceHandler.launch(LaunchServiceHandler.java:71) ~[modlauncher-10.0.9.jar:?]
	at cpw.mods.modlauncher.Launcher.run(Launcher.java:108) ~[modlauncher-10.0.9.jar:?]
	at cpw.mods.modlauncher.Launcher.main(Launcher.java:78) ~[modlauncher-10.0.9.jar:?]
	at cpw.mods.modlauncher.BootstrapLaunchConsumer.accept(BootstrapLaunchConsumer.java:26) ~[modlauncher-10.0.9.jar:?]
	at cpw.mods.modlauncher.BootstrapLaunchConsumer.accept(BootstrapLaunchConsumer.java:23) ~[modlauncher-10.0.9.jar:?]
	at cpw.mods.bootstraplauncher.BootstrapLauncher.main(BootstrapLauncher.java:141) ~[bootstraplauncher-1.1.2.jar:?]
[144月2025 01:12:11.138] [Render thread/WARN] [net.minecraft.client.renderer.GameRenderer/]: Failed to load shader: minecraft:shaders/post/defile.json
java.io.FileNotFoundException: minecraft:shaders/post/defile.json
	at net.minecraft.server.packs.resources.ResourceProvider.lambda$getResourceOrThrow$0(ResourceProvider.java:21) ~[forge-1.20.1-47.4.0_mapped_official_1.20.1.jar:?]
	at java.util.Optional.orElseThrow(Optional.java:403) ~[?:?]
	at net.minecraft.server.packs.resources.ResourceProvider.getResourceOrThrow(ResourceProvider.java:21) ~[forge-1.20.1-47.4.0_mapped_official_1.20.1.jar:?]
	at net.minecraft.client.renderer.PostChain.load(PostChain.java:58) ~[forge-1.20.1-47.4.0_mapped_official_1.20.1.jar:?]
	at net.minecraft.client.renderer.PostChain.<init>(PostChain.java:54) ~[forge-1.20.1-47.4.0_mapped_official_1.20.1.jar:?]
	at net.minecraft.client.renderer.GameRenderer.loadEffect(GameRenderer.java:341) ~[forge-1.20.1-47.4.0_mapped_official_1.20.1.jar:?]
	at net.minecraftforge.event.ForgeEventFactory.handler$zzh000$onRenderTickEnd(ForgeEventFactory.java:1274) ~[forge-1.20.1-47.4.0_mapped_official_1.20.1.jar:?]
	at net.minecraftforge.event.ForgeEventFactory.onRenderTickEnd(ForgeEventFactory.java) ~[forge-1.20.1-47.4.0_mapped_official_1.20.1.jar:?]
	at net.minecraft.client.Minecraft.runTick(Minecraft.java:1148) ~[forge-1.20.1-47.4.0_mapped_official_1.20.1.jar:?]
	at net.minecraft.client.Minecraft.run(Minecraft.java:718) ~[forge-1.20.1-47.4.0_mapped_official_1.20.1.jar:?]
	at net.minecraft.client.main.Main.main(Main.java:218) ~[forge-1.20.1-47.4.0_mapped_official_1.20.1.jar:?]
	at jdk.internal.reflect.NativeMethodAccessorImpl.invoke0(Native Method) ~[?:?]
	at jdk.internal.reflect.NativeMethodAccessorImpl.invoke(NativeMethodAccessorImpl.java:77) ~[?:?]
	at jdk.internal.reflect.DelegatingMethodAccessorImpl.invoke(DelegatingMethodAccessorImpl.java:43) ~[?:?]
	at java.lang.reflect.Method.invoke(Method.java:568) ~[?:?]
	at net.minecraftforge.fml.loading.targets.CommonLaunchHandler.runTarget(CommonLaunchHandler.java:111) ~[fmlloader-1.20.1-47.4.0.jar:?]
	at net.minecraftforge.fml.loading.targets.CommonLaunchHandler.clientService(CommonLaunchHandler.java:99) ~[fmlloader-1.20.1-47.4.0.jar:?]
	at net.minecraftforge.fml.loading.targets.ForgeClientUserdevLaunchHandler.devService(ForgeClientUserdevLaunchHandler.java:19) ~[fmlloader-1.20.1-47.4.0.jar:?]
	at net.minecraftforge.fml.loading.targets.CommonDevLaunchHandler.lambda$makeService$7(CommonDevLaunchHandler.java:135) ~[fmlloader-1.20.1-47.4.0.jar:?]
	at cpw.mods.modlauncher.LaunchServiceHandlerDecorator.launch(LaunchServiceHandlerDecorator.java:30) ~[modlauncher-10.0.9.jar:?]
	at cpw.mods.modlauncher.LaunchServiceHandler.launch(LaunchServiceHandler.java:53) ~[modlauncher-10.0.9.jar:?]
	at cpw.mods.modlauncher.LaunchServiceHandler.launch(LaunchServiceHandler.java:71) ~[modlauncher-10.0.9.jar:?]
	at cpw.mods.modlauncher.Launcher.run(Launcher.java:108) ~[modlauncher-10.0.9.jar:?]
	at cpw.mods.modlauncher.Launcher.main(Launcher.java:78) ~[modlauncher-10.0.9.jar:?]
	at cpw.mods.modlauncher.BootstrapLaunchConsumer.accept(BootstrapLaunchConsumer.java:26) ~[modlauncher-10.0.9.jar:?]
	at cpw.mods.modlauncher.BootstrapLaunchConsumer.accept(BootstrapLaunchConsumer.java:23) ~[modlauncher-10.0.9.jar:?]
	at cpw.mods.bootstraplauncher.BootstrapLauncher.main(BootstrapLauncher.java:141) ~[bootstraplauncher-1.1.2.jar:?]
[144月2025 01:12:11.153] [Render thread/WARN] [net.minecraft.client.renderer.GameRenderer/]: Failed to load shader: minecraft:shaders/post/defile.json
java.io.FileNotFoundException: minecraft:shaders/post/defile.json
	at net.minecraft.server.packs.resources.ResourceProvider.lambda$getResourceOrThrow$0(ResourceProvider.java:21) ~[forge-1.20.1-47.4.0_mapped_official_1.20.1.jar:?]
	at java.util.Optional.orElseThrow(Optional.java:403) ~[?:?]
	at net.minecraft.server.packs.resources.ResourceProvider.getResourceOrThrow(ResourceProvider.java:21) ~[forge-1.20.1-47.4.0_mapped_official_1.20.1.jar:?]
	at net.minecraft.client.renderer.PostChain.load(PostChain.java:58) ~[forge-1.20.1-47.4.0_mapped_official_1.20.1.jar:?]
	at net.minecraft.client.renderer.PostChain.<init>(PostChain.java:54) ~[forge-1.20.1-47.4.0_mapped_official_1.20.1.jar:?]
	at net.minecraft.client.renderer.GameRenderer.loadEffect(GameRenderer.java:341) ~[forge-1.20.1-47.4.0_mapped_official_1.20.1.jar:?]
	at net.minecraftforge.event.ForgeEventFactory.handler$zzh000$onRenderTickEnd(ForgeEventFactory.java:1274) ~[forge-1.20.1-47.4.0_mapped_official_1.20.1.jar:?]
	at net.minecraftforge.event.ForgeEventFactory.onRenderTickEnd(ForgeEventFactory.java) ~[forge-1.20.1-47.4.0_mapped_official_1.20.1.jar:?]
	at net.minecraft.client.Minecraft.runTick(Minecraft.java:1148) ~[forge-1.20.1-47.4.0_mapped_official_1.20.1.jar:?]
	at net.minecraft.client.Minecraft.run(Minecraft.java:718) ~[forge-1.20.1-47.4.0_mapped_official_1.20.1.jar:?]
	at net.minecraft.client.main.Main.main(Main.java:218) ~[forge-1.20.1-47.4.0_mapped_official_1.20.1.jar:?]
	at jdk.internal.reflect.NativeMethodAccessorImpl.invoke0(Native Method) ~[?:?]
	at jdk.internal.reflect.NativeMethodAccessorImpl.invoke(NativeMethodAccessorImpl.java:77) ~[?:?]
	at jdk.internal.reflect.DelegatingMethodAccessorImpl.invoke(DelegatingMethodAccessorImpl.java:43) ~[?:?]
	at java.lang.reflect.Method.invoke(Method.java:568) ~[?:?]
	at net.minecraftforge.fml.loading.targets.CommonLaunchHandler.runTarget(CommonLaunchHandler.java:111) ~[fmlloader-1.20.1-47.4.0.jar:?]
	at net.minecraftforge.fml.loading.targets.CommonLaunchHandler.clientService(CommonLaunchHandler.java:99) ~[fmlloader-1.20.1-47.4.0.jar:?]
	at net.minecraftforge.fml.loading.targets.ForgeClientUserdevLaunchHandler.devService(ForgeClientUserdevLaunchHandler.java:19) ~[fmlloader-1.20.1-47.4.0.jar:?]
	at net.minecraftforge.fml.loading.targets.CommonDevLaunchHandler.lambda$makeService$7(CommonDevLaunchHandler.java:135) ~[fmlloader-1.20.1-47.4.0.jar:?]
	at cpw.mods.modlauncher.LaunchServiceHandlerDecorator.launch(LaunchServiceHandlerDecorator.java:30) ~[modlauncher-10.0.9.jar:?]
	at cpw.mods.modlauncher.LaunchServiceHandler.launch(LaunchServiceHandler.java:53) ~[modlauncher-10.0.9.jar:?]
	at cpw.mods.modlauncher.LaunchServiceHandler.launch(LaunchServiceHandler.java:71) ~[modlauncher-10.0.9.jar:?]
	at cpw.mods.modlauncher.Launcher.run(Launcher.java:108) ~[modlauncher-10.0.9.jar:?]
	at cpw.mods.modlauncher.Launcher.main(Launcher.java:78) ~[modlauncher-10.0.9.jar:?]
	at cpw.mods.modlauncher.BootstrapLaunchConsumer.accept(BootstrapLaunchConsumer.java:26) ~[modlauncher-10.0.9.jar:?]
	at cpw.mods.modlauncher.BootstrapLaunchConsumer.accept(BootstrapLaunchConsumer.java:23) ~[modlauncher-10.0.9.jar:?]
	at cpw.mods.bootstraplauncher.BootstrapLauncher.main(BootstrapLauncher.java:141) ~[bootstraplauncher-1.1.2.jar:?]
[144月2025 01:12:11.167] [Render thread/WARN] [net.minecraft.client.renderer.GameRenderer/]: Failed to load shader: minecraft:shaders/post/defile.json
java.io.FileNotFoundException: minecraft:shaders/post/defile.json
	at net.minecraft.server.packs.resources.ResourceProvider.lambda$getResourceOrThrow$0(ResourceProvider.java:21) ~[forge-1.20.1-47.4.0_mapped_official_1.20.1.jar:?]
	at java.util.Optional.orElseThrow(Optional.java:403) ~[?:?]
	at net.minecraft.server.packs.resources.ResourceProvider.getResourceOrThrow(ResourceProvider.java:21) ~[forge-1.20.1-47.4.0_mapped_official_1.20.1.jar:?]
	at net.minecraft.client.renderer.PostChain.load(PostChain.java:58) ~[forge-1.20.1-47.4.0_mapped_official_1.20.1.jar:?]
	at net.minecraft.client.renderer.PostChain.<init>(PostChain.java:54) ~[forge-1.20.1-47.4.0_mapped_official_1.20.1.jar:?]
	at net.minecraft.client.renderer.GameRenderer.loadEffect(GameRenderer.java:341) ~[forge-1.20.1-47.4.0_mapped_official_1.20.1.jar:?]
	at net.minecraftforge.event.ForgeEventFactory.handler$zzh000$onRenderTickEnd(ForgeEventFactory.java:1274) ~[forge-1.20.1-47.4.0_mapped_official_1.20.1.jar:?]
	at net.minecraftforge.event.ForgeEventFactory.onRenderTickEnd(ForgeEventFactory.java) ~[forge-1.20.1-47.4.0_mapped_official_1.20.1.jar:?]
	at net.minecraft.client.Minecraft.runTick(Minecraft.java:1148) ~[forge-1.20.1-47.4.0_mapped_official_1.20.1.jar:?]
	at net.minecraft.client.Minecraft.run(Minecraft.java:718) ~[forge-1.20.1-47.4.0_mapped_official_1.20.1.jar:?]
	at net.minecraft.client.main.Main.main(Main.java:218) ~[forge-1.20.1-47.4.0_mapped_official_1.20.1.jar:?]
	at jdk.internal.reflect.NativeMethodAccessorImpl.invoke0(Native Method) ~[?:?]
	at jdk.internal.reflect.NativeMethodAccessorImpl.invoke(NativeMethodAccessorImpl.java:77) ~[?:?]
	at jdk.internal.reflect.DelegatingMethodAccessorImpl.invoke(DelegatingMethodAccessorImpl.java:43) ~[?:?]
	at java.lang.reflect.Method.invoke(Method.java:568) ~[?:?]
	at net.minecraftforge.fml.loading.targets.CommonLaunchHandler.runTarget(CommonLaunchHandler.java:111) ~[fmlloader-1.20.1-47.4.0.jar:?]
	at net.minecraftforge.fml.loading.targets.CommonLaunchHandler.clientService(CommonLaunchHandler.java:99) ~[fmlloader-1.20.1-47.4.0.jar:?]
	at net.minecraftforge.fml.loading.targets.ForgeClientUserdevLaunchHandler.devService(ForgeClientUserdevLaunchHandler.java:19) ~[fmlloader-1.20.1-47.4.0.jar:?]
	at net.minecraftforge.fml.loading.targets.CommonDevLaunchHandler.lambda$makeService$7(CommonDevLaunchHandler.java:135) ~[fmlloader-1.20.1-47.4.0.jar:?]
	at cpw.mods.modlauncher.LaunchServiceHandlerDecorator.launch(LaunchServiceHandlerDecorator.java:30) ~[modlauncher-10.0.9.jar:?]
	at cpw.mods.modlauncher.LaunchServiceHandler.launch(LaunchServiceHandler.java:53) ~[modlauncher-10.0.9.jar:?]
	at cpw.mods.modlauncher.LaunchServiceHandler.launch(LaunchServiceHandler.java:71) ~[modlauncher-10.0.9.jar:?]
	at cpw.mods.modlauncher.Launcher.run(Launcher.java:108) ~[modlauncher-10.0.9.jar:?]
	at cpw.mods.modlauncher.Launcher.main(Launcher.java:78) ~[modlauncher-10.0.9.jar:?]
	at cpw.mods.modlauncher.BootstrapLaunchConsumer.accept(BootstrapLaunchConsumer.java:26) ~[modlauncher-10.0.9.jar:?]
	at cpw.mods.modlauncher.BootstrapLaunchConsumer.accept(BootstrapLaunchConsumer.java:23) ~[modlauncher-10.0.9.jar:?]
	at cpw.mods.bootstraplauncher.BootstrapLauncher.main(BootstrapLauncher.java:141) ~[bootstraplauncher-1.1.2.jar:?]
[144月2025 01:12:11.183] [Render thread/WARN] [net.minecraft.client.renderer.GameRenderer/]: Failed to load shader: minecraft:shaders/post/defile.json
java.io.FileNotFoundException: minecraft:shaders/post/defile.json
	at net.minecraft.server.packs.resources.ResourceProvider.lambda$getResourceOrThrow$0(ResourceProvider.java:21) ~[forge-1.20.1-47.4.0_mapped_official_1.20.1.jar:?]
	at java.util.Optional.orElseThrow(Optional.java:403) ~[?:?]
	at net.minecraft.server.packs.resources.ResourceProvider.getResourceOrThrow(ResourceProvider.java:21) ~[forge-1.20.1-47.4.0_mapped_official_1.20.1.jar:?]
	at net.minecraft.client.renderer.PostChain.load(PostChain.java:58) ~[forge-1.20.1-47.4.0_mapped_official_1.20.1.jar:?]
	at net.minecraft.client.renderer.PostChain.<init>(PostChain.java:54) ~[forge-1.20.1-47.4.0_mapped_official_1.20.1.jar:?]
	at net.minecraft.client.renderer.GameRenderer.loadEffect(GameRenderer.java:341) ~[forge-1.20.1-47.4.0_mapped_official_1.20.1.jar:?]
	at net.minecraftforge.event.ForgeEventFactory.handler$zzh000$onRenderTickEnd(ForgeEventFactory.java:1274) ~[forge-1.20.1-47.4.0_mapped_official_1.20.1.jar:?]
	at net.minecraftforge.event.ForgeEventFactory.onRenderTickEnd(ForgeEventFactory.java) ~[forge-1.20.1-47.4.0_mapped_official_1.20.1.jar:?]
	at net.minecraft.client.Minecraft.runTick(Minecraft.java:1148) ~[forge-1.20.1-47.4.0_mapped_official_1.20.1.jar:?]
	at net.minecraft.client.Minecraft.run(Minecraft.java:718) ~[forge-1.20.1-47.4.0_mapped_official_1.20.1.jar:?]
	at net.minecraft.client.main.Main.main(Main.java:218) ~[forge-1.20.1-47.4.0_mapped_official_1.20.1.jar:?]
	at jdk.internal.reflect.NativeMethodAccessorImpl.invoke0(Native Method) ~[?:?]
	at jdk.internal.reflect.NativeMethodAccessorImpl.invoke(NativeMethodAccessorImpl.java:77) ~[?:?]
	at jdk.internal.reflect.DelegatingMethodAccessorImpl.invoke(DelegatingMethodAccessorImpl.java:43) ~[?:?]
	at java.lang.reflect.Method.invoke(Method.java:568) ~[?:?]
	at net.minecraftforge.fml.loading.targets.CommonLaunchHandler.runTarget(CommonLaunchHandler.java:111) ~[fmlloader-1.20.1-47.4.0.jar:?]
	at net.minecraftforge.fml.loading.targets.CommonLaunchHandler.clientService(CommonLaunchHandler.java:99) ~[fmlloader-1.20.1-47.4.0.jar:?]
	at net.minecraftforge.fml.loading.targets.ForgeClientUserdevLaunchHandler.devService(ForgeClientUserdevLaunchHandler.java:19) ~[fmlloader-1.20.1-47.4.0.jar:?]
	at net.minecraftforge.fml.loading.targets.CommonDevLaunchHandler.lambda$makeService$7(CommonDevLaunchHandler.java:135) ~[fmlloader-1.20.1-47.4.0.jar:?]
	at cpw.mods.modlauncher.LaunchServiceHandlerDecorator.launch(LaunchServiceHandlerDecorator.java:30) ~[modlauncher-10.0.9.jar:?]
	at cpw.mods.modlauncher.LaunchServiceHandler.launch(LaunchServiceHandler.java:53) ~[modlauncher-10.0.9.jar:?]
	at cpw.mods.modlauncher.LaunchServiceHandler.launch(LaunchServiceHandler.java:71) ~[modlauncher-10.0.9.jar:?]
	at cpw.mods.modlauncher.Launcher.run(Launcher.java:108) ~[modlauncher-10.0.9.jar:?]
	at cpw.mods.modlauncher.Launcher.main(Launcher.java:78) ~[modlauncher-10.0.9.jar:?]
	at cpw.mods.modlauncher.BootstrapLaunchConsumer.accept(BootstrapLaunchConsumer.java:26) ~[modlauncher-10.0.9.jar:?]
	at cpw.mods.modlauncher.BootstrapLaunchConsumer.accept(BootstrapLaunchConsumer.java:23) ~[modlauncher-10.0.9.jar:?]
	at cpw.mods.bootstraplauncher.BootstrapLauncher.main(BootstrapLauncher.java:141) ~[bootstraplauncher-1.1.2.jar:?]
[144月2025 01:12:11.202] [Render thread/WARN] [net.minecraft.client.renderer.GameRenderer/]: Failed to load shader: minecraft:shaders/post/defile.json
java.io.FileNotFoundException: minecraft:shaders/post/defile.json
	at net.minecraft.server.packs.resources.ResourceProvider.lambda$getResourceOrThrow$0(ResourceProvider.java:21) ~[forge-1.20.1-47.4.0_mapped_official_1.20.1.jar:?]
	at java.util.Optional.orElseThrow(Optional.java:403) ~[?:?]
	at net.minecraft.server.packs.resources.ResourceProvider.getResourceOrThrow(ResourceProvider.java:21) ~[forge-1.20.1-47.4.0_mapped_official_1.20.1.jar:?]
	at net.minecraft.client.renderer.PostChain.load(PostChain.java:58) ~[forge-1.20.1-47.4.0_mapped_official_1.20.1.jar:?]
	at net.minecraft.client.renderer.PostChain.<init>(PostChain.java:54) ~[forge-1.20.1-47.4.0_mapped_official_1.20.1.jar:?]
	at net.minecraft.client.renderer.GameRenderer.loadEffect(GameRenderer.java:341) ~[forge-1.20.1-47.4.0_mapped_official_1.20.1.jar:?]
	at net.minecraftforge.event.ForgeEventFactory.handler$zzh000$onRenderTickEnd(ForgeEventFactory.java:1274) ~[forge-1.20.1-47.4.0_mapped_official_1.20.1.jar:?]
	at net.minecraftforge.event.ForgeEventFactory.onRenderTickEnd(ForgeEventFactory.java) ~[forge-1.20.1-47.4.0_mapped_official_1.20.1.jar:?]
	at net.minecraft.client.Minecraft.runTick(Minecraft.java:1148) ~[forge-1.20.1-47.4.0_mapped_official_1.20.1.jar:?]
	at net.minecraft.client.Minecraft.run(Minecraft.java:718) ~[forge-1.20.1-47.4.0_mapped_official_1.20.1.jar:?]
	at net.minecraft.client.main.Main.main(Main.java:218) ~[forge-1.20.1-47.4.0_mapped_official_1.20.1.jar:?]
	at jdk.internal.reflect.NativeMethodAccessorImpl.invoke0(Native Method) ~[?:?]
	at jdk.internal.reflect.NativeMethodAccessorImpl.invoke(NativeMethodAccessorImpl.java:77) ~[?:?]
	at jdk.internal.reflect.DelegatingMethodAccessorImpl.invoke(DelegatingMethodAccessorImpl.java:43) ~[?:?]
	at java.lang.reflect.Method.invoke(Method.java:568) ~[?:?]
	at net.minecraftforge.fml.loading.targets.CommonLaunchHandler.runTarget(CommonLaunchHandler.java:111) ~[fmlloader-1.20.1-47.4.0.jar:?]
	at net.minecraftforge.fml.loading.targets.CommonLaunchHandler.clientService(CommonLaunchHandler.java:99) ~[fmlloader-1.20.1-47.4.0.jar:?]
	at net.minecraftforge.fml.loading.targets.ForgeClientUserdevLaunchHandler.devService(ForgeClientUserdevLaunchHandler.java:19) ~[fmlloader-1.20.1-47.4.0.jar:?]
	at net.minecraftforge.fml.loading.targets.CommonDevLaunchHandler.lambda$makeService$7(CommonDevLaunchHandler.java:135) ~[fmlloader-1.20.1-47.4.0.jar:?]
	at cpw.mods.modlauncher.LaunchServiceHandlerDecorator.launch(LaunchServiceHandlerDecorator.java:30) ~[modlauncher-10.0.9.jar:?]
	at cpw.mods.modlauncher.LaunchServiceHandler.launch(LaunchServiceHandler.java:53) ~[modlauncher-10.0.9.jar:?]
	at cpw.mods.modlauncher.LaunchServiceHandler.launch(LaunchServiceHandler.java:71) ~[modlauncher-10.0.9.jar:?]
	at cpw.mods.modlauncher.Launcher.run(Launcher.java:108) ~[modlauncher-10.0.9.jar:?]
	at cpw.mods.modlauncher.Launcher.main(Launcher.java:78) ~[modlauncher-10.0.9.jar:?]
	at cpw.mods.modlauncher.BootstrapLaunchConsumer.accept(BootstrapLaunchConsumer.java:26) ~[modlauncher-10.0.9.jar:?]
	at cpw.mods.modlauncher.BootstrapLaunchConsumer.accept(BootstrapLaunchConsumer.java:23) ~[modlauncher-10.0.9.jar:?]
	at cpw.mods.bootstraplauncher.BootstrapLauncher.main(BootstrapLauncher.java:141) ~[bootstraplauncher-1.1.2.jar:?]
[144月2025 01:12:11.218] [Render thread/WARN] [net.minecraft.client.renderer.GameRenderer/]: Failed to load shader: minecraft:shaders/post/defile.json
java.io.FileNotFoundException: minecraft:shaders/post/defile.json
	at net.minecraft.server.packs.resources.ResourceProvider.lambda$getResourceOrThrow$0(ResourceProvider.java:21) ~[forge-1.20.1-47.4.0_mapped_official_1.20.1.jar:?]
	at java.util.Optional.orElseThrow(Optional.java:403) ~[?:?]
	at net.minecraft.server.packs.resources.ResourceProvider.getResourceOrThrow(ResourceProvider.java:21) ~[forge-1.20.1-47.4.0_mapped_official_1.20.1.jar:?]
	at net.minecraft.client.renderer.PostChain.load(PostChain.java:58) ~[forge-1.20.1-47.4.0_mapped_official_1.20.1.jar:?]
	at net.minecraft.client.renderer.PostChain.<init>(PostChain.java:54) ~[forge-1.20.1-47.4.0_mapped_official_1.20.1.jar:?]
	at net.minecraft.client.renderer.GameRenderer.loadEffect(GameRenderer.java:341) ~[forge-1.20.1-47.4.0_mapped_official_1.20.1.jar:?]
	at net.minecraftforge.event.ForgeEventFactory.handler$zzh000$onRenderTickEnd(ForgeEventFactory.java:1274) ~[forge-1.20.1-47.4.0_mapped_official_1.20.1.jar:?]
	at net.minecraftforge.event.ForgeEventFactory.onRenderTickEnd(ForgeEventFactory.java) ~[forge-1.20.1-47.4.0_mapped_official_1.20.1.jar:?]
	at net.minecraft.client.Minecraft.runTick(Minecraft.java:1148) ~[forge-1.20.1-47.4.0_mapped_official_1.20.1.jar:?]
	at net.minecraft.client.Minecraft.run(Minecraft.java:718) ~[forge-1.20.1-47.4.0_mapped_official_1.20.1.jar:?]
	at net.minecraft.client.main.Main.main(Main.java:218) ~[forge-1.20.1-47.4.0_mapped_official_1.20.1.jar:?]
	at jdk.internal.reflect.NativeMethodAccessorImpl.invoke0(Native Method) ~[?:?]
	at jdk.internal.reflect.NativeMethodAccessorImpl.invoke(NativeMethodAccessorImpl.java:77) ~[?:?]
	at jdk.internal.reflect.DelegatingMethodAccessorImpl.invoke(DelegatingMethodAccessorImpl.java:43) ~[?:?]
	at java.lang.reflect.Method.invoke(Method.java:568) ~[?:?]
	at net.minecraftforge.fml.loading.targets.CommonLaunchHandler.runTarget(CommonLaunchHandler.java:111) ~[fmlloader-1.20.1-47.4.0.jar:?]
	at net.minecraftforge.fml.loading.targets.CommonLaunchHandler.clientService(CommonLaunchHandler.java:99) ~[fmlloader-1.20.1-47.4.0.jar:?]
	at net.minecraftforge.fml.loading.targets.ForgeClientUserdevLaunchHandler.devService(ForgeClientUserdevLaunchHandler.java:19) ~[fmlloader-1.20.1-47.4.0.jar:?]
	at net.minecraftforge.fml.loading.targets.CommonDevLaunchHandler.lambda$makeService$7(CommonDevLaunchHandler.java:135) ~[fmlloader-1.20.1-47.4.0.jar:?]
	at cpw.mods.modlauncher.LaunchServiceHandlerDecorator.launch(LaunchServiceHandlerDecorator.java:30) ~[modlauncher-10.0.9.jar:?]
	at cpw.mods.modlauncher.LaunchServiceHandler.launch(LaunchServiceHandler.java:53) ~[modlauncher-10.0.9.jar:?]
	at cpw.mods.modlauncher.LaunchServiceHandler.launch(LaunchServiceHandler.java:71) ~[modlauncher-10.0.9.jar:?]
	at cpw.mods.modlauncher.Launcher.run(Launcher.java:108) ~[modlauncher-10.0.9.jar:?]
	at cpw.mods.modlauncher.Launcher.main(Launcher.java:78) ~[modlauncher-10.0.9.jar:?]
	at cpw.mods.modlauncher.BootstrapLaunchConsumer.accept(BootstrapLaunchConsumer.java:26) ~[modlauncher-10.0.9.jar:?]
	at cpw.mods.modlauncher.BootstrapLaunchConsumer.accept(BootstrapLaunchConsumer.java:23) ~[modlauncher-10.0.9.jar:?]
	at cpw.mods.bootstraplauncher.BootstrapLauncher.main(BootstrapLauncher.java:141) ~[bootstraplauncher-1.1.2.jar:?]
[144月2025 01:12:11.233] [Render thread/WARN] [net.minecraft.client.renderer.GameRenderer/]: Failed to load shader: minecraft:shaders/post/defile.json
java.io.FileNotFoundException: minecraft:shaders/post/defile.json
	at net.minecraft.server.packs.resources.ResourceProvider.lambda$getResourceOrThrow$0(ResourceProvider.java:21) ~[forge-1.20.1-47.4.0_mapped_official_1.20.1.jar:?]
	at java.util.Optional.orElseThrow(Optional.java:403) ~[?:?]
	at net.minecraft.server.packs.resources.ResourceProvider.getResourceOrThrow(ResourceProvider.java:21) ~[forge-1.20.1-47.4.0_mapped_official_1.20.1.jar:?]
	at net.minecraft.client.renderer.PostChain.load(PostChain.java:58) ~[forge-1.20.1-47.4.0_mapped_official_1.20.1.jar:?]
	at net.minecraft.client.renderer.PostChain.<init>(PostChain.java:54) ~[forge-1.20.1-47.4.0_mapped_official_1.20.1.jar:?]
	at net.minecraft.client.renderer.GameRenderer.loadEffect(GameRenderer.java:341) ~[forge-1.20.1-47.4.0_mapped_official_1.20.1.jar:?]
	at net.minecraftforge.event.ForgeEventFactory.handler$zzh000$onRenderTickEnd(ForgeEventFactory.java:1274) ~[forge-1.20.1-47.4.0_mapped_official_1.20.1.jar:?]
	at net.minecraftforge.event.ForgeEventFactory.onRenderTickEnd(ForgeEventFactory.java) ~[forge-1.20.1-47.4.0_mapped_official_1.20.1.jar:?]
	at net.minecraft.client.Minecraft.runTick(Minecraft.java:1148) ~[forge-1.20.1-47.4.0_mapped_official_1.20.1.jar:?]
	at net.minecraft.client.Minecraft.run(Minecraft.java:718) ~[forge-1.20.1-47.4.0_mapped_official_1.20.1.jar:?]
	at net.minecraft.client.main.Main.main(Main.java:218) ~[forge-1.20.1-47.4.0_mapped_official_1.20.1.jar:?]
	at jdk.internal.reflect.NativeMethodAccessorImpl.invoke0(Native Method) ~[?:?]
	at jdk.internal.reflect.NativeMethodAccessorImpl.invoke(NativeMethodAccessorImpl.java:77) ~[?:?]
	at jdk.internal.reflect.DelegatingMethodAccessorImpl.invoke(DelegatingMethodAccessorImpl.java:43) ~[?:?]
	at java.lang.reflect.Method.invoke(Method.java:568) ~[?:?]
	at net.minecraftforge.fml.loading.targets.CommonLaunchHandler.runTarget(CommonLaunchHandler.java:111) ~[fmlloader-1.20.1-47.4.0.jar:?]
	at net.minecraftforge.fml.loading.targets.CommonLaunchHandler.clientService(CommonLaunchHandler.java:99) ~[fmlloader-1.20.1-47.4.0.jar:?]
	at net.minecraftforge.fml.loading.targets.ForgeClientUserdevLaunchHandler.devService(ForgeClientUserdevLaunchHandler.java:19) ~[fmlloader-1.20.1-47.4.0.jar:?]
	at net.minecraftforge.fml.loading.targets.CommonDevLaunchHandler.lambda$makeService$7(CommonDevLaunchHandler.java:135) ~[fmlloader-1.20.1-47.4.0.jar:?]
	at cpw.mods.modlauncher.LaunchServiceHandlerDecorator.launch(LaunchServiceHandlerDecorator.java:30) ~[modlauncher-10.0.9.jar:?]
	at cpw.mods.modlauncher.LaunchServiceHandler.launch(LaunchServiceHandler.java:53) ~[modlauncher-10.0.9.jar:?]
	at cpw.mods.modlauncher.LaunchServiceHandler.launch(LaunchServiceHandler.java:71) ~[modlauncher-10.0.9.jar:?]
	at cpw.mods.modlauncher.Launcher.run(Launcher.java:108) ~[modlauncher-10.0.9.jar:?]
	at cpw.mods.modlauncher.Launcher.main(Launcher.java:78) ~[modlauncher-10.0.9.jar:?]
	at cpw.mods.modlauncher.BootstrapLaunchConsumer.accept(BootstrapLaunchConsumer.java:26) ~[modlauncher-10.0.9.jar:?]
	at cpw.mods.modlauncher.BootstrapLaunchConsumer.accept(BootstrapLaunchConsumer.java:23) ~[modlauncher-10.0.9.jar:?]
	at cpw.mods.bootstraplauncher.BootstrapLauncher.main(BootstrapLauncher.java:141) ~[bootstraplauncher-1.1.2.jar:?]
[144月2025 01:12:11.251] [Render thread/WARN] [net.minecraft.client.renderer.GameRenderer/]: Failed to load shader: minecraft:shaders/post/defile.json
java.io.FileNotFoundException: minecraft:shaders/post/defile.json
	at net.minecraft.server.packs.resources.ResourceProvider.lambda$getResourceOrThrow$0(ResourceProvider.java:21) ~[forge-1.20.1-47.4.0_mapped_official_1.20.1.jar:?]
	at java.util.Optional.orElseThrow(Optional.java:403) ~[?:?]
	at net.minecraft.server.packs.resources.ResourceProvider.getResourceOrThrow(ResourceProvider.java:21) ~[forge-1.20.1-47.4.0_mapped_official_1.20.1.jar:?]
	at net.minecraft.client.renderer.PostChain.load(PostChain.java:58) ~[forge-1.20.1-47.4.0_mapped_official_1.20.1.jar:?]
	at net.minecraft.client.renderer.PostChain.<init>(PostChain.java:54) ~[forge-1.20.1-47.4.0_mapped_official_1.20.1.jar:?]
	at net.minecraft.client.renderer.GameRenderer.loadEffect(GameRenderer.java:341) ~[forge-1.20.1-47.4.0_mapped_official_1.20.1.jar:?]
	at net.minecraftforge.event.ForgeEventFactory.handler$zzh000$onRenderTickEnd(ForgeEventFactory.java:1274) ~[forge-1.20.1-47.4.0_mapped_official_1.20.1.jar:?]
	at net.minecraftforge.event.ForgeEventFactory.onRenderTickEnd(ForgeEventFactory.java) ~[forge-1.20.1-47.4.0_mapped_official_1.20.1.jar:?]
	at net.minecraft.client.Minecraft.runTick(Minecraft.java:1148) ~[forge-1.20.1-47.4.0_mapped_official_1.20.1.jar:?]
	at net.minecraft.client.Minecraft.run(Minecraft.java:718) ~[forge-1.20.1-47.4.0_mapped_official_1.20.1.jar:?]
	at net.minecraft.client.main.Main.main(Main.java:218) ~[forge-1.20.1-47.4.0_mapped_official_1.20.1.jar:?]
	at jdk.internal.reflect.NativeMethodAccessorImpl.invoke0(Native Method) ~[?:?]
	at jdk.internal.reflect.NativeMethodAccessorImpl.invoke(NativeMethodAccessorImpl.java:77) ~[?:?]
	at jdk.internal.reflect.DelegatingMethodAccessorImpl.invoke(DelegatingMethodAccessorImpl.java:43) ~[?:?]
	at java.lang.reflect.Method.invoke(Method.java:568) ~[?:?]
	at net.minecraftforge.fml.loading.targets.CommonLaunchHandler.runTarget(CommonLaunchHandler.java:111) ~[fmlloader-1.20.1-47.4.0.jar:?]
	at net.minecraftforge.fml.loading.targets.CommonLaunchHandler.clientService(CommonLaunchHandler.java:99) ~[fmlloader-1.20.1-47.4.0.jar:?]
	at net.minecraftforge.fml.loading.targets.ForgeClientUserdevLaunchHandler.devService(ForgeClientUserdevLaunchHandler.java:19) ~[fmlloader-1.20.1-47.4.0.jar:?]
	at net.minecraftforge.fml.loading.targets.CommonDevLaunchHandler.lambda$makeService$7(CommonDevLaunchHandler.java:135) ~[fmlloader-1.20.1-47.4.0.jar:?]
	at cpw.mods.modlauncher.LaunchServiceHandlerDecorator.launch(LaunchServiceHandlerDecorator.java:30) ~[modlauncher-10.0.9.jar:?]
	at cpw.mods.modlauncher.LaunchServiceHandler.launch(LaunchServiceHandler.java:53) ~[modlauncher-10.0.9.jar:?]
	at cpw.mods.modlauncher.LaunchServiceHandler.launch(LaunchServiceHandler.java:71) ~[modlauncher-10.0.9.jar:?]
	at cpw.mods.modlauncher.Launcher.run(Launcher.java:108) ~[modlauncher-10.0.9.jar:?]
	at cpw.mods.modlauncher.Launcher.main(Launcher.java:78) ~[modlauncher-10.0.9.jar:?]
	at cpw.mods.modlauncher.BootstrapLaunchConsumer.accept(BootstrapLaunchConsumer.java:26) ~[modlauncher-10.0.9.jar:?]
	at cpw.mods.modlauncher.BootstrapLaunchConsumer.accept(BootstrapLaunchConsumer.java:23) ~[modlauncher-10.0.9.jar:?]
	at cpw.mods.bootstraplauncher.BootstrapLauncher.main(BootstrapLauncher.java:141) ~[bootstraplauncher-1.1.2.jar:?]
[144月2025 01:12:11.268] [Render thread/WARN] [net.minecraft.client.renderer.GameRenderer/]: Failed to load shader: minecraft:shaders/post/defile.json
java.io.FileNotFoundException: minecraft:shaders/post/defile.json
	at net.minecraft.server.packs.resources.ResourceProvider.lambda$getResourceOrThrow$0(ResourceProvider.java:21) ~[forge-1.20.1-47.4.0_mapped_official_1.20.1.jar:?]
	at java.util.Optional.orElseThrow(Optional.java:403) ~[?:?]
	at net.minecraft.server.packs.resources.ResourceProvider.getResourceOrThrow(ResourceProvider.java:21) ~[forge-1.20.1-47.4.0_mapped_official_1.20.1.jar:?]
	at net.minecraft.client.renderer.PostChain.load(PostChain.java:58) ~[forge-1.20.1-47.4.0_mapped_official_1.20.1.jar:?]
	at net.minecraft.client.renderer.PostChain.<init>(PostChain.java:54) ~[forge-1.20.1-47.4.0_mapped_official_1.20.1.jar:?]
	at net.minecraft.client.renderer.GameRenderer.loadEffect(GameRenderer.java:341) ~[forge-1.20.1-47.4.0_mapped_official_1.20.1.jar:?]
	at net.minecraftforge.event.ForgeEventFactory.handler$zzh000$onRenderTickEnd(ForgeEventFactory.java:1274) ~[forge-1.20.1-47.4.0_mapped_official_1.20.1.jar:?]
	at net.minecraftforge.event.ForgeEventFactory.onRenderTickEnd(ForgeEventFactory.java) ~[forge-1.20.1-47.4.0_mapped_official_1.20.1.jar:?]
	at net.minecraft.client.Minecraft.runTick(Minecraft.java:1148) ~[forge-1.20.1-47.4.0_mapped_official_1.20.1.jar:?]
	at net.minecraft.client.Minecraft.run(Minecraft.java:718) ~[forge-1.20.1-47.4.0_mapped_official_1.20.1.jar:?]
	at net.minecraft.client.main.Main.main(Main.java:218) ~[forge-1.20.1-47.4.0_mapped_official_1.20.1.jar:?]
	at jdk.internal.reflect.NativeMethodAccessorImpl.invoke0(Native Method) ~[?:?]
	at jdk.internal.reflect.NativeMethodAccessorImpl.invoke(NativeMethodAccessorImpl.java:77) ~[?:?]
	at jdk.internal.reflect.DelegatingMethodAccessorImpl.invoke(DelegatingMethodAccessorImpl.java:43) ~[?:?]
	at java.lang.reflect.Method.invoke(Method.java:568) ~[?:?]
	at net.minecraftforge.fml.loading.targets.CommonLaunchHandler.runTarget(CommonLaunchHandler.java:111) ~[fmlloader-1.20.1-47.4.0.jar:?]
	at net.minecraftforge.fml.loading.targets.CommonLaunchHandler.clientService(CommonLaunchHandler.java:99) ~[fmlloader-1.20.1-47.4.0.jar:?]
	at net.minecraftforge.fml.loading.targets.ForgeClientUserdevLaunchHandler.devService(ForgeClientUserdevLaunchHandler.java:19) ~[fmlloader-1.20.1-47.4.0.jar:?]
	at net.minecraftforge.fml.loading.targets.CommonDevLaunchHandler.lambda$makeService$7(CommonDevLaunchHandler.java:135) ~[fmlloader-1.20.1-47.4.0.jar:?]
	at cpw.mods.modlauncher.LaunchServiceHandlerDecorator.launch(LaunchServiceHandlerDecorator.java:30) ~[modlauncher-10.0.9.jar:?]
	at cpw.mods.modlauncher.LaunchServiceHandler.launch(LaunchServiceHandler.java:53) ~[modlauncher-10.0.9.jar:?]
	at cpw.mods.modlauncher.LaunchServiceHandler.launch(LaunchServiceHandler.java:71) ~[modlauncher-10.0.9.jar:?]
	at cpw.mods.modlauncher.Launcher.run(Launcher.java:108) ~[modlauncher-10.0.9.jar:?]
	at cpw.mods.modlauncher.Launcher.main(Launcher.java:78) ~[modlauncher-10.0.9.jar:?]
	at cpw.mods.modlauncher.BootstrapLaunchConsumer.accept(BootstrapLaunchConsumer.java:26) ~[modlauncher-10.0.9.jar:?]
	at cpw.mods.modlauncher.BootstrapLaunchConsumer.accept(BootstrapLaunchConsumer.java:23) ~[modlauncher-10.0.9.jar:?]
	at cpw.mods.bootstraplauncher.BootstrapLauncher.main(BootstrapLauncher.java:141) ~[bootstraplauncher-1.1.2.jar:?]
[144月2025 01:12:11.285] [Render thread/WARN] [net.minecraft.client.renderer.GameRenderer/]: Failed to load shader: minecraft:shaders/post/defile.json
java.io.FileNotFoundException: minecraft:shaders/post/defile.json
	at net.minecraft.server.packs.resources.ResourceProvider.lambda$getResourceOrThrow$0(ResourceProvider.java:21) ~[forge-1.20.1-47.4.0_mapped_official_1.20.1.jar:?]
	at java.util.Optional.orElseThrow(Optional.java:403) ~[?:?]
	at net.minecraft.server.packs.resources.ResourceProvider.getResourceOrThrow(ResourceProvider.java:21) ~[forge-1.20.1-47.4.0_mapped_official_1.20.1.jar:?]
	at net.minecraft.client.renderer.PostChain.load(PostChain.java:58) ~[forge-1.20.1-47.4.0_mapped_official_1.20.1.jar:?]
	at net.minecraft.client.renderer.PostChain.<init>(PostChain.java:54) ~[forge-1.20.1-47.4.0_mapped_official_1.20.1.jar:?]
	at net.minecraft.client.renderer.GameRenderer.loadEffect(GameRenderer.java:341) ~[forge-1.20.1-47.4.0_mapped_official_1.20.1.jar:?]
	at net.minecraftforge.event.ForgeEventFactory.handler$zzh000$onRenderTickEnd(ForgeEventFactory.java:1274) ~[forge-1.20.1-47.4.0_mapped_official_1.20.1.jar:?]
	at net.minecraftforge.event.ForgeEventFactory.onRenderTickEnd(ForgeEventFactory.java) ~[forge-1.20.1-47.4.0_mapped_official_1.20.1.jar:?]
	at net.minecraft.client.Minecraft.runTick(Minecraft.java:1148) ~[forge-1.20.1-47.4.0_mapped_official_1.20.1.jar:?]
	at net.minecraft.client.Minecraft.run(Minecraft.java:718) ~[forge-1.20.1-47.4.0_mapped_official_1.20.1.jar:?]
	at net.minecraft.client.main.Main.main(Main.java:218) ~[forge-1.20.1-47.4.0_mapped_official_1.20.1.jar:?]
	at jdk.internal.reflect.NativeMethodAccessorImpl.invoke0(Native Method) ~[?:?]
	at jdk.internal.reflect.NativeMethodAccessorImpl.invoke(NativeMethodAccessorImpl.java:77) ~[?:?]
	at jdk.internal.reflect.DelegatingMethodAccessorImpl.invoke(DelegatingMethodAccessorImpl.java:43) ~[?:?]
	at java.lang.reflect.Method.invoke(Method.java:568) ~[?:?]
	at net.minecraftforge.fml.loading.targets.CommonLaunchHandler.runTarget(CommonLaunchHandler.java:111) ~[fmlloader-1.20.1-47.4.0.jar:?]
	at net.minecraftforge.fml.loading.targets.CommonLaunchHandler.clientService(CommonLaunchHandler.java:99) ~[fmlloader-1.20.1-47.4.0.jar:?]
	at net.minecraftforge.fml.loading.targets.ForgeClientUserdevLaunchHandler.devService(ForgeClientUserdevLaunchHandler.java:19) ~[fmlloader-1.20.1-47.4.0.jar:?]
	at net.minecraftforge.fml.loading.targets.CommonDevLaunchHandler.lambda$makeService$7(CommonDevLaunchHandler.java:135) ~[fmlloader-1.20.1-47.4.0.jar:?]
	at cpw.mods.modlauncher.LaunchServiceHandlerDecorator.launch(LaunchServiceHandlerDecorator.java:30) ~[modlauncher-10.0.9.jar:?]
	at cpw.mods.modlauncher.LaunchServiceHandler.launch(LaunchServiceHandler.java:53) ~[modlauncher-10.0.9.jar:?]
	at cpw.mods.modlauncher.LaunchServiceHandler.launch(LaunchServiceHandler.java:71) ~[modlauncher-10.0.9.jar:?]
	at cpw.mods.modlauncher.Launcher.run(Launcher.java:108) ~[modlauncher-10.0.9.jar:?]
	at cpw.mods.modlauncher.Launcher.main(Launcher.java:78) ~[modlauncher-10.0.9.jar:?]
	at cpw.mods.modlauncher.BootstrapLaunchConsumer.accept(BootstrapLaunchConsumer.java:26) ~[modlauncher-10.0.9.jar:?]
	at cpw.mods.modlauncher.BootstrapLaunchConsumer.accept(BootstrapLaunchConsumer.java:23) ~[modlauncher-10.0.9.jar:?]
	at cpw.mods.bootstraplauncher.BootstrapLauncher.main(BootstrapLauncher.java:141) ~[bootstraplauncher-1.1.2.jar:?]
[144月2025 01:12:11.300] [Render thread/WARN] [net.minecraft.client.renderer.GameRenderer/]: Failed to load shader: minecraft:shaders/post/defile.json
java.io.FileNotFoundException: minecraft:shaders/post/defile.json
	at net.minecraft.server.packs.resources.ResourceProvider.lambda$getResourceOrThrow$0(ResourceProvider.java:21) ~[forge-1.20.1-47.4.0_mapped_official_1.20.1.jar:?]
	at java.util.Optional.orElseThrow(Optional.java:403) ~[?:?]
	at net.minecraft.server.packs.resources.ResourceProvider.getResourceOrThrow(ResourceProvider.java:21) ~[forge-1.20.1-47.4.0_mapped_official_1.20.1.jar:?]
	at net.minecraft.client.renderer.PostChain.load(PostChain.java:58) ~[forge-1.20.1-47.4.0_mapped_official_1.20.1.jar:?]
	at net.minecraft.client.renderer.PostChain.<init>(PostChain.java:54) ~[forge-1.20.1-47.4.0_mapped_official_1.20.1.jar:?]
	at net.minecraft.client.renderer.GameRenderer.loadEffect(GameRenderer.java:341) ~[forge-1.20.1-47.4.0_mapped_official_1.20.1.jar:?]
	at net.minecraftforge.event.ForgeEventFactory.handler$zzh000$onRenderTickEnd(ForgeEventFactory.java:1274) ~[forge-1.20.1-47.4.0_mapped_official_1.20.1.jar:?]
	at net.minecraftforge.event.ForgeEventFactory.onRenderTickEnd(ForgeEventFactory.java) ~[forge-1.20.1-47.4.0_mapped_official_1.20.1.jar:?]
	at net.minecraft.client.Minecraft.runTick(Minecraft.java:1148) ~[forge-1.20.1-47.4.0_mapped_official_1.20.1.jar:?]
	at net.minecraft.client.Minecraft.run(Minecraft.java:718) ~[forge-1.20.1-47.4.0_mapped_official_1.20.1.jar:?]
	at net.minecraft.client.main.Main.main(Main.java:218) ~[forge-1.20.1-47.4.0_mapped_official_1.20.1.jar:?]
	at jdk.internal.reflect.NativeMethodAccessorImpl.invoke0(Native Method) ~[?:?]
	at jdk.internal.reflect.NativeMethodAccessorImpl.invoke(NativeMethodAccessorImpl.java:77) ~[?:?]
	at jdk.internal.reflect.DelegatingMethodAccessorImpl.invoke(DelegatingMethodAccessorImpl.java:43) ~[?:?]
	at java.lang.reflect.Method.invoke(Method.java:568) ~[?:?]
	at net.minecraftforge.fml.loading.targets.CommonLaunchHandler.runTarget(CommonLaunchHandler.java:111) ~[fmlloader-1.20.1-47.4.0.jar:?]
	at net.minecraftforge.fml.loading.targets.CommonLaunchHandler.clientService(CommonLaunchHandler.java:99) ~[fmlloader-1.20.1-47.4.0.jar:?]
	at net.minecraftforge.fml.loading.targets.ForgeClientUserdevLaunchHandler.devService(ForgeClientUserdevLaunchHandler.java:19) ~[fmlloader-1.20.1-47.4.0.jar:?]
	at net.minecraftforge.fml.loading.targets.CommonDevLaunchHandler.lambda$makeService$7(CommonDevLaunchHandler.java:135) ~[fmlloader-1.20.1-47.4.0.jar:?]
	at cpw.mods.modlauncher.LaunchServiceHandlerDecorator.launch(LaunchServiceHandlerDecorator.java:30) ~[modlauncher-10.0.9.jar:?]
	at cpw.mods.modlauncher.LaunchServiceHandler.launch(LaunchServiceHandler.java:53) ~[modlauncher-10.0.9.jar:?]
	at cpw.mods.modlauncher.LaunchServiceHandler.launch(LaunchServiceHandler.java:71) ~[modlauncher-10.0.9.jar:?]
	at cpw.mods.modlauncher.Launcher.run(Launcher.java:108) ~[modlauncher-10.0.9.jar:?]
	at cpw.mods.modlauncher.Launcher.main(Launcher.java:78) ~[modlauncher-10.0.9.jar:?]
	at cpw.mods.modlauncher.BootstrapLaunchConsumer.accept(BootstrapLaunchConsumer.java:26) ~[modlauncher-10.0.9.jar:?]
	at cpw.mods.modlauncher.BootstrapLaunchConsumer.accept(BootstrapLaunchConsumer.java:23) ~[modlauncher-10.0.9.jar:?]
	at cpw.mods.bootstraplauncher.BootstrapLauncher.main(BootstrapLauncher.java:141) ~[bootstraplauncher-1.1.2.jar:?]
[144月2025 01:12:11.323] [Render thread/WARN] [net.minecraft.client.renderer.GameRenderer/]: Failed to load shader: minecraft:shaders/post/defile.json
java.io.FileNotFoundException: minecraft:shaders/post/defile.json
	at net.minecraft.server.packs.resources.ResourceProvider.lambda$getResourceOrThrow$0(ResourceProvider.java:21) ~[forge-1.20.1-47.4.0_mapped_official_1.20.1.jar:?]
	at java.util.Optional.orElseThrow(Optional.java:403) ~[?:?]
	at net.minecraft.server.packs.resources.ResourceProvider.getResourceOrThrow(ResourceProvider.java:21) ~[forge-1.20.1-47.4.0_mapped_official_1.20.1.jar:?]
	at net.minecraft.client.renderer.PostChain.load(PostChain.java:58) ~[forge-1.20.1-47.4.0_mapped_official_1.20.1.jar:?]
	at net.minecraft.client.renderer.PostChain.<init>(PostChain.java:54) ~[forge-1.20.1-47.4.0_mapped_official_1.20.1.jar:?]
	at net.minecraft.client.renderer.GameRenderer.loadEffect(GameRenderer.java:341) ~[forge-1.20.1-47.4.0_mapped_official_1.20.1.jar:?]
	at net.minecraftforge.event.ForgeEventFactory.handler$zzh000$onRenderTickEnd(ForgeEventFactory.java:1274) ~[forge-1.20.1-47.4.0_mapped_official_1.20.1.jar:?]
	at net.minecraftforge.event.ForgeEventFactory.onRenderTickEnd(ForgeEventFactory.java) ~[forge-1.20.1-47.4.0_mapped_official_1.20.1.jar:?]
	at net.minecraft.client.Minecraft.runTick(Minecraft.java:1148) ~[forge-1.20.1-47.4.0_mapped_official_1.20.1.jar:?]
	at net.minecraft.client.Minecraft.run(Minecraft.java:718) ~[forge-1.20.1-47.4.0_mapped_official_1.20.1.jar:?]
	at net.minecraft.client.main.Main.main(Main.java:218) ~[forge-1.20.1-47.4.0_mapped_official_1.20.1.jar:?]
	at jdk.internal.reflect.NativeMethodAccessorImpl.invoke0(Native Method) ~[?:?]
	at jdk.internal.reflect.NativeMethodAccessorImpl.invoke(NativeMethodAccessorImpl.java:77) ~[?:?]
	at jdk.internal.reflect.DelegatingMethodAccessorImpl.invoke(DelegatingMethodAccessorImpl.java:43) ~[?:?]
	at java.lang.reflect.Method.invoke(Method.java:568) ~[?:?]
	at net.minecraftforge.fml.loading.targets.CommonLaunchHandler.runTarget(CommonLaunchHandler.java:111) ~[fmlloader-1.20.1-47.4.0.jar:?]
	at net.minecraftforge.fml.loading.targets.CommonLaunchHandler.clientService(CommonLaunchHandler.java:99) ~[fmlloader-1.20.1-47.4.0.jar:?]
	at net.minecraftforge.fml.loading.targets.ForgeClientUserdevLaunchHandler.devService(ForgeClientUserdevLaunchHandler.java:19) ~[fmlloader-1.20.1-47.4.0.jar:?]
	at net.minecraftforge.fml.loading.targets.CommonDevLaunchHandler.lambda$makeService$7(CommonDevLaunchHandler.java:135) ~[fmlloader-1.20.1-47.4.0.jar:?]
	at cpw.mods.modlauncher.LaunchServiceHandlerDecorator.launch(LaunchServiceHandlerDecorator.java:30) ~[modlauncher-10.0.9.jar:?]
	at cpw.mods.modlauncher.LaunchServiceHandler.launch(LaunchServiceHandler.java:53) ~[modlauncher-10.0.9.jar:?]
	at cpw.mods.modlauncher.LaunchServiceHandler.launch(LaunchServiceHandler.java:71) ~[modlauncher-10.0.9.jar:?]
	at cpw.mods.modlauncher.Launcher.run(Launcher.java:108) ~[modlauncher-10.0.9.jar:?]
	at cpw.mods.modlauncher.Launcher.main(Launcher.java:78) ~[modlauncher-10.0.9.jar:?]
	at cpw.mods.modlauncher.BootstrapLaunchConsumer.accept(BootstrapLaunchConsumer.java:26) ~[modlauncher-10.0.9.jar:?]
	at cpw.mods.modlauncher.BootstrapLaunchConsumer.accept(BootstrapLaunchConsumer.java:23) ~[modlauncher-10.0.9.jar:?]
	at cpw.mods.bootstraplauncher.BootstrapLauncher.main(BootstrapLauncher.java:141) ~[bootstraplauncher-1.1.2.jar:?]
[144月2025 01:12:11.335] [Render thread/WARN] [net.minecraft.client.renderer.GameRenderer/]: Failed to load shader: minecraft:shaders/post/defile.json
java.io.FileNotFoundException: minecraft:shaders/post/defile.json
	at net.minecraft.server.packs.resources.ResourceProvider.lambda$getResourceOrThrow$0(ResourceProvider.java:21) ~[forge-1.20.1-47.4.0_mapped_official_1.20.1.jar:?]
	at java.util.Optional.orElseThrow(Optional.java:403) ~[?:?]
	at net.minecraft.server.packs.resources.ResourceProvider.getResourceOrThrow(ResourceProvider.java:21) ~[forge-1.20.1-47.4.0_mapped_official_1.20.1.jar:?]
	at net.minecraft.client.renderer.PostChain.load(PostChain.java:58) ~[forge-1.20.1-47.4.0_mapped_official_1.20.1.jar:?]
	at net.minecraft.client.renderer.PostChain.<init>(PostChain.java:54) ~[forge-1.20.1-47.4.0_mapped_official_1.20.1.jar:?]
	at net.minecraft.client.renderer.GameRenderer.loadEffect(GameRenderer.java:341) ~[forge-1.20.1-47.4.0_mapped_official_1.20.1.jar:?]
	at net.minecraftforge.event.ForgeEventFactory.handler$zzh000$onRenderTickEnd(ForgeEventFactory.java:1274) ~[forge-1.20.1-47.4.0_mapped_official_1.20.1.jar:?]
	at net.minecraftforge.event.ForgeEventFactory.onRenderTickEnd(ForgeEventFactory.java) ~[forge-1.20.1-47.4.0_mapped_official_1.20.1.jar:?]
	at net.minecraft.client.Minecraft.runTick(Minecraft.java:1148) ~[forge-1.20.1-47.4.0_mapped_official_1.20.1.jar:?]
	at net.minecraft.client.Minecraft.run(Minecraft.java:718) ~[forge-1.20.1-47.4.0_mapped_official_1.20.1.jar:?]
	at net.minecraft.client.main.Main.main(Main.java:218) ~[forge-1.20.1-47.4.0_mapped_official_1.20.1.jar:?]
	at jdk.internal.reflect.NativeMethodAccessorImpl.invoke0(Native Method) ~[?:?]
	at jdk.internal.reflect.NativeMethodAccessorImpl.invoke(NativeMethodAccessorImpl.java:77) ~[?:?]
	at jdk.internal.reflect.DelegatingMethodAccessorImpl.invoke(DelegatingMethodAccessorImpl.java:43) ~[?:?]
	at java.lang.reflect.Method.invoke(Method.java:568) ~[?:?]
	at net.minecraftforge.fml.loading.targets.CommonLaunchHandler.runTarget(CommonLaunchHandler.java:111) ~[fmlloader-1.20.1-47.4.0.jar:?]
	at net.minecraftforge.fml.loading.targets.CommonLaunchHandler.clientService(CommonLaunchHandler.java:99) ~[fmlloader-1.20.1-47.4.0.jar:?]
	at net.minecraftforge.fml.loading.targets.ForgeClientUserdevLaunchHandler.devService(ForgeClientUserdevLaunchHandler.java:19) ~[fmlloader-1.20.1-47.4.0.jar:?]
	at net.minecraftforge.fml.loading.targets.CommonDevLaunchHandler.lambda$makeService$7(CommonDevLaunchHandler.java:135) ~[fmlloader-1.20.1-47.4.0.jar:?]
	at cpw.mods.modlauncher.LaunchServiceHandlerDecorator.launch(LaunchServiceHandlerDecorator.java:30) ~[modlauncher-10.0.9.jar:?]
	at cpw.mods.modlauncher.LaunchServiceHandler.launch(LaunchServiceHandler.java:53) ~[modlauncher-10.0.9.jar:?]
	at cpw.mods.modlauncher.LaunchServiceHandler.launch(LaunchServiceHandler.java:71) ~[modlauncher-10.0.9.jar:?]
	at cpw.mods.modlauncher.Launcher.run(Launcher.java:108) ~[modlauncher-10.0.9.jar:?]
	at cpw.mods.modlauncher.Launcher.main(Launcher.java:78) ~[modlauncher-10.0.9.jar:?]
	at cpw.mods.modlauncher.BootstrapLaunchConsumer.accept(BootstrapLaunchConsumer.java:26) ~[modlauncher-10.0.9.jar:?]
	at cpw.mods.modlauncher.BootstrapLaunchConsumer.accept(BootstrapLaunchConsumer.java:23) ~[modlauncher-10.0.9.jar:?]
	at cpw.mods.bootstraplauncher.BootstrapLauncher.main(BootstrapLauncher.java:141) ~[bootstraplauncher-1.1.2.jar:?]
[144月2025 01:12:11.352] [Render thread/WARN] [net.minecraft.client.renderer.GameRenderer/]: Failed to load shader: minecraft:shaders/post/defile.json
java.io.FileNotFoundException: minecraft:shaders/post/defile.json
	at net.minecraft.server.packs.resources.ResourceProvider.lambda$getResourceOrThrow$0(ResourceProvider.java:21) ~[forge-1.20.1-47.4.0_mapped_official_1.20.1.jar:?]
	at java.util.Optional.orElseThrow(Optional.java:403) ~[?:?]
	at net.minecraft.server.packs.resources.ResourceProvider.getResourceOrThrow(ResourceProvider.java:21) ~[forge-1.20.1-47.4.0_mapped_official_1.20.1.jar:?]
	at net.minecraft.client.renderer.PostChain.load(PostChain.java:58) ~[forge-1.20.1-47.4.0_mapped_official_1.20.1.jar:?]
	at net.minecraft.client.renderer.PostChain.<init>(PostChain.java:54) ~[forge-1.20.1-47.4.0_mapped_official_1.20.1.jar:?]
	at net.minecraft.client.renderer.GameRenderer.loadEffect(GameRenderer.java:341) ~[forge-1.20.1-47.4.0_mapped_official_1.20.1.jar:?]
	at net.minecraftforge.event.ForgeEventFactory.handler$zzh000$onRenderTickEnd(ForgeEventFactory.java:1274) ~[forge-1.20.1-47.4.0_mapped_official_1.20.1.jar:?]
	at net.minecraftforge.event.ForgeEventFactory.onRenderTickEnd(ForgeEventFactory.java) ~[forge-1.20.1-47.4.0_mapped_official_1.20.1.jar:?]
	at net.minecraft.client.Minecraft.runTick(Minecraft.java:1148) ~[forge-1.20.1-47.4.0_mapped_official_1.20.1.jar:?]
	at net.minecraft.client.Minecraft.run(Minecraft.java:718) ~[forge-1.20.1-47.4.0_mapped_official_1.20.1.jar:?]
	at net.minecraft.client.main.Main.main(Main.java:218) ~[forge-1.20.1-47.4.0_mapped_official_1.20.1.jar:?]
	at jdk.internal.reflect.NativeMethodAccessorImpl.invoke0(Native Method) ~[?:?]
	at jdk.internal.reflect.NativeMethodAccessorImpl.invoke(NativeMethodAccessorImpl.java:77) ~[?:?]
	at jdk.internal.reflect.DelegatingMethodAccessorImpl.invoke(DelegatingMethodAccessorImpl.java:43) ~[?:?]
	at java.lang.reflect.Method.invoke(Method.java:568) ~[?:?]
	at net.minecraftforge.fml.loading.targets.CommonLaunchHandler.runTarget(CommonLaunchHandler.java:111) ~[fmlloader-1.20.1-47.4.0.jar:?]
	at net.minecraftforge.fml.loading.targets.CommonLaunchHandler.clientService(CommonLaunchHandler.java:99) ~[fmlloader-1.20.1-47.4.0.jar:?]
	at net.minecraftforge.fml.loading.targets.ForgeClientUserdevLaunchHandler.devService(ForgeClientUserdevLaunchHandler.java:19) ~[fmlloader-1.20.1-47.4.0.jar:?]
	at net.minecraftforge.fml.loading.targets.CommonDevLaunchHandler.lambda$makeService$7(CommonDevLaunchHandler.java:135) ~[fmlloader-1.20.1-47.4.0.jar:?]
	at cpw.mods.modlauncher.LaunchServiceHandlerDecorator.launch(LaunchServiceHandlerDecorator.java:30) ~[modlauncher-10.0.9.jar:?]
	at cpw.mods.modlauncher.LaunchServiceHandler.launch(LaunchServiceHandler.java:53) ~[modlauncher-10.0.9.jar:?]
	at cpw.mods.modlauncher.LaunchServiceHandler.launch(LaunchServiceHandler.java:71) ~[modlauncher-10.0.9.jar:?]
	at cpw.mods.modlauncher.Launcher.run(Launcher.java:108) ~[modlauncher-10.0.9.jar:?]
	at cpw.mods.modlauncher.Launcher.main(Launcher.java:78) ~[modlauncher-10.0.9.jar:?]
	at cpw.mods.modlauncher.BootstrapLaunchConsumer.accept(BootstrapLaunchConsumer.java:26) ~[modlauncher-10.0.9.jar:?]
	at cpw.mods.modlauncher.BootstrapLaunchConsumer.accept(BootstrapLaunchConsumer.java:23) ~[modlauncher-10.0.9.jar:?]
	at cpw.mods.bootstraplauncher.BootstrapLauncher.main(BootstrapLauncher.java:141) ~[bootstraplauncher-1.1.2.jar:?]
[144月2025 01:12:11.366] [Render thread/WARN] [net.minecraft.client.renderer.GameRenderer/]: Failed to load shader: minecraft:shaders/post/defile.json
java.io.FileNotFoundException: minecraft:shaders/post/defile.json
	at net.minecraft.server.packs.resources.ResourceProvider.lambda$getResourceOrThrow$0(ResourceProvider.java:21) ~[forge-1.20.1-47.4.0_mapped_official_1.20.1.jar:?]
	at java.util.Optional.orElseThrow(Optional.java:403) ~[?:?]
	at net.minecraft.server.packs.resources.ResourceProvider.getResourceOrThrow(ResourceProvider.java:21) ~[forge-1.20.1-47.4.0_mapped_official_1.20.1.jar:?]
	at net.minecraft.client.renderer.PostChain.load(PostChain.java:58) ~[forge-1.20.1-47.4.0_mapped_official_1.20.1.jar:?]
	at net.minecraft.client.renderer.PostChain.<init>(PostChain.java:54) ~[forge-1.20.1-47.4.0_mapped_official_1.20.1.jar:?]
	at net.minecraft.client.renderer.GameRenderer.loadEffect(GameRenderer.java:341) ~[forge-1.20.1-47.4.0_mapped_official_1.20.1.jar:?]
	at net.minecraftforge.event.ForgeEventFactory.handler$zzh000$onRenderTickEnd(ForgeEventFactory.java:1274) ~[forge-1.20.1-47.4.0_mapped_official_1.20.1.jar:?]
	at net.minecraftforge.event.ForgeEventFactory.onRenderTickEnd(ForgeEventFactory.java) ~[forge-1.20.1-47.4.0_mapped_official_1.20.1.jar:?]
	at net.minecraft.client.Minecraft.runTick(Minecraft.java:1148) ~[forge-1.20.1-47.4.0_mapped_official_1.20.1.jar:?]
	at net.minecraft.client.Minecraft.run(Minecraft.java:718) ~[forge-1.20.1-47.4.0_mapped_official_1.20.1.jar:?]
	at net.minecraft.client.main.Main.main(Main.java:218) ~[forge-1.20.1-47.4.0_mapped_official_1.20.1.jar:?]
	at jdk.internal.reflect.NativeMethodAccessorImpl.invoke0(Native Method) ~[?:?]
	at jdk.internal.reflect.NativeMethodAccessorImpl.invoke(NativeMethodAccessorImpl.java:77) ~[?:?]
	at jdk.internal.reflect.DelegatingMethodAccessorImpl.invoke(DelegatingMethodAccessorImpl.java:43) ~[?:?]
	at java.lang.reflect.Method.invoke(Method.java:568) ~[?:?]
	at net.minecraftforge.fml.loading.targets.CommonLaunchHandler.runTarget(CommonLaunchHandler.java:111) ~[fmlloader-1.20.1-47.4.0.jar:?]
	at net.minecraftforge.fml.loading.targets.CommonLaunchHandler.clientService(CommonLaunchHandler.java:99) ~[fmlloader-1.20.1-47.4.0.jar:?]
	at net.minecraftforge.fml.loading.targets.ForgeClientUserdevLaunchHandler.devService(ForgeClientUserdevLaunchHandler.java:19) ~[fmlloader-1.20.1-47.4.0.jar:?]
	at net.minecraftforge.fml.loading.targets.CommonDevLaunchHandler.lambda$makeService$7(CommonDevLaunchHandler.java:135) ~[fmlloader-1.20.1-47.4.0.jar:?]
	at cpw.mods.modlauncher.LaunchServiceHandlerDecorator.launch(LaunchServiceHandlerDecorator.java:30) ~[modlauncher-10.0.9.jar:?]
	at cpw.mods.modlauncher.LaunchServiceHandler.launch(LaunchServiceHandler.java:53) ~[modlauncher-10.0.9.jar:?]
	at cpw.mods.modlauncher.LaunchServiceHandler.launch(LaunchServiceHandler.java:71) ~[modlauncher-10.0.9.jar:?]
	at cpw.mods.modlauncher.Launcher.run(Launcher.java:108) ~[modlauncher-10.0.9.jar:?]
	at cpw.mods.modlauncher.Launcher.main(Launcher.java:78) ~[modlauncher-10.0.9.jar:?]
	at cpw.mods.modlauncher.BootstrapLaunchConsumer.accept(BootstrapLaunchConsumer.java:26) ~[modlauncher-10.0.9.jar:?]
	at cpw.mods.modlauncher.BootstrapLaunchConsumer.accept(BootstrapLaunchConsumer.java:23) ~[modlauncher-10.0.9.jar:?]
	at cpw.mods.bootstraplauncher.BootstrapLauncher.main(BootstrapLauncher.java:141) ~[bootstraplauncher-1.1.2.jar:?]
[144月2025 01:12:11.383] [Render thread/WARN] [net.minecraft.client.renderer.GameRenderer/]: Failed to load shader: minecraft:shaders/post/defile.json
java.io.FileNotFoundException: minecraft:shaders/post/defile.json
	at net.minecraft.server.packs.resources.ResourceProvider.lambda$getResourceOrThrow$0(ResourceProvider.java:21) ~[forge-1.20.1-47.4.0_mapped_official_1.20.1.jar:?]
	at java.util.Optional.orElseThrow(Optional.java:403) ~[?:?]
	at net.minecraft.server.packs.resources.ResourceProvider.getResourceOrThrow(ResourceProvider.java:21) ~[forge-1.20.1-47.4.0_mapped_official_1.20.1.jar:?]
	at net.minecraft.client.renderer.PostChain.load(PostChain.java:58) ~[forge-1.20.1-47.4.0_mapped_official_1.20.1.jar:?]
	at net.minecraft.client.renderer.PostChain.<init>(PostChain.java:54) ~[forge-1.20.1-47.4.0_mapped_official_1.20.1.jar:?]
	at net.minecraft.client.renderer.GameRenderer.loadEffect(GameRenderer.java:341) ~[forge-1.20.1-47.4.0_mapped_official_1.20.1.jar:?]
	at net.minecraftforge.event.ForgeEventFactory.handler$zzh000$onRenderTickEnd(ForgeEventFactory.java:1274) ~[forge-1.20.1-47.4.0_mapped_official_1.20.1.jar:?]
	at net.minecraftforge.event.ForgeEventFactory.onRenderTickEnd(ForgeEventFactory.java) ~[forge-1.20.1-47.4.0_mapped_official_1.20.1.jar:?]
	at net.minecraft.client.Minecraft.runTick(Minecraft.java:1148) ~[forge-1.20.1-47.4.0_mapped_official_1.20.1.jar:?]
	at net.minecraft.client.Minecraft.run(Minecraft.java:718) ~[forge-1.20.1-47.4.0_mapped_official_1.20.1.jar:?]
	at net.minecraft.client.main.Main.main(Main.java:218) ~[forge-1.20.1-47.4.0_mapped_official_1.20.1.jar:?]
	at jdk.internal.reflect.NativeMethodAccessorImpl.invoke0(Native Method) ~[?:?]
	at jdk.internal.reflect.NativeMethodAccessorImpl.invoke(NativeMethodAccessorImpl.java:77) ~[?:?]
	at jdk.internal.reflect.DelegatingMethodAccessorImpl.invoke(DelegatingMethodAccessorImpl.java:43) ~[?:?]
	at java.lang.reflect.Method.invoke(Method.java:568) ~[?:?]
	at net.minecraftforge.fml.loading.targets.CommonLaunchHandler.runTarget(CommonLaunchHandler.java:111) ~[fmlloader-1.20.1-47.4.0.jar:?]
	at net.minecraftforge.fml.loading.targets.CommonLaunchHandler.clientService(CommonLaunchHandler.java:99) ~[fmlloader-1.20.1-47.4.0.jar:?]
	at net.minecraftforge.fml.loading.targets.ForgeClientUserdevLaunchHandler.devService(ForgeClientUserdevLaunchHandler.java:19) ~[fmlloader-1.20.1-47.4.0.jar:?]
	at net.minecraftforge.fml.loading.targets.CommonDevLaunchHandler.lambda$makeService$7(CommonDevLaunchHandler.java:135) ~[fmlloader-1.20.1-47.4.0.jar:?]
	at cpw.mods.modlauncher.LaunchServiceHandlerDecorator.launch(LaunchServiceHandlerDecorator.java:30) ~[modlauncher-10.0.9.jar:?]
	at cpw.mods.modlauncher.LaunchServiceHandler.launch(LaunchServiceHandler.java:53) ~[modlauncher-10.0.9.jar:?]
	at cpw.mods.modlauncher.LaunchServiceHandler.launch(LaunchServiceHandler.java:71) ~[modlauncher-10.0.9.jar:?]
	at cpw.mods.modlauncher.Launcher.run(Launcher.java:108) ~[modlauncher-10.0.9.jar:?]
	at cpw.mods.modlauncher.Launcher.main(Launcher.java:78) ~[modlauncher-10.0.9.jar:?]
	at cpw.mods.modlauncher.BootstrapLaunchConsumer.accept(BootstrapLaunchConsumer.java:26) ~[modlauncher-10.0.9.jar:?]
	at cpw.mods.modlauncher.BootstrapLaunchConsumer.accept(BootstrapLaunchConsumer.java:23) ~[modlauncher-10.0.9.jar:?]
	at cpw.mods.bootstraplauncher.BootstrapLauncher.main(BootstrapLauncher.java:141) ~[bootstraplauncher-1.1.2.jar:?]
[144月2025 01:12:11.399] [Render thread/WARN] [net.minecraft.client.renderer.GameRenderer/]: Failed to load shader: minecraft:shaders/post/defile.json
java.io.FileNotFoundException: minecraft:shaders/post/defile.json
	at net.minecraft.server.packs.resources.ResourceProvider.lambda$getResourceOrThrow$0(ResourceProvider.java:21) ~[forge-1.20.1-47.4.0_mapped_official_1.20.1.jar:?]
	at java.util.Optional.orElseThrow(Optional.java:403) ~[?:?]
	at net.minecraft.server.packs.resources.ResourceProvider.getResourceOrThrow(ResourceProvider.java:21) ~[forge-1.20.1-47.4.0_mapped_official_1.20.1.jar:?]
	at net.minecraft.client.renderer.PostChain.load(PostChain.java:58) ~[forge-1.20.1-47.4.0_mapped_official_1.20.1.jar:?]
	at net.minecraft.client.renderer.PostChain.<init>(PostChain.java:54) ~[forge-1.20.1-47.4.0_mapped_official_1.20.1.jar:?]
	at net.minecraft.client.renderer.GameRenderer.loadEffect(GameRenderer.java:341) ~[forge-1.20.1-47.4.0_mapped_official_1.20.1.jar:?]
	at net.minecraftforge.event.ForgeEventFactory.handler$zzh000$onRenderTickEnd(ForgeEventFactory.java:1274) ~[forge-1.20.1-47.4.0_mapped_official_1.20.1.jar:?]
	at net.minecraftforge.event.ForgeEventFactory.onRenderTickEnd(ForgeEventFactory.java) ~[forge-1.20.1-47.4.0_mapped_official_1.20.1.jar:?]
	at net.minecraft.client.Minecraft.runTick(Minecraft.java:1148) ~[forge-1.20.1-47.4.0_mapped_official_1.20.1.jar:?]
	at net.minecraft.client.Minecraft.run(Minecraft.java:718) ~[forge-1.20.1-47.4.0_mapped_official_1.20.1.jar:?]
	at net.minecraft.client.main.Main.main(Main.java:218) ~[forge-1.20.1-47.4.0_mapped_official_1.20.1.jar:?]
	at jdk.internal.reflect.NativeMethodAccessorImpl.invoke0(Native Method) ~[?:?]
	at jdk.internal.reflect.NativeMethodAccessorImpl.invoke(NativeMethodAccessorImpl.java:77) ~[?:?]
	at jdk.internal.reflect.DelegatingMethodAccessorImpl.invoke(DelegatingMethodAccessorImpl.java:43) ~[?:?]
	at java.lang.reflect.Method.invoke(Method.java:568) ~[?:?]
	at net.minecraftforge.fml.loading.targets.CommonLaunchHandler.runTarget(CommonLaunchHandler.java:111) ~[fmlloader-1.20.1-47.4.0.jar:?]
	at net.minecraftforge.fml.loading.targets.CommonLaunchHandler.clientService(CommonLaunchHandler.java:99) ~[fmlloader-1.20.1-47.4.0.jar:?]
	at net.minecraftforge.fml.loading.targets.ForgeClientUserdevLaunchHandler.devService(ForgeClientUserdevLaunchHandler.java:19) ~[fmlloader-1.20.1-47.4.0.jar:?]
	at net.minecraftforge.fml.loading.targets.CommonDevLaunchHandler.lambda$makeService$7(CommonDevLaunchHandler.java:135) ~[fmlloader-1.20.1-47.4.0.jar:?]
	at cpw.mods.modlauncher.LaunchServiceHandlerDecorator.launch(LaunchServiceHandlerDecorator.java:30) ~[modlauncher-10.0.9.jar:?]
	at cpw.mods.modlauncher.LaunchServiceHandler.launch(LaunchServiceHandler.java:53) ~[modlauncher-10.0.9.jar:?]
	at cpw.mods.modlauncher.LaunchServiceHandler.launch(LaunchServiceHandler.java:71) ~[modlauncher-10.0.9.jar:?]
	at cpw.mods.modlauncher.Launcher.run(Launcher.java:108) ~[modlauncher-10.0.9.jar:?]
	at cpw.mods.modlauncher.Launcher.main(Launcher.java:78) ~[modlauncher-10.0.9.jar:?]
	at cpw.mods.modlauncher.BootstrapLaunchConsumer.accept(BootstrapLaunchConsumer.java:26) ~[modlauncher-10.0.9.jar:?]
	at cpw.mods.modlauncher.BootstrapLaunchConsumer.accept(BootstrapLaunchConsumer.java:23) ~[modlauncher-10.0.9.jar:?]
	at cpw.mods.bootstraplauncher.BootstrapLauncher.main(BootstrapLauncher.java:141) ~[bootstraplauncher-1.1.2.jar:?]
[144月2025 01:12:11.418] [Render thread/WARN] [net.minecraft.client.renderer.GameRenderer/]: Failed to load shader: minecraft:shaders/post/defile.json
java.io.FileNotFoundException: minecraft:shaders/post/defile.json
	at net.minecraft.server.packs.resources.ResourceProvider.lambda$getResourceOrThrow$0(ResourceProvider.java:21) ~[forge-1.20.1-47.4.0_mapped_official_1.20.1.jar:?]
	at java.util.Optional.orElseThrow(Optional.java:403) ~[?:?]
	at net.minecraft.server.packs.resources.ResourceProvider.getResourceOrThrow(ResourceProvider.java:21) ~[forge-1.20.1-47.4.0_mapped_official_1.20.1.jar:?]
	at net.minecraft.client.renderer.PostChain.load(PostChain.java:58) ~[forge-1.20.1-47.4.0_mapped_official_1.20.1.jar:?]
	at net.minecraft.client.renderer.PostChain.<init>(PostChain.java:54) ~[forge-1.20.1-47.4.0_mapped_official_1.20.1.jar:?]
	at net.minecraft.client.renderer.GameRenderer.loadEffect(GameRenderer.java:341) ~[forge-1.20.1-47.4.0_mapped_official_1.20.1.jar:?]
	at net.minecraftforge.event.ForgeEventFactory.handler$zzh000$onRenderTickEnd(ForgeEventFactory.java:1274) ~[forge-1.20.1-47.4.0_mapped_official_1.20.1.jar:?]
	at net.minecraftforge.event.ForgeEventFactory.onRenderTickEnd(ForgeEventFactory.java) ~[forge-1.20.1-47.4.0_mapped_official_1.20.1.jar:?]
	at net.minecraft.client.Minecraft.runTick(Minecraft.java:1148) ~[forge-1.20.1-47.4.0_mapped_official_1.20.1.jar:?]
	at net.minecraft.client.Minecraft.run(Minecraft.java:718) ~[forge-1.20.1-47.4.0_mapped_official_1.20.1.jar:?]
	at net.minecraft.client.main.Main.main(Main.java:218) ~[forge-1.20.1-47.4.0_mapped_official_1.20.1.jar:?]
	at jdk.internal.reflect.NativeMethodAccessorImpl.invoke0(Native Method) ~[?:?]
	at jdk.internal.reflect.NativeMethodAccessorImpl.invoke(NativeMethodAccessorImpl.java:77) ~[?:?]
	at jdk.internal.reflect.DelegatingMethodAccessorImpl.invoke(DelegatingMethodAccessorImpl.java:43) ~[?:?]
	at java.lang.reflect.Method.invoke(Method.java:568) ~[?:?]
	at net.minecraftforge.fml.loading.targets.CommonLaunchHandler.runTarget(CommonLaunchHandler.java:111) ~[fmlloader-1.20.1-47.4.0.jar:?]
	at net.minecraftforge.fml.loading.targets.CommonLaunchHandler.clientService(CommonLaunchHandler.java:99) ~[fmlloader-1.20.1-47.4.0.jar:?]
	at net.minecraftforge.fml.loading.targets.ForgeClientUserdevLaunchHandler.devService(ForgeClientUserdevLaunchHandler.java:19) ~[fmlloader-1.20.1-47.4.0.jar:?]
	at net.minecraftforge.fml.loading.targets.CommonDevLaunchHandler.lambda$makeService$7(CommonDevLaunchHandler.java:135) ~[fmlloader-1.20.1-47.4.0.jar:?]
	at cpw.mods.modlauncher.LaunchServiceHandlerDecorator.launch(LaunchServiceHandlerDecorator.java:30) ~[modlauncher-10.0.9.jar:?]
	at cpw.mods.modlauncher.LaunchServiceHandler.launch(LaunchServiceHandler.java:53) ~[modlauncher-10.0.9.jar:?]
	at cpw.mods.modlauncher.LaunchServiceHandler.launch(LaunchServiceHandler.java:71) ~[modlauncher-10.0.9.jar:?]
	at cpw.mods.modlauncher.Launcher.run(Launcher.java:108) ~[modlauncher-10.0.9.jar:?]
	at cpw.mods.modlauncher.Launcher.main(Launcher.java:78) ~[modlauncher-10.0.9.jar:?]
	at cpw.mods.modlauncher.BootstrapLaunchConsumer.accept(BootstrapLaunchConsumer.java:26) ~[modlauncher-10.0.9.jar:?]
	at cpw.mods.modlauncher.BootstrapLaunchConsumer.accept(BootstrapLaunchConsumer.java:23) ~[modlauncher-10.0.9.jar:?]
	at cpw.mods.bootstraplauncher.BootstrapLauncher.main(BootstrapLauncher.java:141) ~[bootstraplauncher-1.1.2.jar:?]
[144月2025 01:12:11.432] [Render thread/WARN] [net.minecraft.client.renderer.GameRenderer/]: Failed to load shader: minecraft:shaders/post/defile.json
java.io.FileNotFoundException: minecraft:shaders/post/defile.json
	at net.minecraft.server.packs.resources.ResourceProvider.lambda$getResourceOrThrow$0(ResourceProvider.java:21) ~[forge-1.20.1-47.4.0_mapped_official_1.20.1.jar:?]
	at java.util.Optional.orElseThrow(Optional.java:403) ~[?:?]
	at net.minecraft.server.packs.resources.ResourceProvider.getResourceOrThrow(ResourceProvider.java:21) ~[forge-1.20.1-47.4.0_mapped_official_1.20.1.jar:?]
	at net.minecraft.client.renderer.PostChain.load(PostChain.java:58) ~[forge-1.20.1-47.4.0_mapped_official_1.20.1.jar:?]
	at net.minecraft.client.renderer.PostChain.<init>(PostChain.java:54) ~[forge-1.20.1-47.4.0_mapped_official_1.20.1.jar:?]
	at net.minecraft.client.renderer.GameRenderer.loadEffect(GameRenderer.java:341) ~[forge-1.20.1-47.4.0_mapped_official_1.20.1.jar:?]
	at net.minecraftforge.event.ForgeEventFactory.handler$zzh000$onRenderTickEnd(ForgeEventFactory.java:1274) ~[forge-1.20.1-47.4.0_mapped_official_1.20.1.jar:?]
	at net.minecraftforge.event.ForgeEventFactory.onRenderTickEnd(ForgeEventFactory.java) ~[forge-1.20.1-47.4.0_mapped_official_1.20.1.jar:?]
	at net.minecraft.client.Minecraft.runTick(Minecraft.java:1148) ~[forge-1.20.1-47.4.0_mapped_official_1.20.1.jar:?]
	at net.minecraft.client.Minecraft.run(Minecraft.java:718) ~[forge-1.20.1-47.4.0_mapped_official_1.20.1.jar:?]
	at net.minecraft.client.main.Main.main(Main.java:218) ~[forge-1.20.1-47.4.0_mapped_official_1.20.1.jar:?]
	at jdk.internal.reflect.NativeMethodAccessorImpl.invoke0(Native Method) ~[?:?]
	at jdk.internal.reflect.NativeMethodAccessorImpl.invoke(NativeMethodAccessorImpl.java:77) ~[?:?]
	at jdk.internal.reflect.DelegatingMethodAccessorImpl.invoke(DelegatingMethodAccessorImpl.java:43) ~[?:?]
	at java.lang.reflect.Method.invoke(Method.java:568) ~[?:?]
	at net.minecraftforge.fml.loading.targets.CommonLaunchHandler.runTarget(CommonLaunchHandler.java:111) ~[fmlloader-1.20.1-47.4.0.jar:?]
	at net.minecraftforge.fml.loading.targets.CommonLaunchHandler.clientService(CommonLaunchHandler.java:99) ~[fmlloader-1.20.1-47.4.0.jar:?]
	at net.minecraftforge.fml.loading.targets.ForgeClientUserdevLaunchHandler.devService(ForgeClientUserdevLaunchHandler.java:19) ~[fmlloader-1.20.1-47.4.0.jar:?]
	at net.minecraftforge.fml.loading.targets.CommonDevLaunchHandler.lambda$makeService$7(CommonDevLaunchHandler.java:135) ~[fmlloader-1.20.1-47.4.0.jar:?]
	at cpw.mods.modlauncher.LaunchServiceHandlerDecorator.launch(LaunchServiceHandlerDecorator.java:30) ~[modlauncher-10.0.9.jar:?]
	at cpw.mods.modlauncher.LaunchServiceHandler.launch(LaunchServiceHandler.java:53) ~[modlauncher-10.0.9.jar:?]
	at cpw.mods.modlauncher.LaunchServiceHandler.launch(LaunchServiceHandler.java:71) ~[modlauncher-10.0.9.jar:?]
	at cpw.mods.modlauncher.Launcher.run(Launcher.java:108) ~[modlauncher-10.0.9.jar:?]
	at cpw.mods.modlauncher.Launcher.main(Launcher.java:78) ~[modlauncher-10.0.9.jar:?]
	at cpw.mods.modlauncher.BootstrapLaunchConsumer.accept(BootstrapLaunchConsumer.java:26) ~[modlauncher-10.0.9.jar:?]
	at cpw.mods.modlauncher.BootstrapLaunchConsumer.accept(BootstrapLaunchConsumer.java:23) ~[modlauncher-10.0.9.jar:?]
	at cpw.mods.bootstraplauncher.BootstrapLauncher.main(BootstrapLauncher.java:141) ~[bootstraplauncher-1.1.2.jar:?]
[144月2025 01:12:11.449] [Render thread/WARN] [net.minecraft.client.renderer.GameRenderer/]: Failed to load shader: minecraft:shaders/post/defile.json
java.io.FileNotFoundException: minecraft:shaders/post/defile.json
	at net.minecraft.server.packs.resources.ResourceProvider.lambda$getResourceOrThrow$0(ResourceProvider.java:21) ~[forge-1.20.1-47.4.0_mapped_official_1.20.1.jar:?]
	at java.util.Optional.orElseThrow(Optional.java:403) ~[?:?]
	at net.minecraft.server.packs.resources.ResourceProvider.getResourceOrThrow(ResourceProvider.java:21) ~[forge-1.20.1-47.4.0_mapped_official_1.20.1.jar:?]
	at net.minecraft.client.renderer.PostChain.load(PostChain.java:58) ~[forge-1.20.1-47.4.0_mapped_official_1.20.1.jar:?]
	at net.minecraft.client.renderer.PostChain.<init>(PostChain.java:54) ~[forge-1.20.1-47.4.0_mapped_official_1.20.1.jar:?]
	at net.minecraft.client.renderer.GameRenderer.loadEffect(GameRenderer.java:341) ~[forge-1.20.1-47.4.0_mapped_official_1.20.1.jar:?]
	at net.minecraftforge.event.ForgeEventFactory.handler$zzh000$onRenderTickEnd(ForgeEventFactory.java:1274) ~[forge-1.20.1-47.4.0_mapped_official_1.20.1.jar:?]
	at net.minecraftforge.event.ForgeEventFactory.onRenderTickEnd(ForgeEventFactory.java) ~[forge-1.20.1-47.4.0_mapped_official_1.20.1.jar:?]
	at net.minecraft.client.Minecraft.runTick(Minecraft.java:1148) ~[forge-1.20.1-47.4.0_mapped_official_1.20.1.jar:?]
	at net.minecraft.client.Minecraft.run(Minecraft.java:718) ~[forge-1.20.1-47.4.0_mapped_official_1.20.1.jar:?]
	at net.minecraft.client.main.Main.main(Main.java:218) ~[forge-1.20.1-47.4.0_mapped_official_1.20.1.jar:?]
	at jdk.internal.reflect.NativeMethodAccessorImpl.invoke0(Native Method) ~[?:?]
	at jdk.internal.reflect.NativeMethodAccessorImpl.invoke(NativeMethodAccessorImpl.java:77) ~[?:?]
	at jdk.internal.reflect.DelegatingMethodAccessorImpl.invoke(DelegatingMethodAccessorImpl.java:43) ~[?:?]
	at java.lang.reflect.Method.invoke(Method.java:568) ~[?:?]
	at net.minecraftforge.fml.loading.targets.CommonLaunchHandler.runTarget(CommonLaunchHandler.java:111) ~[fmlloader-1.20.1-47.4.0.jar:?]
	at net.minecraftforge.fml.loading.targets.CommonLaunchHandler.clientService(CommonLaunchHandler.java:99) ~[fmlloader-1.20.1-47.4.0.jar:?]
	at net.minecraftforge.fml.loading.targets.ForgeClientUserdevLaunchHandler.devService(ForgeClientUserdevLaunchHandler.java:19) ~[fmlloader-1.20.1-47.4.0.jar:?]
	at net.minecraftforge.fml.loading.targets.CommonDevLaunchHandler.lambda$makeService$7(CommonDevLaunchHandler.java:135) ~[fmlloader-1.20.1-47.4.0.jar:?]
	at cpw.mods.modlauncher.LaunchServiceHandlerDecorator.launch(LaunchServiceHandlerDecorator.java:30) ~[modlauncher-10.0.9.jar:?]
	at cpw.mods.modlauncher.LaunchServiceHandler.launch(LaunchServiceHandler.java:53) ~[modlauncher-10.0.9.jar:?]
	at cpw.mods.modlauncher.LaunchServiceHandler.launch(LaunchServiceHandler.java:71) ~[modlauncher-10.0.9.jar:?]
	at cpw.mods.modlauncher.Launcher.run(Launcher.java:108) ~[modlauncher-10.0.9.jar:?]
	at cpw.mods.modlauncher.Launcher.main(Launcher.java:78) ~[modlauncher-10.0.9.jar:?]
	at cpw.mods.modlauncher.BootstrapLaunchConsumer.accept(BootstrapLaunchConsumer.java:26) ~[modlauncher-10.0.9.jar:?]
	at cpw.mods.modlauncher.BootstrapLaunchConsumer.accept(BootstrapLaunchConsumer.java:23) ~[modlauncher-10.0.9.jar:?]
	at cpw.mods.bootstraplauncher.BootstrapLauncher.main(BootstrapLauncher.java:141) ~[bootstraplauncher-1.1.2.jar:?]
[144月2025 01:12:11.466] [Render thread/WARN] [net.minecraft.client.renderer.GameRenderer/]: Failed to load shader: minecraft:shaders/post/defile.json
java.io.FileNotFoundException: minecraft:shaders/post/defile.json
	at net.minecraft.server.packs.resources.ResourceProvider.lambda$getResourceOrThrow$0(ResourceProvider.java:21) ~[forge-1.20.1-47.4.0_mapped_official_1.20.1.jar:?]
	at java.util.Optional.orElseThrow(Optional.java:403) ~[?:?]
	at net.minecraft.server.packs.resources.ResourceProvider.getResourceOrThrow(ResourceProvider.java:21) ~[forge-1.20.1-47.4.0_mapped_official_1.20.1.jar:?]
	at net.minecraft.client.renderer.PostChain.load(PostChain.java:58) ~[forge-1.20.1-47.4.0_mapped_official_1.20.1.jar:?]
	at net.minecraft.client.renderer.PostChain.<init>(PostChain.java:54) ~[forge-1.20.1-47.4.0_mapped_official_1.20.1.jar:?]
	at net.minecraft.client.renderer.GameRenderer.loadEffect(GameRenderer.java:341) ~[forge-1.20.1-47.4.0_mapped_official_1.20.1.jar:?]
	at net.minecraftforge.event.ForgeEventFactory.handler$zzh000$onRenderTickEnd(ForgeEventFactory.java:1274) ~[forge-1.20.1-47.4.0_mapped_official_1.20.1.jar:?]
	at net.minecraftforge.event.ForgeEventFactory.onRenderTickEnd(ForgeEventFactory.java) ~[forge-1.20.1-47.4.0_mapped_official_1.20.1.jar:?]
	at net.minecraft.client.Minecraft.runTick(Minecraft.java:1148) ~[forge-1.20.1-47.4.0_mapped_official_1.20.1.jar:?]
	at net.minecraft.client.Minecraft.run(Minecraft.java:718) ~[forge-1.20.1-47.4.0_mapped_official_1.20.1.jar:?]
	at net.minecraft.client.main.Main.main(Main.java:218) ~[forge-1.20.1-47.4.0_mapped_official_1.20.1.jar:?]
	at jdk.internal.reflect.NativeMethodAccessorImpl.invoke0(Native Method) ~[?:?]
	at jdk.internal.reflect.NativeMethodAccessorImpl.invoke(NativeMethodAccessorImpl.java:77) ~[?:?]
	at jdk.internal.reflect.DelegatingMethodAccessorImpl.invoke(DelegatingMethodAccessorImpl.java:43) ~[?:?]
	at java.lang.reflect.Method.invoke(Method.java:568) ~[?:?]
	at net.minecraftforge.fml.loading.targets.CommonLaunchHandler.runTarget(CommonLaunchHandler.java:111) ~[fmlloader-1.20.1-47.4.0.jar:?]
	at net.minecraftforge.fml.loading.targets.CommonLaunchHandler.clientService(CommonLaunchHandler.java:99) ~[fmlloader-1.20.1-47.4.0.jar:?]
	at net.minecraftforge.fml.loading.targets.ForgeClientUserdevLaunchHandler.devService(ForgeClientUserdevLaunchHandler.java:19) ~[fmlloader-1.20.1-47.4.0.jar:?]
	at net.minecraftforge.fml.loading.targets.CommonDevLaunchHandler.lambda$makeService$7(CommonDevLaunchHandler.java:135) ~[fmlloader-1.20.1-47.4.0.jar:?]
	at cpw.mods.modlauncher.LaunchServiceHandlerDecorator.launch(LaunchServiceHandlerDecorator.java:30) ~[modlauncher-10.0.9.jar:?]
	at cpw.mods.modlauncher.LaunchServiceHandler.launch(LaunchServiceHandler.java:53) ~[modlauncher-10.0.9.jar:?]
	at cpw.mods.modlauncher.LaunchServiceHandler.launch(LaunchServiceHandler.java:71) ~[modlauncher-10.0.9.jar:?]
	at cpw.mods.modlauncher.Launcher.run(Launcher.java:108) ~[modlauncher-10.0.9.jar:?]
	at cpw.mods.modlauncher.Launcher.main(Launcher.java:78) ~[modlauncher-10.0.9.jar:?]
	at cpw.mods.modlauncher.BootstrapLaunchConsumer.accept(BootstrapLaunchConsumer.java:26) ~[modlauncher-10.0.9.jar:?]
	at cpw.mods.modlauncher.BootstrapLaunchConsumer.accept(BootstrapLaunchConsumer.java:23) ~[modlauncher-10.0.9.jar:?]
	at cpw.mods.bootstraplauncher.BootstrapLauncher.main(BootstrapLauncher.java:141) ~[bootstraplauncher-1.1.2.jar:?]
[144月2025 01:12:11.482] [Render thread/WARN] [net.minecraft.client.renderer.GameRenderer/]: Failed to load shader: minecraft:shaders/post/defile.json
java.io.FileNotFoundException: minecraft:shaders/post/defile.json
	at net.minecraft.server.packs.resources.ResourceProvider.lambda$getResourceOrThrow$0(ResourceProvider.java:21) ~[forge-1.20.1-47.4.0_mapped_official_1.20.1.jar:?]
	at java.util.Optional.orElseThrow(Optional.java:403) ~[?:?]
	at net.minecraft.server.packs.resources.ResourceProvider.getResourceOrThrow(ResourceProvider.java:21) ~[forge-1.20.1-47.4.0_mapped_official_1.20.1.jar:?]
	at net.minecraft.client.renderer.PostChain.load(PostChain.java:58) ~[forge-1.20.1-47.4.0_mapped_official_1.20.1.jar:?]
	at net.minecraft.client.renderer.PostChain.<init>(PostChain.java:54) ~[forge-1.20.1-47.4.0_mapped_official_1.20.1.jar:?]
	at net.minecraft.client.renderer.GameRenderer.loadEffect(GameRenderer.java:341) ~[forge-1.20.1-47.4.0_mapped_official_1.20.1.jar:?]
	at net.minecraftforge.event.ForgeEventFactory.handler$zzh000$onRenderTickEnd(ForgeEventFactory.java:1274) ~[forge-1.20.1-47.4.0_mapped_official_1.20.1.jar:?]
	at net.minecraftforge.event.ForgeEventFactory.onRenderTickEnd(ForgeEventFactory.java) ~[forge-1.20.1-47.4.0_mapped_official_1.20.1.jar:?]
	at net.minecraft.client.Minecraft.runTick(Minecraft.java:1148) ~[forge-1.20.1-47.4.0_mapped_official_1.20.1.jar:?]
	at net.minecraft.client.Minecraft.run(Minecraft.java:718) ~[forge-1.20.1-47.4.0_mapped_official_1.20.1.jar:?]
	at net.minecraft.client.main.Main.main(Main.java:218) ~[forge-1.20.1-47.4.0_mapped_official_1.20.1.jar:?]
	at jdk.internal.reflect.NativeMethodAccessorImpl.invoke0(Native Method) ~[?:?]
	at jdk.internal.reflect.NativeMethodAccessorImpl.invoke(NativeMethodAccessorImpl.java:77) ~[?:?]
	at jdk.internal.reflect.DelegatingMethodAccessorImpl.invoke(DelegatingMethodAccessorImpl.java:43) ~[?:?]
	at java.lang.reflect.Method.invoke(Method.java:568) ~[?:?]
	at net.minecraftforge.fml.loading.targets.CommonLaunchHandler.runTarget(CommonLaunchHandler.java:111) ~[fmlloader-1.20.1-47.4.0.jar:?]
	at net.minecraftforge.fml.loading.targets.CommonLaunchHandler.clientService(CommonLaunchHandler.java:99) ~[fmlloader-1.20.1-47.4.0.jar:?]
	at net.minecraftforge.fml.loading.targets.ForgeClientUserdevLaunchHandler.devService(ForgeClientUserdevLaunchHandler.java:19) ~[fmlloader-1.20.1-47.4.0.jar:?]
	at net.minecraftforge.fml.loading.targets.CommonDevLaunchHandler.lambda$makeService$7(CommonDevLaunchHandler.java:135) ~[fmlloader-1.20.1-47.4.0.jar:?]
	at cpw.mods.modlauncher.LaunchServiceHandlerDecorator.launch(LaunchServiceHandlerDecorator.java:30) ~[modlauncher-10.0.9.jar:?]
	at cpw.mods.modlauncher.LaunchServiceHandler.launch(LaunchServiceHandler.java:53) ~[modlauncher-10.0.9.jar:?]
	at cpw.mods.modlauncher.LaunchServiceHandler.launch(LaunchServiceHandler.java:71) ~[modlauncher-10.0.9.jar:?]
	at cpw.mods.modlauncher.Launcher.run(Launcher.java:108) ~[modlauncher-10.0.9.jar:?]
	at cpw.mods.modlauncher.Launcher.main(Launcher.java:78) ~[modlauncher-10.0.9.jar:?]
	at cpw.mods.modlauncher.BootstrapLaunchConsumer.accept(BootstrapLaunchConsumer.java:26) ~[modlauncher-10.0.9.jar:?]
	at cpw.mods.modlauncher.BootstrapLaunchConsumer.accept(BootstrapLaunchConsumer.java:23) ~[modlauncher-10.0.9.jar:?]
	at cpw.mods.bootstraplauncher.BootstrapLauncher.main(BootstrapLauncher.java:141) ~[bootstraplauncher-1.1.2.jar:?]
[144月2025 01:12:11.499] [Render thread/WARN] [net.minecraft.client.renderer.GameRenderer/]: Failed to load shader: minecraft:shaders/post/defile.json
java.io.FileNotFoundException: minecraft:shaders/post/defile.json
	at net.minecraft.server.packs.resources.ResourceProvider.lambda$getResourceOrThrow$0(ResourceProvider.java:21) ~[forge-1.20.1-47.4.0_mapped_official_1.20.1.jar:?]
	at java.util.Optional.orElseThrow(Optional.java:403) ~[?:?]
	at net.minecraft.server.packs.resources.ResourceProvider.getResourceOrThrow(ResourceProvider.java:21) ~[forge-1.20.1-47.4.0_mapped_official_1.20.1.jar:?]
	at net.minecraft.client.renderer.PostChain.load(PostChain.java:58) ~[forge-1.20.1-47.4.0_mapped_official_1.20.1.jar:?]
	at net.minecraft.client.renderer.PostChain.<init>(PostChain.java:54) ~[forge-1.20.1-47.4.0_mapped_official_1.20.1.jar:?]
	at net.minecraft.client.renderer.GameRenderer.loadEffect(GameRenderer.java:341) ~[forge-1.20.1-47.4.0_mapped_official_1.20.1.jar:?]
	at net.minecraftforge.event.ForgeEventFactory.handler$zzh000$onRenderTickEnd(ForgeEventFactory.java:1274) ~[forge-1.20.1-47.4.0_mapped_official_1.20.1.jar:?]
	at net.minecraftforge.event.ForgeEventFactory.onRenderTickEnd(ForgeEventFactory.java) ~[forge-1.20.1-47.4.0_mapped_official_1.20.1.jar:?]
	at net.minecraft.client.Minecraft.runTick(Minecraft.java:1148) ~[forge-1.20.1-47.4.0_mapped_official_1.20.1.jar:?]
	at net.minecraft.client.Minecraft.run(Minecraft.java:718) ~[forge-1.20.1-47.4.0_mapped_official_1.20.1.jar:?]
	at net.minecraft.client.main.Main.main(Main.java:218) ~[forge-1.20.1-47.4.0_mapped_official_1.20.1.jar:?]
	at jdk.internal.reflect.NativeMethodAccessorImpl.invoke0(Native Method) ~[?:?]
	at jdk.internal.reflect.NativeMethodAccessorImpl.invoke(NativeMethodAccessorImpl.java:77) ~[?:?]
	at jdk.internal.reflect.DelegatingMethodAccessorImpl.invoke(DelegatingMethodAccessorImpl.java:43) ~[?:?]
	at java.lang.reflect.Method.invoke(Method.java:568) ~[?:?]
	at net.minecraftforge.fml.loading.targets.CommonLaunchHandler.runTarget(CommonLaunchHandler.java:111) ~[fmlloader-1.20.1-47.4.0.jar:?]
	at net.minecraftforge.fml.loading.targets.CommonLaunchHandler.clientService(CommonLaunchHandler.java:99) ~[fmlloader-1.20.1-47.4.0.jar:?]
	at net.minecraftforge.fml.loading.targets.ForgeClientUserdevLaunchHandler.devService(ForgeClientUserdevLaunchHandler.java:19) ~[fmlloader-1.20.1-47.4.0.jar:?]
	at net.minecraftforge.fml.loading.targets.CommonDevLaunchHandler.lambda$makeService$7(CommonDevLaunchHandler.java:135) ~[fmlloader-1.20.1-47.4.0.jar:?]
	at cpw.mods.modlauncher.LaunchServiceHandlerDecorator.launch(LaunchServiceHandlerDecorator.java:30) ~[modlauncher-10.0.9.jar:?]
	at cpw.mods.modlauncher.LaunchServiceHandler.launch(LaunchServiceHandler.java:53) ~[modlauncher-10.0.9.jar:?]
	at cpw.mods.modlauncher.LaunchServiceHandler.launch(LaunchServiceHandler.java:71) ~[modlauncher-10.0.9.jar:?]
	at cpw.mods.modlauncher.Launcher.run(Launcher.java:108) ~[modlauncher-10.0.9.jar:?]
	at cpw.mods.modlauncher.Launcher.main(Launcher.java:78) ~[modlauncher-10.0.9.jar:?]
	at cpw.mods.modlauncher.BootstrapLaunchConsumer.accept(BootstrapLaunchConsumer.java:26) ~[modlauncher-10.0.9.jar:?]
	at cpw.mods.modlauncher.BootstrapLaunchConsumer.accept(BootstrapLaunchConsumer.java:23) ~[modlauncher-10.0.9.jar:?]
	at cpw.mods.bootstraplauncher.BootstrapLauncher.main(BootstrapLauncher.java:141) ~[bootstraplauncher-1.1.2.jar:?]
[144月2025 01:12:11.516] [Render thread/WARN] [net.minecraft.client.renderer.GameRenderer/]: Failed to load shader: minecraft:shaders/post/defile.json
java.io.FileNotFoundException: minecraft:shaders/post/defile.json
	at net.minecraft.server.packs.resources.ResourceProvider.lambda$getResourceOrThrow$0(ResourceProvider.java:21) ~[forge-1.20.1-47.4.0_mapped_official_1.20.1.jar:?]
	at java.util.Optional.orElseThrow(Optional.java:403) ~[?:?]
	at net.minecraft.server.packs.resources.ResourceProvider.getResourceOrThrow(ResourceProvider.java:21) ~[forge-1.20.1-47.4.0_mapped_official_1.20.1.jar:?]
	at net.minecraft.client.renderer.PostChain.load(PostChain.java:58) ~[forge-1.20.1-47.4.0_mapped_official_1.20.1.jar:?]
	at net.minecraft.client.renderer.PostChain.<init>(PostChain.java:54) ~[forge-1.20.1-47.4.0_mapped_official_1.20.1.jar:?]
	at net.minecraft.client.renderer.GameRenderer.loadEffect(GameRenderer.java:341) ~[forge-1.20.1-47.4.0_mapped_official_1.20.1.jar:?]
	at net.minecraftforge.event.ForgeEventFactory.handler$zzh000$onRenderTickEnd(ForgeEventFactory.java:1274) ~[forge-1.20.1-47.4.0_mapped_official_1.20.1.jar:?]
	at net.minecraftforge.event.ForgeEventFactory.onRenderTickEnd(ForgeEventFactory.java) ~[forge-1.20.1-47.4.0_mapped_official_1.20.1.jar:?]
	at net.minecraft.client.Minecraft.runTick(Minecraft.java:1148) ~[forge-1.20.1-47.4.0_mapped_official_1.20.1.jar:?]
	at net.minecraft.client.Minecraft.run(Minecraft.java:718) ~[forge-1.20.1-47.4.0_mapped_official_1.20.1.jar:?]
	at net.minecraft.client.main.Main.main(Main.java:218) ~[forge-1.20.1-47.4.0_mapped_official_1.20.1.jar:?]
	at jdk.internal.reflect.NativeMethodAccessorImpl.invoke0(Native Method) ~[?:?]
	at jdk.internal.reflect.NativeMethodAccessorImpl.invoke(NativeMethodAccessorImpl.java:77) ~[?:?]
	at jdk.internal.reflect.DelegatingMethodAccessorImpl.invoke(DelegatingMethodAccessorImpl.java:43) ~[?:?]
	at java.lang.reflect.Method.invoke(Method.java:568) ~[?:?]
	at net.minecraftforge.fml.loading.targets.CommonLaunchHandler.runTarget(CommonLaunchHandler.java:111) ~[fmlloader-1.20.1-47.4.0.jar:?]
	at net.minecraftforge.fml.loading.targets.CommonLaunchHandler.clientService(CommonLaunchHandler.java:99) ~[fmlloader-1.20.1-47.4.0.jar:?]
	at net.minecraftforge.fml.loading.targets.ForgeClientUserdevLaunchHandler.devService(ForgeClientUserdevLaunchHandler.java:19) ~[fmlloader-1.20.1-47.4.0.jar:?]
	at net.minecraftforge.fml.loading.targets.CommonDevLaunchHandler.lambda$makeService$7(CommonDevLaunchHandler.java:135) ~[fmlloader-1.20.1-47.4.0.jar:?]
	at cpw.mods.modlauncher.LaunchServiceHandlerDecorator.launch(LaunchServiceHandlerDecorator.java:30) ~[modlauncher-10.0.9.jar:?]
	at cpw.mods.modlauncher.LaunchServiceHandler.launch(LaunchServiceHandler.java:53) ~[modlauncher-10.0.9.jar:?]
	at cpw.mods.modlauncher.LaunchServiceHandler.launch(LaunchServiceHandler.java:71) ~[modlauncher-10.0.9.jar:?]
	at cpw.mods.modlauncher.Launcher.run(Launcher.java:108) ~[modlauncher-10.0.9.jar:?]
	at cpw.mods.modlauncher.Launcher.main(Launcher.java:78) ~[modlauncher-10.0.9.jar:?]
	at cpw.mods.modlauncher.BootstrapLaunchConsumer.accept(BootstrapLaunchConsumer.java:26) ~[modlauncher-10.0.9.jar:?]
	at cpw.mods.modlauncher.BootstrapLaunchConsumer.accept(BootstrapLaunchConsumer.java:23) ~[modlauncher-10.0.9.jar:?]
	at cpw.mods.bootstraplauncher.BootstrapLauncher.main(BootstrapLauncher.java:141) ~[bootstraplauncher-1.1.2.jar:?]
[144月2025 01:12:11.533] [Render thread/WARN] [net.minecraft.client.renderer.GameRenderer/]: Failed to load shader: minecraft:shaders/post/defile.json
java.io.FileNotFoundException: minecraft:shaders/post/defile.json
	at net.minecraft.server.packs.resources.ResourceProvider.lambda$getResourceOrThrow$0(ResourceProvider.java:21) ~[forge-1.20.1-47.4.0_mapped_official_1.20.1.jar:?]
	at java.util.Optional.orElseThrow(Optional.java:403) ~[?:?]
	at net.minecraft.server.packs.resources.ResourceProvider.getResourceOrThrow(ResourceProvider.java:21) ~[forge-1.20.1-47.4.0_mapped_official_1.20.1.jar:?]
	at net.minecraft.client.renderer.PostChain.load(PostChain.java:58) ~[forge-1.20.1-47.4.0_mapped_official_1.20.1.jar:?]
	at net.minecraft.client.renderer.PostChain.<init>(PostChain.java:54) ~[forge-1.20.1-47.4.0_mapped_official_1.20.1.jar:?]
	at net.minecraft.client.renderer.GameRenderer.loadEffect(GameRenderer.java:341) ~[forge-1.20.1-47.4.0_mapped_official_1.20.1.jar:?]
	at net.minecraftforge.event.ForgeEventFactory.handler$zzh000$onRenderTickEnd(ForgeEventFactory.java:1274) ~[forge-1.20.1-47.4.0_mapped_official_1.20.1.jar:?]
	at net.minecraftforge.event.ForgeEventFactory.onRenderTickEnd(ForgeEventFactory.java) ~[forge-1.20.1-47.4.0_mapped_official_1.20.1.jar:?]
	at net.minecraft.client.Minecraft.runTick(Minecraft.java:1148) ~[forge-1.20.1-47.4.0_mapped_official_1.20.1.jar:?]
	at net.minecraft.client.Minecraft.run(Minecraft.java:718) ~[forge-1.20.1-47.4.0_mapped_official_1.20.1.jar:?]
	at net.minecraft.client.main.Main.main(Main.java:218) ~[forge-1.20.1-47.4.0_mapped_official_1.20.1.jar:?]
	at jdk.internal.reflect.NativeMethodAccessorImpl.invoke0(Native Method) ~[?:?]
	at jdk.internal.reflect.NativeMethodAccessorImpl.invoke(NativeMethodAccessorImpl.java:77) ~[?:?]
	at jdk.internal.reflect.DelegatingMethodAccessorImpl.invoke(DelegatingMethodAccessorImpl.java:43) ~[?:?]
	at java.lang.reflect.Method.invoke(Method.java:568) ~[?:?]
	at net.minecraftforge.fml.loading.targets.CommonLaunchHandler.runTarget(CommonLaunchHandler.java:111) ~[fmlloader-1.20.1-47.4.0.jar:?]
	at net.minecraftforge.fml.loading.targets.CommonLaunchHandler.clientService(CommonLaunchHandler.java:99) ~[fmlloader-1.20.1-47.4.0.jar:?]
	at net.minecraftforge.fml.loading.targets.ForgeClientUserdevLaunchHandler.devService(ForgeClientUserdevLaunchHandler.java:19) ~[fmlloader-1.20.1-47.4.0.jar:?]
	at net.minecraftforge.fml.loading.targets.CommonDevLaunchHandler.lambda$makeService$7(CommonDevLaunchHandler.java:135) ~[fmlloader-1.20.1-47.4.0.jar:?]
	at cpw.mods.modlauncher.LaunchServiceHandlerDecorator.launch(LaunchServiceHandlerDecorator.java:30) ~[modlauncher-10.0.9.jar:?]
	at cpw.mods.modlauncher.LaunchServiceHandler.launch(LaunchServiceHandler.java:53) ~[modlauncher-10.0.9.jar:?]
	at cpw.mods.modlauncher.LaunchServiceHandler.launch(LaunchServiceHandler.java:71) ~[modlauncher-10.0.9.jar:?]
	at cpw.mods.modlauncher.Launcher.run(Launcher.java:108) ~[modlauncher-10.0.9.jar:?]
	at cpw.mods.modlauncher.Launcher.main(Launcher.java:78) ~[modlauncher-10.0.9.jar:?]
	at cpw.mods.modlauncher.BootstrapLaunchConsumer.accept(BootstrapLaunchConsumer.java:26) ~[modlauncher-10.0.9.jar:?]
	at cpw.mods.modlauncher.BootstrapLaunchConsumer.accept(BootstrapLaunchConsumer.java:23) ~[modlauncher-10.0.9.jar:?]
	at cpw.mods.bootstraplauncher.BootstrapLauncher.main(BootstrapLauncher.java:141) ~[bootstraplauncher-1.1.2.jar:?]
[144月2025 01:12:11.549] [Render thread/WARN] [net.minecraft.client.renderer.GameRenderer/]: Failed to load shader: minecraft:shaders/post/defile.json
java.io.FileNotFoundException: minecraft:shaders/post/defile.json
	at net.minecraft.server.packs.resources.ResourceProvider.lambda$getResourceOrThrow$0(ResourceProvider.java:21) ~[forge-1.20.1-47.4.0_mapped_official_1.20.1.jar:?]
	at java.util.Optional.orElseThrow(Optional.java:403) ~[?:?]
	at net.minecraft.server.packs.resources.ResourceProvider.getResourceOrThrow(ResourceProvider.java:21) ~[forge-1.20.1-47.4.0_mapped_official_1.20.1.jar:?]
	at net.minecraft.client.renderer.PostChain.load(PostChain.java:58) ~[forge-1.20.1-47.4.0_mapped_official_1.20.1.jar:?]
	at net.minecraft.client.renderer.PostChain.<init>(PostChain.java:54) ~[forge-1.20.1-47.4.0_mapped_official_1.20.1.jar:?]
	at net.minecraft.client.renderer.GameRenderer.loadEffect(GameRenderer.java:341) ~[forge-1.20.1-47.4.0_mapped_official_1.20.1.jar:?]
	at net.minecraftforge.event.ForgeEventFactory.handler$zzh000$onRenderTickEnd(ForgeEventFactory.java:1274) ~[forge-1.20.1-47.4.0_mapped_official_1.20.1.jar:?]
	at net.minecraftforge.event.ForgeEventFactory.onRenderTickEnd(ForgeEventFactory.java) ~[forge-1.20.1-47.4.0_mapped_official_1.20.1.jar:?]
	at net.minecraft.client.Minecraft.runTick(Minecraft.java:1148) ~[forge-1.20.1-47.4.0_mapped_official_1.20.1.jar:?]
	at net.minecraft.client.Minecraft.run(Minecraft.java:718) ~[forge-1.20.1-47.4.0_mapped_official_1.20.1.jar:?]
	at net.minecraft.client.main.Main.main(Main.java:218) ~[forge-1.20.1-47.4.0_mapped_official_1.20.1.jar:?]
	at jdk.internal.reflect.NativeMethodAccessorImpl.invoke0(Native Method) ~[?:?]
	at jdk.internal.reflect.NativeMethodAccessorImpl.invoke(NativeMethodAccessorImpl.java:77) ~[?:?]
	at jdk.internal.reflect.DelegatingMethodAccessorImpl.invoke(DelegatingMethodAccessorImpl.java:43) ~[?:?]
	at java.lang.reflect.Method.invoke(Method.java:568) ~[?:?]
	at net.minecraftforge.fml.loading.targets.CommonLaunchHandler.runTarget(CommonLaunchHandler.java:111) ~[fmlloader-1.20.1-47.4.0.jar:?]
	at net.minecraftforge.fml.loading.targets.CommonLaunchHandler.clientService(CommonLaunchHandler.java:99) ~[fmlloader-1.20.1-47.4.0.jar:?]
	at net.minecraftforge.fml.loading.targets.ForgeClientUserdevLaunchHandler.devService(ForgeClientUserdevLaunchHandler.java:19) ~[fmlloader-1.20.1-47.4.0.jar:?]
	at net.minecraftforge.fml.loading.targets.CommonDevLaunchHandler.lambda$makeService$7(CommonDevLaunchHandler.java:135) ~[fmlloader-1.20.1-47.4.0.jar:?]
	at cpw.mods.modlauncher.LaunchServiceHandlerDecorator.launch(LaunchServiceHandlerDecorator.java:30) ~[modlauncher-10.0.9.jar:?]
	at cpw.mods.modlauncher.LaunchServiceHandler.launch(LaunchServiceHandler.java:53) ~[modlauncher-10.0.9.jar:?]
	at cpw.mods.modlauncher.LaunchServiceHandler.launch(LaunchServiceHandler.java:71) ~[modlauncher-10.0.9.jar:?]
	at cpw.mods.modlauncher.Launcher.run(Launcher.java:108) ~[modlauncher-10.0.9.jar:?]
	at cpw.mods.modlauncher.Launcher.main(Launcher.java:78) ~[modlauncher-10.0.9.jar:?]
	at cpw.mods.modlauncher.BootstrapLaunchConsumer.accept(BootstrapLaunchConsumer.java:26) ~[modlauncher-10.0.9.jar:?]
	at cpw.mods.modlauncher.BootstrapLaunchConsumer.accept(BootstrapLaunchConsumer.java:23) ~[modlauncher-10.0.9.jar:?]
	at cpw.mods.bootstraplauncher.BootstrapLauncher.main(BootstrapLauncher.java:141) ~[bootstraplauncher-1.1.2.jar:?]
[144月2025 01:12:11.569] [Render thread/WARN] [net.minecraft.client.renderer.GameRenderer/]: Failed to load shader: minecraft:shaders/post/defile.json
java.io.FileNotFoundException: minecraft:shaders/post/defile.json
	at net.minecraft.server.packs.resources.ResourceProvider.lambda$getResourceOrThrow$0(ResourceProvider.java:21) ~[forge-1.20.1-47.4.0_mapped_official_1.20.1.jar:?]
	at java.util.Optional.orElseThrow(Optional.java:403) ~[?:?]
	at net.minecraft.server.packs.resources.ResourceProvider.getResourceOrThrow(ResourceProvider.java:21) ~[forge-1.20.1-47.4.0_mapped_official_1.20.1.jar:?]
	at net.minecraft.client.renderer.PostChain.load(PostChain.java:58) ~[forge-1.20.1-47.4.0_mapped_official_1.20.1.jar:?]
	at net.minecraft.client.renderer.PostChain.<init>(PostChain.java:54) ~[forge-1.20.1-47.4.0_mapped_official_1.20.1.jar:?]
	at net.minecraft.client.renderer.GameRenderer.loadEffect(GameRenderer.java:341) ~[forge-1.20.1-47.4.0_mapped_official_1.20.1.jar:?]
	at net.minecraftforge.event.ForgeEventFactory.handler$zzh000$onRenderTickEnd(ForgeEventFactory.java:1274) ~[forge-1.20.1-47.4.0_mapped_official_1.20.1.jar:?]
	at net.minecraftforge.event.ForgeEventFactory.onRenderTickEnd(ForgeEventFactory.java) ~[forge-1.20.1-47.4.0_mapped_official_1.20.1.jar:?]
	at net.minecraft.client.Minecraft.runTick(Minecraft.java:1148) ~[forge-1.20.1-47.4.0_mapped_official_1.20.1.jar:?]
	at net.minecraft.client.Minecraft.run(Minecraft.java:718) ~[forge-1.20.1-47.4.0_mapped_official_1.20.1.jar:?]
	at net.minecraft.client.main.Main.main(Main.java:218) ~[forge-1.20.1-47.4.0_mapped_official_1.20.1.jar:?]
	at jdk.internal.reflect.NativeMethodAccessorImpl.invoke0(Native Method) ~[?:?]
	at jdk.internal.reflect.NativeMethodAccessorImpl.invoke(NativeMethodAccessorImpl.java:77) ~[?:?]
	at jdk.internal.reflect.DelegatingMethodAccessorImpl.invoke(DelegatingMethodAccessorImpl.java:43) ~[?:?]
	at java.lang.reflect.Method.invoke(Method.java:568) ~[?:?]
	at net.minecraftforge.fml.loading.targets.CommonLaunchHandler.runTarget(CommonLaunchHandler.java:111) ~[fmlloader-1.20.1-47.4.0.jar:?]
	at net.minecraftforge.fml.loading.targets.CommonLaunchHandler.clientService(CommonLaunchHandler.java:99) ~[fmlloader-1.20.1-47.4.0.jar:?]
	at net.minecraftforge.fml.loading.targets.ForgeClientUserdevLaunchHandler.devService(ForgeClientUserdevLaunchHandler.java:19) ~[fmlloader-1.20.1-47.4.0.jar:?]
	at net.minecraftforge.fml.loading.targets.CommonDevLaunchHandler.lambda$makeService$7(CommonDevLaunchHandler.java:135) ~[fmlloader-1.20.1-47.4.0.jar:?]
	at cpw.mods.modlauncher.LaunchServiceHandlerDecorator.launch(LaunchServiceHandlerDecorator.java:30) ~[modlauncher-10.0.9.jar:?]
	at cpw.mods.modlauncher.LaunchServiceHandler.launch(LaunchServiceHandler.java:53) ~[modlauncher-10.0.9.jar:?]
	at cpw.mods.modlauncher.LaunchServiceHandler.launch(LaunchServiceHandler.java:71) ~[modlauncher-10.0.9.jar:?]
	at cpw.mods.modlauncher.Launcher.run(Launcher.java:108) ~[modlauncher-10.0.9.jar:?]
	at cpw.mods.modlauncher.Launcher.main(Launcher.java:78) ~[modlauncher-10.0.9.jar:?]
	at cpw.mods.modlauncher.BootstrapLaunchConsumer.accept(BootstrapLaunchConsumer.java:26) ~[modlauncher-10.0.9.jar:?]
	at cpw.mods.modlauncher.BootstrapLaunchConsumer.accept(BootstrapLaunchConsumer.java:23) ~[modlauncher-10.0.9.jar:?]
	at cpw.mods.bootstraplauncher.BootstrapLauncher.main(BootstrapLauncher.java:141) ~[bootstraplauncher-1.1.2.jar:?]
[144月2025 01:12:11.583] [Render thread/WARN] [net.minecraft.client.renderer.GameRenderer/]: Failed to load shader: minecraft:shaders/post/defile.json
java.io.FileNotFoundException: minecraft:shaders/post/defile.json
	at net.minecraft.server.packs.resources.ResourceProvider.lambda$getResourceOrThrow$0(ResourceProvider.java:21) ~[forge-1.20.1-47.4.0_mapped_official_1.20.1.jar:?]
	at java.util.Optional.orElseThrow(Optional.java:403) ~[?:?]
	at net.minecraft.server.packs.resources.ResourceProvider.getResourceOrThrow(ResourceProvider.java:21) ~[forge-1.20.1-47.4.0_mapped_official_1.20.1.jar:?]
	at net.minecraft.client.renderer.PostChain.load(PostChain.java:58) ~[forge-1.20.1-47.4.0_mapped_official_1.20.1.jar:?]
	at net.minecraft.client.renderer.PostChain.<init>(PostChain.java:54) ~[forge-1.20.1-47.4.0_mapped_official_1.20.1.jar:?]
	at net.minecraft.client.renderer.GameRenderer.loadEffect(GameRenderer.java:341) ~[forge-1.20.1-47.4.0_mapped_official_1.20.1.jar:?]
	at net.minecraftforge.event.ForgeEventFactory.handler$zzh000$onRenderTickEnd(ForgeEventFactory.java:1274) ~[forge-1.20.1-47.4.0_mapped_official_1.20.1.jar:?]
	at net.minecraftforge.event.ForgeEventFactory.onRenderTickEnd(ForgeEventFactory.java) ~[forge-1.20.1-47.4.0_mapped_official_1.20.1.jar:?]
	at net.minecraft.client.Minecraft.runTick(Minecraft.java:1148) ~[forge-1.20.1-47.4.0_mapped_official_1.20.1.jar:?]
	at net.minecraft.client.Minecraft.run(Minecraft.java:718) ~[forge-1.20.1-47.4.0_mapped_official_1.20.1.jar:?]
	at net.minecraft.client.main.Main.main(Main.java:218) ~[forge-1.20.1-47.4.0_mapped_official_1.20.1.jar:?]
	at jdk.internal.reflect.NativeMethodAccessorImpl.invoke0(Native Method) ~[?:?]
	at jdk.internal.reflect.NativeMethodAccessorImpl.invoke(NativeMethodAccessorImpl.java:77) ~[?:?]
	at jdk.internal.reflect.DelegatingMethodAccessorImpl.invoke(DelegatingMethodAccessorImpl.java:43) ~[?:?]
	at java.lang.reflect.Method.invoke(Method.java:568) ~[?:?]
	at net.minecraftforge.fml.loading.targets.CommonLaunchHandler.runTarget(CommonLaunchHandler.java:111) ~[fmlloader-1.20.1-47.4.0.jar:?]
	at net.minecraftforge.fml.loading.targets.CommonLaunchHandler.clientService(CommonLaunchHandler.java:99) ~[fmlloader-1.20.1-47.4.0.jar:?]
	at net.minecraftforge.fml.loading.targets.ForgeClientUserdevLaunchHandler.devService(ForgeClientUserdevLaunchHandler.java:19) ~[fmlloader-1.20.1-47.4.0.jar:?]
	at net.minecraftforge.fml.loading.targets.CommonDevLaunchHandler.lambda$makeService$7(CommonDevLaunchHandler.java:135) ~[fmlloader-1.20.1-47.4.0.jar:?]
	at cpw.mods.modlauncher.LaunchServiceHandlerDecorator.launch(LaunchServiceHandlerDecorator.java:30) ~[modlauncher-10.0.9.jar:?]
	at cpw.mods.modlauncher.LaunchServiceHandler.launch(LaunchServiceHandler.java:53) ~[modlauncher-10.0.9.jar:?]
	at cpw.mods.modlauncher.LaunchServiceHandler.launch(LaunchServiceHandler.java:71) ~[modlauncher-10.0.9.jar:?]
	at cpw.mods.modlauncher.Launcher.run(Launcher.java:108) ~[modlauncher-10.0.9.jar:?]
	at cpw.mods.modlauncher.Launcher.main(Launcher.java:78) ~[modlauncher-10.0.9.jar:?]
	at cpw.mods.modlauncher.BootstrapLaunchConsumer.accept(BootstrapLaunchConsumer.java:26) ~[modlauncher-10.0.9.jar:?]
	at cpw.mods.modlauncher.BootstrapLaunchConsumer.accept(BootstrapLaunchConsumer.java:23) ~[modlauncher-10.0.9.jar:?]
	at cpw.mods.bootstraplauncher.BootstrapLauncher.main(BootstrapLauncher.java:141) ~[bootstraplauncher-1.1.2.jar:?]
[144月2025 01:12:11.602] [Render thread/WARN] [net.minecraft.client.renderer.GameRenderer/]: Failed to load shader: minecraft:shaders/post/defile.json
java.io.FileNotFoundException: minecraft:shaders/post/defile.json
	at net.minecraft.server.packs.resources.ResourceProvider.lambda$getResourceOrThrow$0(ResourceProvider.java:21) ~[forge-1.20.1-47.4.0_mapped_official_1.20.1.jar:?]
	at java.util.Optional.orElseThrow(Optional.java:403) ~[?:?]
	at net.minecraft.server.packs.resources.ResourceProvider.getResourceOrThrow(ResourceProvider.java:21) ~[forge-1.20.1-47.4.0_mapped_official_1.20.1.jar:?]
	at net.minecraft.client.renderer.PostChain.load(PostChain.java:58) ~[forge-1.20.1-47.4.0_mapped_official_1.20.1.jar:?]
	at net.minecraft.client.renderer.PostChain.<init>(PostChain.java:54) ~[forge-1.20.1-47.4.0_mapped_official_1.20.1.jar:?]
	at net.minecraft.client.renderer.GameRenderer.loadEffect(GameRenderer.java:341) ~[forge-1.20.1-47.4.0_mapped_official_1.20.1.jar:?]
	at net.minecraftforge.event.ForgeEventFactory.handler$zzh000$onRenderTickEnd(ForgeEventFactory.java:1274) ~[forge-1.20.1-47.4.0_mapped_official_1.20.1.jar:?]
	at net.minecraftforge.event.ForgeEventFactory.onRenderTickEnd(ForgeEventFactory.java) ~[forge-1.20.1-47.4.0_mapped_official_1.20.1.jar:?]
	at net.minecraft.client.Minecraft.runTick(Minecraft.java:1148) ~[forge-1.20.1-47.4.0_mapped_official_1.20.1.jar:?]
	at net.minecraft.client.Minecraft.run(Minecraft.java:718) ~[forge-1.20.1-47.4.0_mapped_official_1.20.1.jar:?]
	at net.minecraft.client.main.Main.main(Main.java:218) ~[forge-1.20.1-47.4.0_mapped_official_1.20.1.jar:?]
	at jdk.internal.reflect.NativeMethodAccessorImpl.invoke0(Native Method) ~[?:?]
	at jdk.internal.reflect.NativeMethodAccessorImpl.invoke(NativeMethodAccessorImpl.java:77) ~[?:?]
	at jdk.internal.reflect.DelegatingMethodAccessorImpl.invoke(DelegatingMethodAccessorImpl.java:43) ~[?:?]
	at java.lang.reflect.Method.invoke(Method.java:568) ~[?:?]
	at net.minecraftforge.fml.loading.targets.CommonLaunchHandler.runTarget(CommonLaunchHandler.java:111) ~[fmlloader-1.20.1-47.4.0.jar:?]
	at net.minecraftforge.fml.loading.targets.CommonLaunchHandler.clientService(CommonLaunchHandler.java:99) ~[fmlloader-1.20.1-47.4.0.jar:?]
	at net.minecraftforge.fml.loading.targets.ForgeClientUserdevLaunchHandler.devService(ForgeClientUserdevLaunchHandler.java:19) ~[fmlloader-1.20.1-47.4.0.jar:?]
	at net.minecraftforge.fml.loading.targets.CommonDevLaunchHandler.lambda$makeService$7(CommonDevLaunchHandler.java:135) ~[fmlloader-1.20.1-47.4.0.jar:?]
	at cpw.mods.modlauncher.LaunchServiceHandlerDecorator.launch(LaunchServiceHandlerDecorator.java:30) ~[modlauncher-10.0.9.jar:?]
	at cpw.mods.modlauncher.LaunchServiceHandler.launch(LaunchServiceHandler.java:53) ~[modlauncher-10.0.9.jar:?]
	at cpw.mods.modlauncher.LaunchServiceHandler.launch(LaunchServiceHandler.java:71) ~[modlauncher-10.0.9.jar:?]
	at cpw.mods.modlauncher.Launcher.run(Launcher.java:108) ~[modlauncher-10.0.9.jar:?]
	at cpw.mods.modlauncher.Launcher.main(Launcher.java:78) ~[modlauncher-10.0.9.jar:?]
	at cpw.mods.modlauncher.BootstrapLaunchConsumer.accept(BootstrapLaunchConsumer.java:26) ~[modlauncher-10.0.9.jar:?]
	at cpw.mods.modlauncher.BootstrapLaunchConsumer.accept(BootstrapLaunchConsumer.java:23) ~[modlauncher-10.0.9.jar:?]
	at cpw.mods.bootstraplauncher.BootstrapLauncher.main(BootstrapLauncher.java:141) ~[bootstraplauncher-1.1.2.jar:?]
[144月2025 01:12:11.621] [Render thread/WARN] [net.minecraft.client.renderer.GameRenderer/]: Failed to load shader: minecraft:shaders/post/defile.json
java.io.FileNotFoundException: minecraft:shaders/post/defile.json
	at net.minecraft.server.packs.resources.ResourceProvider.lambda$getResourceOrThrow$0(ResourceProvider.java:21) ~[forge-1.20.1-47.4.0_mapped_official_1.20.1.jar:?]
	at java.util.Optional.orElseThrow(Optional.java:403) ~[?:?]
	at net.minecraft.server.packs.resources.ResourceProvider.getResourceOrThrow(ResourceProvider.java:21) ~[forge-1.20.1-47.4.0_mapped_official_1.20.1.jar:?]
	at net.minecraft.client.renderer.PostChain.load(PostChain.java:58) ~[forge-1.20.1-47.4.0_mapped_official_1.20.1.jar:?]
	at net.minecraft.client.renderer.PostChain.<init>(PostChain.java:54) ~[forge-1.20.1-47.4.0_mapped_official_1.20.1.jar:?]
	at net.minecraft.client.renderer.GameRenderer.loadEffect(GameRenderer.java:341) ~[forge-1.20.1-47.4.0_mapped_official_1.20.1.jar:?]
	at net.minecraftforge.event.ForgeEventFactory.handler$zzh000$onRenderTickEnd(ForgeEventFactory.java:1274) ~[forge-1.20.1-47.4.0_mapped_official_1.20.1.jar:?]
	at net.minecraftforge.event.ForgeEventFactory.onRenderTickEnd(ForgeEventFactory.java) ~[forge-1.20.1-47.4.0_mapped_official_1.20.1.jar:?]
	at net.minecraft.client.Minecraft.runTick(Minecraft.java:1148) ~[forge-1.20.1-47.4.0_mapped_official_1.20.1.jar:?]
	at net.minecraft.client.Minecraft.run(Minecraft.java:718) ~[forge-1.20.1-47.4.0_mapped_official_1.20.1.jar:?]
	at net.minecraft.client.main.Main.main(Main.java:218) ~[forge-1.20.1-47.4.0_mapped_official_1.20.1.jar:?]
	at jdk.internal.reflect.NativeMethodAccessorImpl.invoke0(Native Method) ~[?:?]
	at jdk.internal.reflect.NativeMethodAccessorImpl.invoke(NativeMethodAccessorImpl.java:77) ~[?:?]
	at jdk.internal.reflect.DelegatingMethodAccessorImpl.invoke(DelegatingMethodAccessorImpl.java:43) ~[?:?]
	at java.lang.reflect.Method.invoke(Method.java:568) ~[?:?]
	at net.minecraftforge.fml.loading.targets.CommonLaunchHandler.runTarget(CommonLaunchHandler.java:111) ~[fmlloader-1.20.1-47.4.0.jar:?]
	at net.minecraftforge.fml.loading.targets.CommonLaunchHandler.clientService(CommonLaunchHandler.java:99) ~[fmlloader-1.20.1-47.4.0.jar:?]
	at net.minecraftforge.fml.loading.targets.ForgeClientUserdevLaunchHandler.devService(ForgeClientUserdevLaunchHandler.java:19) ~[fmlloader-1.20.1-47.4.0.jar:?]
	at net.minecraftforge.fml.loading.targets.CommonDevLaunchHandler.lambda$makeService$7(CommonDevLaunchHandler.java:135) ~[fmlloader-1.20.1-47.4.0.jar:?]
	at cpw.mods.modlauncher.LaunchServiceHandlerDecorator.launch(LaunchServiceHandlerDecorator.java:30) ~[modlauncher-10.0.9.jar:?]
	at cpw.mods.modlauncher.LaunchServiceHandler.launch(LaunchServiceHandler.java:53) ~[modlauncher-10.0.9.jar:?]
	at cpw.mods.modlauncher.LaunchServiceHandler.launch(LaunchServiceHandler.java:71) ~[modlauncher-10.0.9.jar:?]
	at cpw.mods.modlauncher.Launcher.run(Launcher.java:108) ~[modlauncher-10.0.9.jar:?]
	at cpw.mods.modlauncher.Launcher.main(Launcher.java:78) ~[modlauncher-10.0.9.jar:?]
	at cpw.mods.modlauncher.BootstrapLaunchConsumer.accept(BootstrapLaunchConsumer.java:26) ~[modlauncher-10.0.9.jar:?]
	at cpw.mods.modlauncher.BootstrapLaunchConsumer.accept(BootstrapLaunchConsumer.java:23) ~[modlauncher-10.0.9.jar:?]
	at cpw.mods.bootstraplauncher.BootstrapLauncher.main(BootstrapLauncher.java:141) ~[bootstraplauncher-1.1.2.jar:?]
[144月2025 01:12:11.638] [Render thread/WARN] [net.minecraft.client.renderer.GameRenderer/]: Failed to load shader: minecraft:shaders/post/defile.json
java.io.FileNotFoundException: minecraft:shaders/post/defile.json
	at net.minecraft.server.packs.resources.ResourceProvider.lambda$getResourceOrThrow$0(ResourceProvider.java:21) ~[forge-1.20.1-47.4.0_mapped_official_1.20.1.jar:?]
	at java.util.Optional.orElseThrow(Optional.java:403) ~[?:?]
	at net.minecraft.server.packs.resources.ResourceProvider.getResourceOrThrow(ResourceProvider.java:21) ~[forge-1.20.1-47.4.0_mapped_official_1.20.1.jar:?]
	at net.minecraft.client.renderer.PostChain.load(PostChain.java:58) ~[forge-1.20.1-47.4.0_mapped_official_1.20.1.jar:?]
	at net.minecraft.client.renderer.PostChain.<init>(PostChain.java:54) ~[forge-1.20.1-47.4.0_mapped_official_1.20.1.jar:?]
	at net.minecraft.client.renderer.GameRenderer.loadEffect(GameRenderer.java:341) ~[forge-1.20.1-47.4.0_mapped_official_1.20.1.jar:?]
	at net.minecraftforge.event.ForgeEventFactory.handler$zzh000$onRenderTickEnd(ForgeEventFactory.java:1274) ~[forge-1.20.1-47.4.0_mapped_official_1.20.1.jar:?]
	at net.minecraftforge.event.ForgeEventFactory.onRenderTickEnd(ForgeEventFactory.java) ~[forge-1.20.1-47.4.0_mapped_official_1.20.1.jar:?]
	at net.minecraft.client.Minecraft.runTick(Minecraft.java:1148) ~[forge-1.20.1-47.4.0_mapped_official_1.20.1.jar:?]
	at net.minecraft.client.Minecraft.run(Minecraft.java:718) ~[forge-1.20.1-47.4.0_mapped_official_1.20.1.jar:?]
	at net.minecraft.client.main.Main.main(Main.java:218) ~[forge-1.20.1-47.4.0_mapped_official_1.20.1.jar:?]
	at jdk.internal.reflect.NativeMethodAccessorImpl.invoke0(Native Method) ~[?:?]
	at jdk.internal.reflect.NativeMethodAccessorImpl.invoke(NativeMethodAccessorImpl.java:77) ~[?:?]
	at jdk.internal.reflect.DelegatingMethodAccessorImpl.invoke(DelegatingMethodAccessorImpl.java:43) ~[?:?]
	at java.lang.reflect.Method.invoke(Method.java:568) ~[?:?]
	at net.minecraftforge.fml.loading.targets.CommonLaunchHandler.runTarget(CommonLaunchHandler.java:111) ~[fmlloader-1.20.1-47.4.0.jar:?]
	at net.minecraftforge.fml.loading.targets.CommonLaunchHandler.clientService(CommonLaunchHandler.java:99) ~[fmlloader-1.20.1-47.4.0.jar:?]
	at net.minecraftforge.fml.loading.targets.ForgeClientUserdevLaunchHandler.devService(ForgeClientUserdevLaunchHandler.java:19) ~[fmlloader-1.20.1-47.4.0.jar:?]
	at net.minecraftforge.fml.loading.targets.CommonDevLaunchHandler.lambda$makeService$7(CommonDevLaunchHandler.java:135) ~[fmlloader-1.20.1-47.4.0.jar:?]
	at cpw.mods.modlauncher.LaunchServiceHandlerDecorator.launch(LaunchServiceHandlerDecorator.java:30) ~[modlauncher-10.0.9.jar:?]
	at cpw.mods.modlauncher.LaunchServiceHandler.launch(LaunchServiceHandler.java:53) ~[modlauncher-10.0.9.jar:?]
	at cpw.mods.modlauncher.LaunchServiceHandler.launch(LaunchServiceHandler.java:71) ~[modlauncher-10.0.9.jar:?]
	at cpw.mods.modlauncher.Launcher.run(Launcher.java:108) ~[modlauncher-10.0.9.jar:?]
	at cpw.mods.modlauncher.Launcher.main(Launcher.java:78) ~[modlauncher-10.0.9.jar:?]
	at cpw.mods.modlauncher.BootstrapLaunchConsumer.accept(BootstrapLaunchConsumer.java:26) ~[modlauncher-10.0.9.jar:?]
	at cpw.mods.modlauncher.BootstrapLaunchConsumer.accept(BootstrapLaunchConsumer.java:23) ~[modlauncher-10.0.9.jar:?]
	at cpw.mods.bootstraplauncher.BootstrapLauncher.main(BootstrapLauncher.java:141) ~[bootstraplauncher-1.1.2.jar:?]
[144月2025 01:12:11.655] [Render thread/WARN] [net.minecraft.client.renderer.GameRenderer/]: Failed to load shader: minecraft:shaders/post/defile.json
java.io.FileNotFoundException: minecraft:shaders/post/defile.json
	at net.minecraft.server.packs.resources.ResourceProvider.lambda$getResourceOrThrow$0(ResourceProvider.java:21) ~[forge-1.20.1-47.4.0_mapped_official_1.20.1.jar:?]
	at java.util.Optional.orElseThrow(Optional.java:403) ~[?:?]
	at net.minecraft.server.packs.resources.ResourceProvider.getResourceOrThrow(ResourceProvider.java:21) ~[forge-1.20.1-47.4.0_mapped_official_1.20.1.jar:?]
	at net.minecraft.client.renderer.PostChain.load(PostChain.java:58) ~[forge-1.20.1-47.4.0_mapped_official_1.20.1.jar:?]
	at net.minecraft.client.renderer.PostChain.<init>(PostChain.java:54) ~[forge-1.20.1-47.4.0_mapped_official_1.20.1.jar:?]
	at net.minecraft.client.renderer.GameRenderer.loadEffect(GameRenderer.java:341) ~[forge-1.20.1-47.4.0_mapped_official_1.20.1.jar:?]
	at net.minecraftforge.event.ForgeEventFactory.handler$zzh000$onRenderTickEnd(ForgeEventFactory.java:1274) ~[forge-1.20.1-47.4.0_mapped_official_1.20.1.jar:?]
	at net.minecraftforge.event.ForgeEventFactory.onRenderTickEnd(ForgeEventFactory.java) ~[forge-1.20.1-47.4.0_mapped_official_1.20.1.jar:?]
	at net.minecraft.client.Minecraft.runTick(Minecraft.java:1148) ~[forge-1.20.1-47.4.0_mapped_official_1.20.1.jar:?]
	at net.minecraft.client.Minecraft.run(Minecraft.java:718) ~[forge-1.20.1-47.4.0_mapped_official_1.20.1.jar:?]
	at net.minecraft.client.main.Main.main(Main.java:218) ~[forge-1.20.1-47.4.0_mapped_official_1.20.1.jar:?]
	at jdk.internal.reflect.NativeMethodAccessorImpl.invoke0(Native Method) ~[?:?]
	at jdk.internal.reflect.NativeMethodAccessorImpl.invoke(NativeMethodAccessorImpl.java:77) ~[?:?]
	at jdk.internal.reflect.DelegatingMethodAccessorImpl.invoke(DelegatingMethodAccessorImpl.java:43) ~[?:?]
	at java.lang.reflect.Method.invoke(Method.java:568) ~[?:?]
	at net.minecraftforge.fml.loading.targets.CommonLaunchHandler.runTarget(CommonLaunchHandler.java:111) ~[fmlloader-1.20.1-47.4.0.jar:?]
	at net.minecraftforge.fml.loading.targets.CommonLaunchHandler.clientService(CommonLaunchHandler.java:99) ~[fmlloader-1.20.1-47.4.0.jar:?]
	at net.minecraftforge.fml.loading.targets.ForgeClientUserdevLaunchHandler.devService(ForgeClientUserdevLaunchHandler.java:19) ~[fmlloader-1.20.1-47.4.0.jar:?]
	at net.minecraftforge.fml.loading.targets.CommonDevLaunchHandler.lambda$makeService$7(CommonDevLaunchHandler.java:135) ~[fmlloader-1.20.1-47.4.0.jar:?]
	at cpw.mods.modlauncher.LaunchServiceHandlerDecorator.launch(LaunchServiceHandlerDecorator.java:30) ~[modlauncher-10.0.9.jar:?]
	at cpw.mods.modlauncher.LaunchServiceHandler.launch(LaunchServiceHandler.java:53) ~[modlauncher-10.0.9.jar:?]
	at cpw.mods.modlauncher.LaunchServiceHandler.launch(LaunchServiceHandler.java:71) ~[modlauncher-10.0.9.jar:?]
	at cpw.mods.modlauncher.Launcher.run(Launcher.java:108) ~[modlauncher-10.0.9.jar:?]
	at cpw.mods.modlauncher.Launcher.main(Launcher.java:78) ~[modlauncher-10.0.9.jar:?]
	at cpw.mods.modlauncher.BootstrapLaunchConsumer.accept(BootstrapLaunchConsumer.java:26) ~[modlauncher-10.0.9.jar:?]
	at cpw.mods.modlauncher.BootstrapLaunchConsumer.accept(BootstrapLaunchConsumer.java:23) ~[modlauncher-10.0.9.jar:?]
	at cpw.mods.bootstraplauncher.BootstrapLauncher.main(BootstrapLauncher.java:141) ~[bootstraplauncher-1.1.2.jar:?]
[144月2025 01:12:11.670] [Render thread/WARN] [net.minecraft.client.renderer.GameRenderer/]: Failed to load shader: minecraft:shaders/post/defile.json
java.io.FileNotFoundException: minecraft:shaders/post/defile.json
	at net.minecraft.server.packs.resources.ResourceProvider.lambda$getResourceOrThrow$0(ResourceProvider.java:21) ~[forge-1.20.1-47.4.0_mapped_official_1.20.1.jar:?]
	at java.util.Optional.orElseThrow(Optional.java:403) ~[?:?]
	at net.minecraft.server.packs.resources.ResourceProvider.getResourceOrThrow(ResourceProvider.java:21) ~[forge-1.20.1-47.4.0_mapped_official_1.20.1.jar:?]
	at net.minecraft.client.renderer.PostChain.load(PostChain.java:58) ~[forge-1.20.1-47.4.0_mapped_official_1.20.1.jar:?]
	at net.minecraft.client.renderer.PostChain.<init>(PostChain.java:54) ~[forge-1.20.1-47.4.0_mapped_official_1.20.1.jar:?]
	at net.minecraft.client.renderer.GameRenderer.loadEffect(GameRenderer.java:341) ~[forge-1.20.1-47.4.0_mapped_official_1.20.1.jar:?]
	at net.minecraftforge.event.ForgeEventFactory.handler$zzh000$onRenderTickEnd(ForgeEventFactory.java:1274) ~[forge-1.20.1-47.4.0_mapped_official_1.20.1.jar:?]
	at net.minecraftforge.event.ForgeEventFactory.onRenderTickEnd(ForgeEventFactory.java) ~[forge-1.20.1-47.4.0_mapped_official_1.20.1.jar:?]
	at net.minecraft.client.Minecraft.runTick(Minecraft.java:1148) ~[forge-1.20.1-47.4.0_mapped_official_1.20.1.jar:?]
	at net.minecraft.client.Minecraft.run(Minecraft.java:718) ~[forge-1.20.1-47.4.0_mapped_official_1.20.1.jar:?]
	at net.minecraft.client.main.Main.main(Main.java:218) ~[forge-1.20.1-47.4.0_mapped_official_1.20.1.jar:?]
	at jdk.internal.reflect.NativeMethodAccessorImpl.invoke0(Native Method) ~[?:?]
	at jdk.internal.reflect.NativeMethodAccessorImpl.invoke(NativeMethodAccessorImpl.java:77) ~[?:?]
	at jdk.internal.reflect.DelegatingMethodAccessorImpl.invoke(DelegatingMethodAccessorImpl.java:43) ~[?:?]
	at java.lang.reflect.Method.invoke(Method.java:568) ~[?:?]
	at net.minecraftforge.fml.loading.targets.CommonLaunchHandler.runTarget(CommonLaunchHandler.java:111) ~[fmlloader-1.20.1-47.4.0.jar:?]
	at net.minecraftforge.fml.loading.targets.CommonLaunchHandler.clientService(CommonLaunchHandler.java:99) ~[fmlloader-1.20.1-47.4.0.jar:?]
	at net.minecraftforge.fml.loading.targets.ForgeClientUserdevLaunchHandler.devService(ForgeClientUserdevLaunchHandler.java:19) ~[fmlloader-1.20.1-47.4.0.jar:?]
	at net.minecraftforge.fml.loading.targets.CommonDevLaunchHandler.lambda$makeService$7(CommonDevLaunchHandler.java:135) ~[fmlloader-1.20.1-47.4.0.jar:?]
	at cpw.mods.modlauncher.LaunchServiceHandlerDecorator.launch(LaunchServiceHandlerDecorator.java:30) ~[modlauncher-10.0.9.jar:?]
	at cpw.mods.modlauncher.LaunchServiceHandler.launch(LaunchServiceHandler.java:53) ~[modlauncher-10.0.9.jar:?]
	at cpw.mods.modlauncher.LaunchServiceHandler.launch(LaunchServiceHandler.java:71) ~[modlauncher-10.0.9.jar:?]
	at cpw.mods.modlauncher.Launcher.run(Launcher.java:108) ~[modlauncher-10.0.9.jar:?]
	at cpw.mods.modlauncher.Launcher.main(Launcher.java:78) ~[modlauncher-10.0.9.jar:?]
	at cpw.mods.modlauncher.BootstrapLaunchConsumer.accept(BootstrapLaunchConsumer.java:26) ~[modlauncher-10.0.9.jar:?]
	at cpw.mods.modlauncher.BootstrapLaunchConsumer.accept(BootstrapLaunchConsumer.java:23) ~[modlauncher-10.0.9.jar:?]
	at cpw.mods.bootstraplauncher.BootstrapLauncher.main(BootstrapLauncher.java:141) ~[bootstraplauncher-1.1.2.jar:?]
[144月2025 01:12:11.686] [Render thread/WARN] [net.minecraft.client.renderer.GameRenderer/]: Failed to load shader: minecraft:shaders/post/defile.json
java.io.FileNotFoundException: minecraft:shaders/post/defile.json
	at net.minecraft.server.packs.resources.ResourceProvider.lambda$getResourceOrThrow$0(ResourceProvider.java:21) ~[forge-1.20.1-47.4.0_mapped_official_1.20.1.jar:?]
	at java.util.Optional.orElseThrow(Optional.java:403) ~[?:?]
	at net.minecraft.server.packs.resources.ResourceProvider.getResourceOrThrow(ResourceProvider.java:21) ~[forge-1.20.1-47.4.0_mapped_official_1.20.1.jar:?]
	at net.minecraft.client.renderer.PostChain.load(PostChain.java:58) ~[forge-1.20.1-47.4.0_mapped_official_1.20.1.jar:?]
	at net.minecraft.client.renderer.PostChain.<init>(PostChain.java:54) ~[forge-1.20.1-47.4.0_mapped_official_1.20.1.jar:?]
	at net.minecraft.client.renderer.GameRenderer.loadEffect(GameRenderer.java:341) ~[forge-1.20.1-47.4.0_mapped_official_1.20.1.jar:?]
	at net.minecraftforge.event.ForgeEventFactory.handler$zzh000$onRenderTickEnd(ForgeEventFactory.java:1274) ~[forge-1.20.1-47.4.0_mapped_official_1.20.1.jar:?]
	at net.minecraftforge.event.ForgeEventFactory.onRenderTickEnd(ForgeEventFactory.java) ~[forge-1.20.1-47.4.0_mapped_official_1.20.1.jar:?]
	at net.minecraft.client.Minecraft.runTick(Minecraft.java:1148) ~[forge-1.20.1-47.4.0_mapped_official_1.20.1.jar:?]
	at net.minecraft.client.Minecraft.run(Minecraft.java:718) ~[forge-1.20.1-47.4.0_mapped_official_1.20.1.jar:?]
	at net.minecraft.client.main.Main.main(Main.java:218) ~[forge-1.20.1-47.4.0_mapped_official_1.20.1.jar:?]
	at jdk.internal.reflect.NativeMethodAccessorImpl.invoke0(Native Method) ~[?:?]
	at jdk.internal.reflect.NativeMethodAccessorImpl.invoke(NativeMethodAccessorImpl.java:77) ~[?:?]
	at jdk.internal.reflect.DelegatingMethodAccessorImpl.invoke(DelegatingMethodAccessorImpl.java:43) ~[?:?]
	at java.lang.reflect.Method.invoke(Method.java:568) ~[?:?]
	at net.minecraftforge.fml.loading.targets.CommonLaunchHandler.runTarget(CommonLaunchHandler.java:111) ~[fmlloader-1.20.1-47.4.0.jar:?]
	at net.minecraftforge.fml.loading.targets.CommonLaunchHandler.clientService(CommonLaunchHandler.java:99) ~[fmlloader-1.20.1-47.4.0.jar:?]
	at net.minecraftforge.fml.loading.targets.ForgeClientUserdevLaunchHandler.devService(ForgeClientUserdevLaunchHandler.java:19) ~[fmlloader-1.20.1-47.4.0.jar:?]
	at net.minecraftforge.fml.loading.targets.CommonDevLaunchHandler.lambda$makeService$7(CommonDevLaunchHandler.java:135) ~[fmlloader-1.20.1-47.4.0.jar:?]
	at cpw.mods.modlauncher.LaunchServiceHandlerDecorator.launch(LaunchServiceHandlerDecorator.java:30) ~[modlauncher-10.0.9.jar:?]
	at cpw.mods.modlauncher.LaunchServiceHandler.launch(LaunchServiceHandler.java:53) ~[modlauncher-10.0.9.jar:?]
	at cpw.mods.modlauncher.LaunchServiceHandler.launch(LaunchServiceHandler.java:71) ~[modlauncher-10.0.9.jar:?]
	at cpw.mods.modlauncher.Launcher.run(Launcher.java:108) ~[modlauncher-10.0.9.jar:?]
	at cpw.mods.modlauncher.Launcher.main(Launcher.java:78) ~[modlauncher-10.0.9.jar:?]
	at cpw.mods.modlauncher.BootstrapLaunchConsumer.accept(BootstrapLaunchConsumer.java:26) ~[modlauncher-10.0.9.jar:?]
	at cpw.mods.modlauncher.BootstrapLaunchConsumer.accept(BootstrapLaunchConsumer.java:23) ~[modlauncher-10.0.9.jar:?]
	at cpw.mods.bootstraplauncher.BootstrapLauncher.main(BootstrapLauncher.java:141) ~[bootstraplauncher-1.1.2.jar:?]
[144月2025 01:12:11.702] [Render thread/WARN] [net.minecraft.client.renderer.GameRenderer/]: Failed to load shader: minecraft:shaders/post/defile.json
java.io.FileNotFoundException: minecraft:shaders/post/defile.json
	at net.minecraft.server.packs.resources.ResourceProvider.lambda$getResourceOrThrow$0(ResourceProvider.java:21) ~[forge-1.20.1-47.4.0_mapped_official_1.20.1.jar:?]
	at java.util.Optional.orElseThrow(Optional.java:403) ~[?:?]
	at net.minecraft.server.packs.resources.ResourceProvider.getResourceOrThrow(ResourceProvider.java:21) ~[forge-1.20.1-47.4.0_mapped_official_1.20.1.jar:?]
	at net.minecraft.client.renderer.PostChain.load(PostChain.java:58) ~[forge-1.20.1-47.4.0_mapped_official_1.20.1.jar:?]
	at net.minecraft.client.renderer.PostChain.<init>(PostChain.java:54) ~[forge-1.20.1-47.4.0_mapped_official_1.20.1.jar:?]
	at net.minecraft.client.renderer.GameRenderer.loadEffect(GameRenderer.java:341) ~[forge-1.20.1-47.4.0_mapped_official_1.20.1.jar:?]
	at net.minecraftforge.event.ForgeEventFactory.handler$zzh000$onRenderTickEnd(ForgeEventFactory.java:1274) ~[forge-1.20.1-47.4.0_mapped_official_1.20.1.jar:?]
	at net.minecraftforge.event.ForgeEventFactory.onRenderTickEnd(ForgeEventFactory.java) ~[forge-1.20.1-47.4.0_mapped_official_1.20.1.jar:?]
	at net.minecraft.client.Minecraft.runTick(Minecraft.java:1148) ~[forge-1.20.1-47.4.0_mapped_official_1.20.1.jar:?]
	at net.minecraft.client.Minecraft.run(Minecraft.java:718) ~[forge-1.20.1-47.4.0_mapped_official_1.20.1.jar:?]
	at net.minecraft.client.main.Main.main(Main.java:218) ~[forge-1.20.1-47.4.0_mapped_official_1.20.1.jar:?]
	at jdk.internal.reflect.NativeMethodAccessorImpl.invoke0(Native Method) ~[?:?]
	at jdk.internal.reflect.NativeMethodAccessorImpl.invoke(NativeMethodAccessorImpl.java:77) ~[?:?]
	at jdk.internal.reflect.DelegatingMethodAccessorImpl.invoke(DelegatingMethodAccessorImpl.java:43) ~[?:?]
	at java.lang.reflect.Method.invoke(Method.java:568) ~[?:?]
	at net.minecraftforge.fml.loading.targets.CommonLaunchHandler.runTarget(CommonLaunchHandler.java:111) ~[fmlloader-1.20.1-47.4.0.jar:?]
	at net.minecraftforge.fml.loading.targets.CommonLaunchHandler.clientService(CommonLaunchHandler.java:99) ~[fmlloader-1.20.1-47.4.0.jar:?]
	at net.minecraftforge.fml.loading.targets.ForgeClientUserdevLaunchHandler.devService(ForgeClientUserdevLaunchHandler.java:19) ~[fmlloader-1.20.1-47.4.0.jar:?]
	at net.minecraftforge.fml.loading.targets.CommonDevLaunchHandler.lambda$makeService$7(CommonDevLaunchHandler.java:135) ~[fmlloader-1.20.1-47.4.0.jar:?]
	at cpw.mods.modlauncher.LaunchServiceHandlerDecorator.launch(LaunchServiceHandlerDecorator.java:30) ~[modlauncher-10.0.9.jar:?]
	at cpw.mods.modlauncher.LaunchServiceHandler.launch(LaunchServiceHandler.java:53) ~[modlauncher-10.0.9.jar:?]
	at cpw.mods.modlauncher.LaunchServiceHandler.launch(LaunchServiceHandler.java:71) ~[modlauncher-10.0.9.jar:?]
	at cpw.mods.modlauncher.Launcher.run(Launcher.java:108) ~[modlauncher-10.0.9.jar:?]
	at cpw.mods.modlauncher.Launcher.main(Launcher.java:78) ~[modlauncher-10.0.9.jar:?]
	at cpw.mods.modlauncher.BootstrapLaunchConsumer.accept(BootstrapLaunchConsumer.java:26) ~[modlauncher-10.0.9.jar:?]
	at cpw.mods.modlauncher.BootstrapLaunchConsumer.accept(BootstrapLaunchConsumer.java:23) ~[modlauncher-10.0.9.jar:?]
	at cpw.mods.bootstraplauncher.BootstrapLauncher.main(BootstrapLauncher.java:141) ~[bootstraplauncher-1.1.2.jar:?]
[144月2025 01:12:11.722] [Render thread/WARN] [net.minecraft.client.renderer.GameRenderer/]: Failed to load shader: minecraft:shaders/post/defile.json
java.io.FileNotFoundException: minecraft:shaders/post/defile.json
	at net.minecraft.server.packs.resources.ResourceProvider.lambda$getResourceOrThrow$0(ResourceProvider.java:21) ~[forge-1.20.1-47.4.0_mapped_official_1.20.1.jar:?]
	at java.util.Optional.orElseThrow(Optional.java:403) ~[?:?]
	at net.minecraft.server.packs.resources.ResourceProvider.getResourceOrThrow(ResourceProvider.java:21) ~[forge-1.20.1-47.4.0_mapped_official_1.20.1.jar:?]
	at net.minecraft.client.renderer.PostChain.load(PostChain.java:58) ~[forge-1.20.1-47.4.0_mapped_official_1.20.1.jar:?]
	at net.minecraft.client.renderer.PostChain.<init>(PostChain.java:54) ~[forge-1.20.1-47.4.0_mapped_official_1.20.1.jar:?]
	at net.minecraft.client.renderer.GameRenderer.loadEffect(GameRenderer.java:341) ~[forge-1.20.1-47.4.0_mapped_official_1.20.1.jar:?]
	at net.minecraftforge.event.ForgeEventFactory.handler$zzh000$onRenderTickEnd(ForgeEventFactory.java:1274) ~[forge-1.20.1-47.4.0_mapped_official_1.20.1.jar:?]
	at net.minecraftforge.event.ForgeEventFactory.onRenderTickEnd(ForgeEventFactory.java) ~[forge-1.20.1-47.4.0_mapped_official_1.20.1.jar:?]
	at net.minecraft.client.Minecraft.runTick(Minecraft.java:1148) ~[forge-1.20.1-47.4.0_mapped_official_1.20.1.jar:?]
	at net.minecraft.client.Minecraft.run(Minecraft.java:718) ~[forge-1.20.1-47.4.0_mapped_official_1.20.1.jar:?]
	at net.minecraft.client.main.Main.main(Main.java:218) ~[forge-1.20.1-47.4.0_mapped_official_1.20.1.jar:?]
	at jdk.internal.reflect.NativeMethodAccessorImpl.invoke0(Native Method) ~[?:?]
	at jdk.internal.reflect.NativeMethodAccessorImpl.invoke(NativeMethodAccessorImpl.java:77) ~[?:?]
	at jdk.internal.reflect.DelegatingMethodAccessorImpl.invoke(DelegatingMethodAccessorImpl.java:43) ~[?:?]
	at java.lang.reflect.Method.invoke(Method.java:568) ~[?:?]
	at net.minecraftforge.fml.loading.targets.CommonLaunchHandler.runTarget(CommonLaunchHandler.java:111) ~[fmlloader-1.20.1-47.4.0.jar:?]
	at net.minecraftforge.fml.loading.targets.CommonLaunchHandler.clientService(CommonLaunchHandler.java:99) ~[fmlloader-1.20.1-47.4.0.jar:?]
	at net.minecraftforge.fml.loading.targets.ForgeClientUserdevLaunchHandler.devService(ForgeClientUserdevLaunchHandler.java:19) ~[fmlloader-1.20.1-47.4.0.jar:?]
	at net.minecraftforge.fml.loading.targets.CommonDevLaunchHandler.lambda$makeService$7(CommonDevLaunchHandler.java:135) ~[fmlloader-1.20.1-47.4.0.jar:?]
	at cpw.mods.modlauncher.LaunchServiceHandlerDecorator.launch(LaunchServiceHandlerDecorator.java:30) ~[modlauncher-10.0.9.jar:?]
	at cpw.mods.modlauncher.LaunchServiceHandler.launch(LaunchServiceHandler.java:53) ~[modlauncher-10.0.9.jar:?]
	at cpw.mods.modlauncher.LaunchServiceHandler.launch(LaunchServiceHandler.java:71) ~[modlauncher-10.0.9.jar:?]
	at cpw.mods.modlauncher.Launcher.run(Launcher.java:108) ~[modlauncher-10.0.9.jar:?]
	at cpw.mods.modlauncher.Launcher.main(Launcher.java:78) ~[modlauncher-10.0.9.jar:?]
	at cpw.mods.modlauncher.BootstrapLaunchConsumer.accept(BootstrapLaunchConsumer.java:26) ~[modlauncher-10.0.9.jar:?]
	at cpw.mods.modlauncher.BootstrapLaunchConsumer.accept(BootstrapLaunchConsumer.java:23) ~[modlauncher-10.0.9.jar:?]
	at cpw.mods.bootstraplauncher.BootstrapLauncher.main(BootstrapLauncher.java:141) ~[bootstraplauncher-1.1.2.jar:?]
[144月2025 01:12:11.739] [Render thread/WARN] [net.minecraft.client.renderer.GameRenderer/]: Failed to load shader: minecraft:shaders/post/defile.json
java.io.FileNotFoundException: minecraft:shaders/post/defile.json
	at net.minecraft.server.packs.resources.ResourceProvider.lambda$getResourceOrThrow$0(ResourceProvider.java:21) ~[forge-1.20.1-47.4.0_mapped_official_1.20.1.jar:?]
	at java.util.Optional.orElseThrow(Optional.java:403) ~[?:?]
	at net.minecraft.server.packs.resources.ResourceProvider.getResourceOrThrow(ResourceProvider.java:21) ~[forge-1.20.1-47.4.0_mapped_official_1.20.1.jar:?]
	at net.minecraft.client.renderer.PostChain.load(PostChain.java:58) ~[forge-1.20.1-47.4.0_mapped_official_1.20.1.jar:?]
	at net.minecraft.client.renderer.PostChain.<init>(PostChain.java:54) ~[forge-1.20.1-47.4.0_mapped_official_1.20.1.jar:?]
	at net.minecraft.client.renderer.GameRenderer.loadEffect(GameRenderer.java:341) ~[forge-1.20.1-47.4.0_mapped_official_1.20.1.jar:?]
	at net.minecraftforge.event.ForgeEventFactory.handler$zzh000$onRenderTickEnd(ForgeEventFactory.java:1274) ~[forge-1.20.1-47.4.0_mapped_official_1.20.1.jar:?]
	at net.minecraftforge.event.ForgeEventFactory.onRenderTickEnd(ForgeEventFactory.java) ~[forge-1.20.1-47.4.0_mapped_official_1.20.1.jar:?]
	at net.minecraft.client.Minecraft.runTick(Minecraft.java:1148) ~[forge-1.20.1-47.4.0_mapped_official_1.20.1.jar:?]
	at net.minecraft.client.Minecraft.run(Minecraft.java:718) ~[forge-1.20.1-47.4.0_mapped_official_1.20.1.jar:?]
	at net.minecraft.client.main.Main.main(Main.java:218) ~[forge-1.20.1-47.4.0_mapped_official_1.20.1.jar:?]
	at jdk.internal.reflect.NativeMethodAccessorImpl.invoke0(Native Method) ~[?:?]
	at jdk.internal.reflect.NativeMethodAccessorImpl.invoke(NativeMethodAccessorImpl.java:77) ~[?:?]
	at jdk.internal.reflect.DelegatingMethodAccessorImpl.invoke(DelegatingMethodAccessorImpl.java:43) ~[?:?]
	at java.lang.reflect.Method.invoke(Method.java:568) ~[?:?]
	at net.minecraftforge.fml.loading.targets.CommonLaunchHandler.runTarget(CommonLaunchHandler.java:111) ~[fmlloader-1.20.1-47.4.0.jar:?]
	at net.minecraftforge.fml.loading.targets.CommonLaunchHandler.clientService(CommonLaunchHandler.java:99) ~[fmlloader-1.20.1-47.4.0.jar:?]
	at net.minecraftforge.fml.loading.targets.ForgeClientUserdevLaunchHandler.devService(ForgeClientUserdevLaunchHandler.java:19) ~[fmlloader-1.20.1-47.4.0.jar:?]
	at net.minecraftforge.fml.loading.targets.CommonDevLaunchHandler.lambda$makeService$7(CommonDevLaunchHandler.java:135) ~[fmlloader-1.20.1-47.4.0.jar:?]
	at cpw.mods.modlauncher.LaunchServiceHandlerDecorator.launch(LaunchServiceHandlerDecorator.java:30) ~[modlauncher-10.0.9.jar:?]
	at cpw.mods.modlauncher.LaunchServiceHandler.launch(LaunchServiceHandler.java:53) ~[modlauncher-10.0.9.jar:?]
	at cpw.mods.modlauncher.LaunchServiceHandler.launch(LaunchServiceHandler.java:71) ~[modlauncher-10.0.9.jar:?]
	at cpw.mods.modlauncher.Launcher.run(Launcher.java:108) ~[modlauncher-10.0.9.jar:?]
	at cpw.mods.modlauncher.Launcher.main(Launcher.java:78) ~[modlauncher-10.0.9.jar:?]
	at cpw.mods.modlauncher.BootstrapLaunchConsumer.accept(BootstrapLaunchConsumer.java:26) ~[modlauncher-10.0.9.jar:?]
	at cpw.mods.modlauncher.BootstrapLaunchConsumer.accept(BootstrapLaunchConsumer.java:23) ~[modlauncher-10.0.9.jar:?]
	at cpw.mods.bootstraplauncher.BootstrapLauncher.main(BootstrapLauncher.java:141) ~[bootstraplauncher-1.1.2.jar:?]
[144月2025 01:12:11.755] [Render thread/WARN] [net.minecraft.client.renderer.GameRenderer/]: Failed to load shader: minecraft:shaders/post/defile.json
java.io.FileNotFoundException: minecraft:shaders/post/defile.json
	at net.minecraft.server.packs.resources.ResourceProvider.lambda$getResourceOrThrow$0(ResourceProvider.java:21) ~[forge-1.20.1-47.4.0_mapped_official_1.20.1.jar:?]
	at java.util.Optional.orElseThrow(Optional.java:403) ~[?:?]
	at net.minecraft.server.packs.resources.ResourceProvider.getResourceOrThrow(ResourceProvider.java:21) ~[forge-1.20.1-47.4.0_mapped_official_1.20.1.jar:?]
	at net.minecraft.client.renderer.PostChain.load(PostChain.java:58) ~[forge-1.20.1-47.4.0_mapped_official_1.20.1.jar:?]
	at net.minecraft.client.renderer.PostChain.<init>(PostChain.java:54) ~[forge-1.20.1-47.4.0_mapped_official_1.20.1.jar:?]
	at net.minecraft.client.renderer.GameRenderer.loadEffect(GameRenderer.java:341) ~[forge-1.20.1-47.4.0_mapped_official_1.20.1.jar:?]
	at net.minecraftforge.event.ForgeEventFactory.handler$zzh000$onRenderTickEnd(ForgeEventFactory.java:1274) ~[forge-1.20.1-47.4.0_mapped_official_1.20.1.jar:?]
	at net.minecraftforge.event.ForgeEventFactory.onRenderTickEnd(ForgeEventFactory.java) ~[forge-1.20.1-47.4.0_mapped_official_1.20.1.jar:?]
	at net.minecraft.client.Minecraft.runTick(Minecraft.java:1148) ~[forge-1.20.1-47.4.0_mapped_official_1.20.1.jar:?]
	at net.minecraft.client.Minecraft.run(Minecraft.java:718) ~[forge-1.20.1-47.4.0_mapped_official_1.20.1.jar:?]
	at net.minecraft.client.main.Main.main(Main.java:218) ~[forge-1.20.1-47.4.0_mapped_official_1.20.1.jar:?]
	at jdk.internal.reflect.NativeMethodAccessorImpl.invoke0(Native Method) ~[?:?]
	at jdk.internal.reflect.NativeMethodAccessorImpl.invoke(NativeMethodAccessorImpl.java:77) ~[?:?]
	at jdk.internal.reflect.DelegatingMethodAccessorImpl.invoke(DelegatingMethodAccessorImpl.java:43) ~[?:?]
	at java.lang.reflect.Method.invoke(Method.java:568) ~[?:?]
	at net.minecraftforge.fml.loading.targets.CommonLaunchHandler.runTarget(CommonLaunchHandler.java:111) ~[fmlloader-1.20.1-47.4.0.jar:?]
	at net.minecraftforge.fml.loading.targets.CommonLaunchHandler.clientService(CommonLaunchHandler.java:99) ~[fmlloader-1.20.1-47.4.0.jar:?]
	at net.minecraftforge.fml.loading.targets.ForgeClientUserdevLaunchHandler.devService(ForgeClientUserdevLaunchHandler.java:19) ~[fmlloader-1.20.1-47.4.0.jar:?]
	at net.minecraftforge.fml.loading.targets.CommonDevLaunchHandler.lambda$makeService$7(CommonDevLaunchHandler.java:135) ~[fmlloader-1.20.1-47.4.0.jar:?]
	at cpw.mods.modlauncher.LaunchServiceHandlerDecorator.launch(LaunchServiceHandlerDecorator.java:30) ~[modlauncher-10.0.9.jar:?]
	at cpw.mods.modlauncher.LaunchServiceHandler.launch(LaunchServiceHandler.java:53) ~[modlauncher-10.0.9.jar:?]
	at cpw.mods.modlauncher.LaunchServiceHandler.launch(LaunchServiceHandler.java:71) ~[modlauncher-10.0.9.jar:?]
	at cpw.mods.modlauncher.Launcher.run(Launcher.java:108) ~[modlauncher-10.0.9.jar:?]
	at cpw.mods.modlauncher.Launcher.main(Launcher.java:78) ~[modlauncher-10.0.9.jar:?]
	at cpw.mods.modlauncher.BootstrapLaunchConsumer.accept(BootstrapLaunchConsumer.java:26) ~[modlauncher-10.0.9.jar:?]
	at cpw.mods.modlauncher.BootstrapLaunchConsumer.accept(BootstrapLaunchConsumer.java:23) ~[modlauncher-10.0.9.jar:?]
	at cpw.mods.bootstraplauncher.BootstrapLauncher.main(BootstrapLauncher.java:141) ~[bootstraplauncher-1.1.2.jar:?]
[144月2025 01:12:11.773] [Render thread/WARN] [net.minecraft.client.renderer.GameRenderer/]: Failed to load shader: minecraft:shaders/post/defile.json
java.io.FileNotFoundException: minecraft:shaders/post/defile.json
	at net.minecraft.server.packs.resources.ResourceProvider.lambda$getResourceOrThrow$0(ResourceProvider.java:21) ~[forge-1.20.1-47.4.0_mapped_official_1.20.1.jar:?]
	at java.util.Optional.orElseThrow(Optional.java:403) ~[?:?]
	at net.minecraft.server.packs.resources.ResourceProvider.getResourceOrThrow(ResourceProvider.java:21) ~[forge-1.20.1-47.4.0_mapped_official_1.20.1.jar:?]
	at net.minecraft.client.renderer.PostChain.load(PostChain.java:58) ~[forge-1.20.1-47.4.0_mapped_official_1.20.1.jar:?]
	at net.minecraft.client.renderer.PostChain.<init>(PostChain.java:54) ~[forge-1.20.1-47.4.0_mapped_official_1.20.1.jar:?]
	at net.minecraft.client.renderer.GameRenderer.loadEffect(GameRenderer.java:341) ~[forge-1.20.1-47.4.0_mapped_official_1.20.1.jar:?]
	at net.minecraftforge.event.ForgeEventFactory.handler$zzh000$onRenderTickEnd(ForgeEventFactory.java:1274) ~[forge-1.20.1-47.4.0_mapped_official_1.20.1.jar:?]
	at net.minecraftforge.event.ForgeEventFactory.onRenderTickEnd(ForgeEventFactory.java) ~[forge-1.20.1-47.4.0_mapped_official_1.20.1.jar:?]
	at net.minecraft.client.Minecraft.runTick(Minecraft.java:1148) ~[forge-1.20.1-47.4.0_mapped_official_1.20.1.jar:?]
	at net.minecraft.client.Minecraft.run(Minecraft.java:718) ~[forge-1.20.1-47.4.0_mapped_official_1.20.1.jar:?]
	at net.minecraft.client.main.Main.main(Main.java:218) ~[forge-1.20.1-47.4.0_mapped_official_1.20.1.jar:?]
	at jdk.internal.reflect.NativeMethodAccessorImpl.invoke0(Native Method) ~[?:?]
	at jdk.internal.reflect.NativeMethodAccessorImpl.invoke(NativeMethodAccessorImpl.java:77) ~[?:?]
	at jdk.internal.reflect.DelegatingMethodAccessorImpl.invoke(DelegatingMethodAccessorImpl.java:43) ~[?:?]
	at java.lang.reflect.Method.invoke(Method.java:568) ~[?:?]
	at net.minecraftforge.fml.loading.targets.CommonLaunchHandler.runTarget(CommonLaunchHandler.java:111) ~[fmlloader-1.20.1-47.4.0.jar:?]
	at net.minecraftforge.fml.loading.targets.CommonLaunchHandler.clientService(CommonLaunchHandler.java:99) ~[fmlloader-1.20.1-47.4.0.jar:?]
	at net.minecraftforge.fml.loading.targets.ForgeClientUserdevLaunchHandler.devService(ForgeClientUserdevLaunchHandler.java:19) ~[fmlloader-1.20.1-47.4.0.jar:?]
	at net.minecraftforge.fml.loading.targets.CommonDevLaunchHandler.lambda$makeService$7(CommonDevLaunchHandler.java:135) ~[fmlloader-1.20.1-47.4.0.jar:?]
	at cpw.mods.modlauncher.LaunchServiceHandlerDecorator.launch(LaunchServiceHandlerDecorator.java:30) ~[modlauncher-10.0.9.jar:?]
	at cpw.mods.modlauncher.LaunchServiceHandler.launch(LaunchServiceHandler.java:53) ~[modlauncher-10.0.9.jar:?]
	at cpw.mods.modlauncher.LaunchServiceHandler.launch(LaunchServiceHandler.java:71) ~[modlauncher-10.0.9.jar:?]
	at cpw.mods.modlauncher.Launcher.run(Launcher.java:108) ~[modlauncher-10.0.9.jar:?]
	at cpw.mods.modlauncher.Launcher.main(Launcher.java:78) ~[modlauncher-10.0.9.jar:?]
	at cpw.mods.modlauncher.BootstrapLaunchConsumer.accept(BootstrapLaunchConsumer.java:26) ~[modlauncher-10.0.9.jar:?]
	at cpw.mods.modlauncher.BootstrapLaunchConsumer.accept(BootstrapLaunchConsumer.java:23) ~[modlauncher-10.0.9.jar:?]
	at cpw.mods.bootstraplauncher.BootstrapLauncher.main(BootstrapLauncher.java:141) ~[bootstraplauncher-1.1.2.jar:?]
[144月2025 01:12:11.789] [Render thread/WARN] [net.minecraft.client.renderer.GameRenderer/]: Failed to load shader: minecraft:shaders/post/defile.json
java.io.FileNotFoundException: minecraft:shaders/post/defile.json
	at net.minecraft.server.packs.resources.ResourceProvider.lambda$getResourceOrThrow$0(ResourceProvider.java:21) ~[forge-1.20.1-47.4.0_mapped_official_1.20.1.jar:?]
	at java.util.Optional.orElseThrow(Optional.java:403) ~[?:?]
	at net.minecraft.server.packs.resources.ResourceProvider.getResourceOrThrow(ResourceProvider.java:21) ~[forge-1.20.1-47.4.0_mapped_official_1.20.1.jar:?]
	at net.minecraft.client.renderer.PostChain.load(PostChain.java:58) ~[forge-1.20.1-47.4.0_mapped_official_1.20.1.jar:?]
	at net.minecraft.client.renderer.PostChain.<init>(PostChain.java:54) ~[forge-1.20.1-47.4.0_mapped_official_1.20.1.jar:?]
	at net.minecraft.client.renderer.GameRenderer.loadEffect(GameRenderer.java:341) ~[forge-1.20.1-47.4.0_mapped_official_1.20.1.jar:?]
	at net.minecraftforge.event.ForgeEventFactory.handler$zzh000$onRenderTickEnd(ForgeEventFactory.java:1274) ~[forge-1.20.1-47.4.0_mapped_official_1.20.1.jar:?]
	at net.minecraftforge.event.ForgeEventFactory.onRenderTickEnd(ForgeEventFactory.java) ~[forge-1.20.1-47.4.0_mapped_official_1.20.1.jar:?]
	at net.minecraft.client.Minecraft.runTick(Minecraft.java:1148) ~[forge-1.20.1-47.4.0_mapped_official_1.20.1.jar:?]
	at net.minecraft.client.Minecraft.run(Minecraft.java:718) ~[forge-1.20.1-47.4.0_mapped_official_1.20.1.jar:?]
	at net.minecraft.client.main.Main.main(Main.java:218) ~[forge-1.20.1-47.4.0_mapped_official_1.20.1.jar:?]
	at jdk.internal.reflect.NativeMethodAccessorImpl.invoke0(Native Method) ~[?:?]
	at jdk.internal.reflect.NativeMethodAccessorImpl.invoke(NativeMethodAccessorImpl.java:77) ~[?:?]
	at jdk.internal.reflect.DelegatingMethodAccessorImpl.invoke(DelegatingMethodAccessorImpl.java:43) ~[?:?]
	at java.lang.reflect.Method.invoke(Method.java:568) ~[?:?]
	at net.minecraftforge.fml.loading.targets.CommonLaunchHandler.runTarget(CommonLaunchHandler.java:111) ~[fmlloader-1.20.1-47.4.0.jar:?]
	at net.minecraftforge.fml.loading.targets.CommonLaunchHandler.clientService(CommonLaunchHandler.java:99) ~[fmlloader-1.20.1-47.4.0.jar:?]
	at net.minecraftforge.fml.loading.targets.ForgeClientUserdevLaunchHandler.devService(ForgeClientUserdevLaunchHandler.java:19) ~[fmlloader-1.20.1-47.4.0.jar:?]
	at net.minecraftforge.fml.loading.targets.CommonDevLaunchHandler.lambda$makeService$7(CommonDevLaunchHandler.java:135) ~[fmlloader-1.20.1-47.4.0.jar:?]
	at cpw.mods.modlauncher.LaunchServiceHandlerDecorator.launch(LaunchServiceHandlerDecorator.java:30) ~[modlauncher-10.0.9.jar:?]
	at cpw.mods.modlauncher.LaunchServiceHandler.launch(LaunchServiceHandler.java:53) ~[modlauncher-10.0.9.jar:?]
	at cpw.mods.modlauncher.LaunchServiceHandler.launch(LaunchServiceHandler.java:71) ~[modlauncher-10.0.9.jar:?]
	at cpw.mods.modlauncher.Launcher.run(Launcher.java:108) ~[modlauncher-10.0.9.jar:?]
	at cpw.mods.modlauncher.Launcher.main(Launcher.java:78) ~[modlauncher-10.0.9.jar:?]
	at cpw.mods.modlauncher.BootstrapLaunchConsumer.accept(BootstrapLaunchConsumer.java:26) ~[modlauncher-10.0.9.jar:?]
	at cpw.mods.modlauncher.BootstrapLaunchConsumer.accept(BootstrapLaunchConsumer.java:23) ~[modlauncher-10.0.9.jar:?]
	at cpw.mods.bootstraplauncher.BootstrapLauncher.main(BootstrapLauncher.java:141) ~[bootstraplauncher-1.1.2.jar:?]
[144月2025 01:12:11.805] [Render thread/WARN] [net.minecraft.client.renderer.GameRenderer/]: Failed to load shader: minecraft:shaders/post/defile.json
java.io.FileNotFoundException: minecraft:shaders/post/defile.json
	at net.minecraft.server.packs.resources.ResourceProvider.lambda$getResourceOrThrow$0(ResourceProvider.java:21) ~[forge-1.20.1-47.4.0_mapped_official_1.20.1.jar:?]
	at java.util.Optional.orElseThrow(Optional.java:403) ~[?:?]
	at net.minecraft.server.packs.resources.ResourceProvider.getResourceOrThrow(ResourceProvider.java:21) ~[forge-1.20.1-47.4.0_mapped_official_1.20.1.jar:?]
	at net.minecraft.client.renderer.PostChain.load(PostChain.java:58) ~[forge-1.20.1-47.4.0_mapped_official_1.20.1.jar:?]
	at net.minecraft.client.renderer.PostChain.<init>(PostChain.java:54) ~[forge-1.20.1-47.4.0_mapped_official_1.20.1.jar:?]
	at net.minecraft.client.renderer.GameRenderer.loadEffect(GameRenderer.java:341) ~[forge-1.20.1-47.4.0_mapped_official_1.20.1.jar:?]
	at net.minecraftforge.event.ForgeEventFactory.handler$zzh000$onRenderTickEnd(ForgeEventFactory.java:1274) ~[forge-1.20.1-47.4.0_mapped_official_1.20.1.jar:?]
	at net.minecraftforge.event.ForgeEventFactory.onRenderTickEnd(ForgeEventFactory.java) ~[forge-1.20.1-47.4.0_mapped_official_1.20.1.jar:?]
	at net.minecraft.client.Minecraft.runTick(Minecraft.java:1148) ~[forge-1.20.1-47.4.0_mapped_official_1.20.1.jar:?]
	at net.minecraft.client.Minecraft.run(Minecraft.java:718) ~[forge-1.20.1-47.4.0_mapped_official_1.20.1.jar:?]
	at net.minecraft.client.main.Main.main(Main.java:218) ~[forge-1.20.1-47.4.0_mapped_official_1.20.1.jar:?]
	at jdk.internal.reflect.NativeMethodAccessorImpl.invoke0(Native Method) ~[?:?]
	at jdk.internal.reflect.NativeMethodAccessorImpl.invoke(NativeMethodAccessorImpl.java:77) ~[?:?]
	at jdk.internal.reflect.DelegatingMethodAccessorImpl.invoke(DelegatingMethodAccessorImpl.java:43) ~[?:?]
	at java.lang.reflect.Method.invoke(Method.java:568) ~[?:?]
	at net.minecraftforge.fml.loading.targets.CommonLaunchHandler.runTarget(CommonLaunchHandler.java:111) ~[fmlloader-1.20.1-47.4.0.jar:?]
	at net.minecraftforge.fml.loading.targets.CommonLaunchHandler.clientService(CommonLaunchHandler.java:99) ~[fmlloader-1.20.1-47.4.0.jar:?]
	at net.minecraftforge.fml.loading.targets.ForgeClientUserdevLaunchHandler.devService(ForgeClientUserdevLaunchHandler.java:19) ~[fmlloader-1.20.1-47.4.0.jar:?]
	at net.minecraftforge.fml.loading.targets.CommonDevLaunchHandler.lambda$makeService$7(CommonDevLaunchHandler.java:135) ~[fmlloader-1.20.1-47.4.0.jar:?]
	at cpw.mods.modlauncher.LaunchServiceHandlerDecorator.launch(LaunchServiceHandlerDecorator.java:30) ~[modlauncher-10.0.9.jar:?]
	at cpw.mods.modlauncher.LaunchServiceHandler.launch(LaunchServiceHandler.java:53) ~[modlauncher-10.0.9.jar:?]
	at cpw.mods.modlauncher.LaunchServiceHandler.launch(LaunchServiceHandler.java:71) ~[modlauncher-10.0.9.jar:?]
	at cpw.mods.modlauncher.Launcher.run(Launcher.java:108) ~[modlauncher-10.0.9.jar:?]
	at cpw.mods.modlauncher.Launcher.main(Launcher.java:78) ~[modlauncher-10.0.9.jar:?]
	at cpw.mods.modlauncher.BootstrapLaunchConsumer.accept(BootstrapLaunchConsumer.java:26) ~[modlauncher-10.0.9.jar:?]
	at cpw.mods.modlauncher.BootstrapLaunchConsumer.accept(BootstrapLaunchConsumer.java:23) ~[modlauncher-10.0.9.jar:?]
	at cpw.mods.bootstraplauncher.BootstrapLauncher.main(BootstrapLauncher.java:141) ~[bootstraplauncher-1.1.2.jar:?]
[144月2025 01:12:11.823] [Render thread/WARN] [net.minecraft.client.renderer.GameRenderer/]: Failed to load shader: minecraft:shaders/post/defile.json
java.io.FileNotFoundException: minecraft:shaders/post/defile.json
	at net.minecraft.server.packs.resources.ResourceProvider.lambda$getResourceOrThrow$0(ResourceProvider.java:21) ~[forge-1.20.1-47.4.0_mapped_official_1.20.1.jar:?]
	at java.util.Optional.orElseThrow(Optional.java:403) ~[?:?]
	at net.minecraft.server.packs.resources.ResourceProvider.getResourceOrThrow(ResourceProvider.java:21) ~[forge-1.20.1-47.4.0_mapped_official_1.20.1.jar:?]
	at net.minecraft.client.renderer.PostChain.load(PostChain.java:58) ~[forge-1.20.1-47.4.0_mapped_official_1.20.1.jar:?]
	at net.minecraft.client.renderer.PostChain.<init>(PostChain.java:54) ~[forge-1.20.1-47.4.0_mapped_official_1.20.1.jar:?]
	at net.minecraft.client.renderer.GameRenderer.loadEffect(GameRenderer.java:341) ~[forge-1.20.1-47.4.0_mapped_official_1.20.1.jar:?]
	at net.minecraftforge.event.ForgeEventFactory.handler$zzh000$onRenderTickEnd(ForgeEventFactory.java:1274) ~[forge-1.20.1-47.4.0_mapped_official_1.20.1.jar:?]
	at net.minecraftforge.event.ForgeEventFactory.onRenderTickEnd(ForgeEventFactory.java) ~[forge-1.20.1-47.4.0_mapped_official_1.20.1.jar:?]
	at net.minecraft.client.Minecraft.runTick(Minecraft.java:1148) ~[forge-1.20.1-47.4.0_mapped_official_1.20.1.jar:?]
	at net.minecraft.client.Minecraft.run(Minecraft.java:718) ~[forge-1.20.1-47.4.0_mapped_official_1.20.1.jar:?]
	at net.minecraft.client.main.Main.main(Main.java:218) ~[forge-1.20.1-47.4.0_mapped_official_1.20.1.jar:?]
	at jdk.internal.reflect.NativeMethodAccessorImpl.invoke0(Native Method) ~[?:?]
	at jdk.internal.reflect.NativeMethodAccessorImpl.invoke(NativeMethodAccessorImpl.java:77) ~[?:?]
	at jdk.internal.reflect.DelegatingMethodAccessorImpl.invoke(DelegatingMethodAccessorImpl.java:43) ~[?:?]
	at java.lang.reflect.Method.invoke(Method.java:568) ~[?:?]
	at net.minecraftforge.fml.loading.targets.CommonLaunchHandler.runTarget(CommonLaunchHandler.java:111) ~[fmlloader-1.20.1-47.4.0.jar:?]
	at net.minecraftforge.fml.loading.targets.CommonLaunchHandler.clientService(CommonLaunchHandler.java:99) ~[fmlloader-1.20.1-47.4.0.jar:?]
	at net.minecraftforge.fml.loading.targets.ForgeClientUserdevLaunchHandler.devService(ForgeClientUserdevLaunchHandler.java:19) ~[fmlloader-1.20.1-47.4.0.jar:?]
	at net.minecraftforge.fml.loading.targets.CommonDevLaunchHandler.lambda$makeService$7(CommonDevLaunchHandler.java:135) ~[fmlloader-1.20.1-47.4.0.jar:?]
	at cpw.mods.modlauncher.LaunchServiceHandlerDecorator.launch(LaunchServiceHandlerDecorator.java:30) ~[modlauncher-10.0.9.jar:?]
	at cpw.mods.modlauncher.LaunchServiceHandler.launch(LaunchServiceHandler.java:53) ~[modlauncher-10.0.9.jar:?]
	at cpw.mods.modlauncher.LaunchServiceHandler.launch(LaunchServiceHandler.java:71) ~[modlauncher-10.0.9.jar:?]
	at cpw.mods.modlauncher.Launcher.run(Launcher.java:108) ~[modlauncher-10.0.9.jar:?]
	at cpw.mods.modlauncher.Launcher.main(Launcher.java:78) ~[modlauncher-10.0.9.jar:?]
	at cpw.mods.modlauncher.BootstrapLaunchConsumer.accept(BootstrapLaunchConsumer.java:26) ~[modlauncher-10.0.9.jar:?]
	at cpw.mods.modlauncher.BootstrapLaunchConsumer.accept(BootstrapLaunchConsumer.java:23) ~[modlauncher-10.0.9.jar:?]
	at cpw.mods.bootstraplauncher.BootstrapLauncher.main(BootstrapLauncher.java:141) ~[bootstraplauncher-1.1.2.jar:?]
[144月2025 01:12:11.842] [Render thread/WARN] [net.minecraft.client.renderer.GameRenderer/]: Failed to load shader: minecraft:shaders/post/defile.json
java.io.FileNotFoundException: minecraft:shaders/post/defile.json
	at net.minecraft.server.packs.resources.ResourceProvider.lambda$getResourceOrThrow$0(ResourceProvider.java:21) ~[forge-1.20.1-47.4.0_mapped_official_1.20.1.jar:?]
	at java.util.Optional.orElseThrow(Optional.java:403) ~[?:?]
	at net.minecraft.server.packs.resources.ResourceProvider.getResourceOrThrow(ResourceProvider.java:21) ~[forge-1.20.1-47.4.0_mapped_official_1.20.1.jar:?]
	at net.minecraft.client.renderer.PostChain.load(PostChain.java:58) ~[forge-1.20.1-47.4.0_mapped_official_1.20.1.jar:?]
	at net.minecraft.client.renderer.PostChain.<init>(PostChain.java:54) ~[forge-1.20.1-47.4.0_mapped_official_1.20.1.jar:?]
	at net.minecraft.client.renderer.GameRenderer.loadEffect(GameRenderer.java:341) ~[forge-1.20.1-47.4.0_mapped_official_1.20.1.jar:?]
	at net.minecraftforge.event.ForgeEventFactory.handler$zzh000$onRenderTickEnd(ForgeEventFactory.java:1274) ~[forge-1.20.1-47.4.0_mapped_official_1.20.1.jar:?]
	at net.minecraftforge.event.ForgeEventFactory.onRenderTickEnd(ForgeEventFactory.java) ~[forge-1.20.1-47.4.0_mapped_official_1.20.1.jar:?]
	at net.minecraft.client.Minecraft.runTick(Minecraft.java:1148) ~[forge-1.20.1-47.4.0_mapped_official_1.20.1.jar:?]
	at net.minecraft.client.Minecraft.run(Minecraft.java:718) ~[forge-1.20.1-47.4.0_mapped_official_1.20.1.jar:?]
	at net.minecraft.client.main.Main.main(Main.java:218) ~[forge-1.20.1-47.4.0_mapped_official_1.20.1.jar:?]
	at jdk.internal.reflect.NativeMethodAccessorImpl.invoke0(Native Method) ~[?:?]
	at jdk.internal.reflect.NativeMethodAccessorImpl.invoke(NativeMethodAccessorImpl.java:77) ~[?:?]
	at jdk.internal.reflect.DelegatingMethodAccessorImpl.invoke(DelegatingMethodAccessorImpl.java:43) ~[?:?]
	at java.lang.reflect.Method.invoke(Method.java:568) ~[?:?]
	at net.minecraftforge.fml.loading.targets.CommonLaunchHandler.runTarget(CommonLaunchHandler.java:111) ~[fmlloader-1.20.1-47.4.0.jar:?]
	at net.minecraftforge.fml.loading.targets.CommonLaunchHandler.clientService(CommonLaunchHandler.java:99) ~[fmlloader-1.20.1-47.4.0.jar:?]
	at net.minecraftforge.fml.loading.targets.ForgeClientUserdevLaunchHandler.devService(ForgeClientUserdevLaunchHandler.java:19) ~[fmlloader-1.20.1-47.4.0.jar:?]
	at net.minecraftforge.fml.loading.targets.CommonDevLaunchHandler.lambda$makeService$7(CommonDevLaunchHandler.java:135) ~[fmlloader-1.20.1-47.4.0.jar:?]
	at cpw.mods.modlauncher.LaunchServiceHandlerDecorator.launch(LaunchServiceHandlerDecorator.java:30) ~[modlauncher-10.0.9.jar:?]
	at cpw.mods.modlauncher.LaunchServiceHandler.launch(LaunchServiceHandler.java:53) ~[modlauncher-10.0.9.jar:?]
	at cpw.mods.modlauncher.LaunchServiceHandler.launch(LaunchServiceHandler.java:71) ~[modlauncher-10.0.9.jar:?]
	at cpw.mods.modlauncher.Launcher.run(Launcher.java:108) ~[modlauncher-10.0.9.jar:?]
	at cpw.mods.modlauncher.Launcher.main(Launcher.java:78) ~[modlauncher-10.0.9.jar:?]
	at cpw.mods.modlauncher.BootstrapLaunchConsumer.accept(BootstrapLaunchConsumer.java:26) ~[modlauncher-10.0.9.jar:?]
	at cpw.mods.modlauncher.BootstrapLaunchConsumer.accept(BootstrapLaunchConsumer.java:23) ~[modlauncher-10.0.9.jar:?]
	at cpw.mods.bootstraplauncher.BootstrapLauncher.main(BootstrapLauncher.java:141) ~[bootstraplauncher-1.1.2.jar:?]
[144月2025 01:12:11.855] [Render thread/WARN] [net.minecraft.client.renderer.GameRenderer/]: Failed to load shader: minecraft:shaders/post/defile.json
java.io.FileNotFoundException: minecraft:shaders/post/defile.json
	at net.minecraft.server.packs.resources.ResourceProvider.lambda$getResourceOrThrow$0(ResourceProvider.java:21) ~[forge-1.20.1-47.4.0_mapped_official_1.20.1.jar:?]
	at java.util.Optional.orElseThrow(Optional.java:403) ~[?:?]
	at net.minecraft.server.packs.resources.ResourceProvider.getResourceOrThrow(ResourceProvider.java:21) ~[forge-1.20.1-47.4.0_mapped_official_1.20.1.jar:?]
	at net.minecraft.client.renderer.PostChain.load(PostChain.java:58) ~[forge-1.20.1-47.4.0_mapped_official_1.20.1.jar:?]
	at net.minecraft.client.renderer.PostChain.<init>(PostChain.java:54) ~[forge-1.20.1-47.4.0_mapped_official_1.20.1.jar:?]
	at net.minecraft.client.renderer.GameRenderer.loadEffect(GameRenderer.java:341) ~[forge-1.20.1-47.4.0_mapped_official_1.20.1.jar:?]
	at net.minecraftforge.event.ForgeEventFactory.handler$zzh000$onRenderTickEnd(ForgeEventFactory.java:1274) ~[forge-1.20.1-47.4.0_mapped_official_1.20.1.jar:?]
	at net.minecraftforge.event.ForgeEventFactory.onRenderTickEnd(ForgeEventFactory.java) ~[forge-1.20.1-47.4.0_mapped_official_1.20.1.jar:?]
	at net.minecraft.client.Minecraft.runTick(Minecraft.java:1148) ~[forge-1.20.1-47.4.0_mapped_official_1.20.1.jar:?]
	at net.minecraft.client.Minecraft.run(Minecraft.java:718) ~[forge-1.20.1-47.4.0_mapped_official_1.20.1.jar:?]
	at net.minecraft.client.main.Main.main(Main.java:218) ~[forge-1.20.1-47.4.0_mapped_official_1.20.1.jar:?]
	at jdk.internal.reflect.NativeMethodAccessorImpl.invoke0(Native Method) ~[?:?]
	at jdk.internal.reflect.NativeMethodAccessorImpl.invoke(NativeMethodAccessorImpl.java:77) ~[?:?]
	at jdk.internal.reflect.DelegatingMethodAccessorImpl.invoke(DelegatingMethodAccessorImpl.java:43) ~[?:?]
	at java.lang.reflect.Method.invoke(Method.java:568) ~[?:?]
	at net.minecraftforge.fml.loading.targets.CommonLaunchHandler.runTarget(CommonLaunchHandler.java:111) ~[fmlloader-1.20.1-47.4.0.jar:?]
	at net.minecraftforge.fml.loading.targets.CommonLaunchHandler.clientService(CommonLaunchHandler.java:99) ~[fmlloader-1.20.1-47.4.0.jar:?]
	at net.minecraftforge.fml.loading.targets.ForgeClientUserdevLaunchHandler.devService(ForgeClientUserdevLaunchHandler.java:19) ~[fmlloader-1.20.1-47.4.0.jar:?]
	at net.minecraftforge.fml.loading.targets.CommonDevLaunchHandler.lambda$makeService$7(CommonDevLaunchHandler.java:135) ~[fmlloader-1.20.1-47.4.0.jar:?]
	at cpw.mods.modlauncher.LaunchServiceHandlerDecorator.launch(LaunchServiceHandlerDecorator.java:30) ~[modlauncher-10.0.9.jar:?]
	at cpw.mods.modlauncher.LaunchServiceHandler.launch(LaunchServiceHandler.java:53) ~[modlauncher-10.0.9.jar:?]
	at cpw.mods.modlauncher.LaunchServiceHandler.launch(LaunchServiceHandler.java:71) ~[modlauncher-10.0.9.jar:?]
	at cpw.mods.modlauncher.Launcher.run(Launcher.java:108) ~[modlauncher-10.0.9.jar:?]
	at cpw.mods.modlauncher.Launcher.main(Launcher.java:78) ~[modlauncher-10.0.9.jar:?]
	at cpw.mods.modlauncher.BootstrapLaunchConsumer.accept(BootstrapLaunchConsumer.java:26) ~[modlauncher-10.0.9.jar:?]
	at cpw.mods.modlauncher.BootstrapLaunchConsumer.accept(BootstrapLaunchConsumer.java:23) ~[modlauncher-10.0.9.jar:?]
	at cpw.mods.bootstraplauncher.BootstrapLauncher.main(BootstrapLauncher.java:141) ~[bootstraplauncher-1.1.2.jar:?]
[144月2025 01:12:11.873] [Render thread/WARN] [net.minecraft.client.renderer.GameRenderer/]: Failed to load shader: minecraft:shaders/post/defile.json
java.io.FileNotFoundException: minecraft:shaders/post/defile.json
	at net.minecraft.server.packs.resources.ResourceProvider.lambda$getResourceOrThrow$0(ResourceProvider.java:21) ~[forge-1.20.1-47.4.0_mapped_official_1.20.1.jar:?]
	at java.util.Optional.orElseThrow(Optional.java:403) ~[?:?]
	at net.minecraft.server.packs.resources.ResourceProvider.getResourceOrThrow(ResourceProvider.java:21) ~[forge-1.20.1-47.4.0_mapped_official_1.20.1.jar:?]
	at net.minecraft.client.renderer.PostChain.load(PostChain.java:58) ~[forge-1.20.1-47.4.0_mapped_official_1.20.1.jar:?]
	at net.minecraft.client.renderer.PostChain.<init>(PostChain.java:54) ~[forge-1.20.1-47.4.0_mapped_official_1.20.1.jar:?]
	at net.minecraft.client.renderer.GameRenderer.loadEffect(GameRenderer.java:341) ~[forge-1.20.1-47.4.0_mapped_official_1.20.1.jar:?]
	at net.minecraftforge.event.ForgeEventFactory.handler$zzh000$onRenderTickEnd(ForgeEventFactory.java:1274) ~[forge-1.20.1-47.4.0_mapped_official_1.20.1.jar:?]
	at net.minecraftforge.event.ForgeEventFactory.onRenderTickEnd(ForgeEventFactory.java) ~[forge-1.20.1-47.4.0_mapped_official_1.20.1.jar:?]
	at net.minecraft.client.Minecraft.runTick(Minecraft.java:1148) ~[forge-1.20.1-47.4.0_mapped_official_1.20.1.jar:?]
	at net.minecraft.client.Minecraft.run(Minecraft.java:718) ~[forge-1.20.1-47.4.0_mapped_official_1.20.1.jar:?]
	at net.minecraft.client.main.Main.main(Main.java:218) ~[forge-1.20.1-47.4.0_mapped_official_1.20.1.jar:?]
	at jdk.internal.reflect.NativeMethodAccessorImpl.invoke0(Native Method) ~[?:?]
	at jdk.internal.reflect.NativeMethodAccessorImpl.invoke(NativeMethodAccessorImpl.java:77) ~[?:?]
	at jdk.internal.reflect.DelegatingMethodAccessorImpl.invoke(DelegatingMethodAccessorImpl.java:43) ~[?:?]
	at java.lang.reflect.Method.invoke(Method.java:568) ~[?:?]
	at net.minecraftforge.fml.loading.targets.CommonLaunchHandler.runTarget(CommonLaunchHandler.java:111) ~[fmlloader-1.20.1-47.4.0.jar:?]
	at net.minecraftforge.fml.loading.targets.CommonLaunchHandler.clientService(CommonLaunchHandler.java:99) ~[fmlloader-1.20.1-47.4.0.jar:?]
	at net.minecraftforge.fml.loading.targets.ForgeClientUserdevLaunchHandler.devService(ForgeClientUserdevLaunchHandler.java:19) ~[fmlloader-1.20.1-47.4.0.jar:?]
	at net.minecraftforge.fml.loading.targets.CommonDevLaunchHandler.lambda$makeService$7(CommonDevLaunchHandler.java:135) ~[fmlloader-1.20.1-47.4.0.jar:?]
	at cpw.mods.modlauncher.LaunchServiceHandlerDecorator.launch(LaunchServiceHandlerDecorator.java:30) ~[modlauncher-10.0.9.jar:?]
	at cpw.mods.modlauncher.LaunchServiceHandler.launch(LaunchServiceHandler.java:53) ~[modlauncher-10.0.9.jar:?]
	at cpw.mods.modlauncher.LaunchServiceHandler.launch(LaunchServiceHandler.java:71) ~[modlauncher-10.0.9.jar:?]
	at cpw.mods.modlauncher.Launcher.run(Launcher.java:108) ~[modlauncher-10.0.9.jar:?]
	at cpw.mods.modlauncher.Launcher.main(Launcher.java:78) ~[modlauncher-10.0.9.jar:?]
	at cpw.mods.modlauncher.BootstrapLaunchConsumer.accept(BootstrapLaunchConsumer.java:26) ~[modlauncher-10.0.9.jar:?]
	at cpw.mods.modlauncher.BootstrapLaunchConsumer.accept(BootstrapLaunchConsumer.java:23) ~[modlauncher-10.0.9.jar:?]
	at cpw.mods.bootstraplauncher.BootstrapLauncher.main(BootstrapLauncher.java:141) ~[bootstraplauncher-1.1.2.jar:?]
[144月2025 01:12:11.889] [Render thread/WARN] [net.minecraft.client.renderer.GameRenderer/]: Failed to load shader: minecraft:shaders/post/defile.json
java.io.FileNotFoundException: minecraft:shaders/post/defile.json
	at net.minecraft.server.packs.resources.ResourceProvider.lambda$getResourceOrThrow$0(ResourceProvider.java:21) ~[forge-1.20.1-47.4.0_mapped_official_1.20.1.jar:?]
	at java.util.Optional.orElseThrow(Optional.java:403) ~[?:?]
	at net.minecraft.server.packs.resources.ResourceProvider.getResourceOrThrow(ResourceProvider.java:21) ~[forge-1.20.1-47.4.0_mapped_official_1.20.1.jar:?]
	at net.minecraft.client.renderer.PostChain.load(PostChain.java:58) ~[forge-1.20.1-47.4.0_mapped_official_1.20.1.jar:?]
	at net.minecraft.client.renderer.PostChain.<init>(PostChain.java:54) ~[forge-1.20.1-47.4.0_mapped_official_1.20.1.jar:?]
	at net.minecraft.client.renderer.GameRenderer.loadEffect(GameRenderer.java:341) ~[forge-1.20.1-47.4.0_mapped_official_1.20.1.jar:?]
	at net.minecraftforge.event.ForgeEventFactory.handler$zzh000$onRenderTickEnd(ForgeEventFactory.java:1274) ~[forge-1.20.1-47.4.0_mapped_official_1.20.1.jar:?]
	at net.minecraftforge.event.ForgeEventFactory.onRenderTickEnd(ForgeEventFactory.java) ~[forge-1.20.1-47.4.0_mapped_official_1.20.1.jar:?]
	at net.minecraft.client.Minecraft.runTick(Minecraft.java:1148) ~[forge-1.20.1-47.4.0_mapped_official_1.20.1.jar:?]
	at net.minecraft.client.Minecraft.run(Minecraft.java:718) ~[forge-1.20.1-47.4.0_mapped_official_1.20.1.jar:?]
	at net.minecraft.client.main.Main.main(Main.java:218) ~[forge-1.20.1-47.4.0_mapped_official_1.20.1.jar:?]
	at jdk.internal.reflect.NativeMethodAccessorImpl.invoke0(Native Method) ~[?:?]
	at jdk.internal.reflect.NativeMethodAccessorImpl.invoke(NativeMethodAccessorImpl.java:77) ~[?:?]
	at jdk.internal.reflect.DelegatingMethodAccessorImpl.invoke(DelegatingMethodAccessorImpl.java:43) ~[?:?]
	at java.lang.reflect.Method.invoke(Method.java:568) ~[?:?]
	at net.minecraftforge.fml.loading.targets.CommonLaunchHandler.runTarget(CommonLaunchHandler.java:111) ~[fmlloader-1.20.1-47.4.0.jar:?]
	at net.minecraftforge.fml.loading.targets.CommonLaunchHandler.clientService(CommonLaunchHandler.java:99) ~[fmlloader-1.20.1-47.4.0.jar:?]
	at net.minecraftforge.fml.loading.targets.ForgeClientUserdevLaunchHandler.devService(ForgeClientUserdevLaunchHandler.java:19) ~[fmlloader-1.20.1-47.4.0.jar:?]
	at net.minecraftforge.fml.loading.targets.CommonDevLaunchHandler.lambda$makeService$7(CommonDevLaunchHandler.java:135) ~[fmlloader-1.20.1-47.4.0.jar:?]
	at cpw.mods.modlauncher.LaunchServiceHandlerDecorator.launch(LaunchServiceHandlerDecorator.java:30) ~[modlauncher-10.0.9.jar:?]
	at cpw.mods.modlauncher.LaunchServiceHandler.launch(LaunchServiceHandler.java:53) ~[modlauncher-10.0.9.jar:?]
	at cpw.mods.modlauncher.LaunchServiceHandler.launch(LaunchServiceHandler.java:71) ~[modlauncher-10.0.9.jar:?]
	at cpw.mods.modlauncher.Launcher.run(Launcher.java:108) ~[modlauncher-10.0.9.jar:?]
	at cpw.mods.modlauncher.Launcher.main(Launcher.java:78) ~[modlauncher-10.0.9.jar:?]
	at cpw.mods.modlauncher.BootstrapLaunchConsumer.accept(BootstrapLaunchConsumer.java:26) ~[modlauncher-10.0.9.jar:?]
	at cpw.mods.modlauncher.BootstrapLaunchConsumer.accept(BootstrapLaunchConsumer.java:23) ~[modlauncher-10.0.9.jar:?]
	at cpw.mods.bootstraplauncher.BootstrapLauncher.main(BootstrapLauncher.java:141) ~[bootstraplauncher-1.1.2.jar:?]
[144月2025 01:12:11.908] [Render thread/WARN] [net.minecraft.client.renderer.GameRenderer/]: Failed to load shader: minecraft:shaders/post/defile.json
java.io.FileNotFoundException: minecraft:shaders/post/defile.json
	at net.minecraft.server.packs.resources.ResourceProvider.lambda$getResourceOrThrow$0(ResourceProvider.java:21) ~[forge-1.20.1-47.4.0_mapped_official_1.20.1.jar:?]
	at java.util.Optional.orElseThrow(Optional.java:403) ~[?:?]
	at net.minecraft.server.packs.resources.ResourceProvider.getResourceOrThrow(ResourceProvider.java:21) ~[forge-1.20.1-47.4.0_mapped_official_1.20.1.jar:?]
	at net.minecraft.client.renderer.PostChain.load(PostChain.java:58) ~[forge-1.20.1-47.4.0_mapped_official_1.20.1.jar:?]
	at net.minecraft.client.renderer.PostChain.<init>(PostChain.java:54) ~[forge-1.20.1-47.4.0_mapped_official_1.20.1.jar:?]
	at net.minecraft.client.renderer.GameRenderer.loadEffect(GameRenderer.java:341) ~[forge-1.20.1-47.4.0_mapped_official_1.20.1.jar:?]
	at net.minecraftforge.event.ForgeEventFactory.handler$zzh000$onRenderTickEnd(ForgeEventFactory.java:1274) ~[forge-1.20.1-47.4.0_mapped_official_1.20.1.jar:?]
	at net.minecraftforge.event.ForgeEventFactory.onRenderTickEnd(ForgeEventFactory.java) ~[forge-1.20.1-47.4.0_mapped_official_1.20.1.jar:?]
	at net.minecraft.client.Minecraft.runTick(Minecraft.java:1148) ~[forge-1.20.1-47.4.0_mapped_official_1.20.1.jar:?]
	at net.minecraft.client.Minecraft.run(Minecraft.java:718) ~[forge-1.20.1-47.4.0_mapped_official_1.20.1.jar:?]
	at net.minecraft.client.main.Main.main(Main.java:218) ~[forge-1.20.1-47.4.0_mapped_official_1.20.1.jar:?]
	at jdk.internal.reflect.NativeMethodAccessorImpl.invoke0(Native Method) ~[?:?]
	at jdk.internal.reflect.NativeMethodAccessorImpl.invoke(NativeMethodAccessorImpl.java:77) ~[?:?]
	at jdk.internal.reflect.DelegatingMethodAccessorImpl.invoke(DelegatingMethodAccessorImpl.java:43) ~[?:?]
	at java.lang.reflect.Method.invoke(Method.java:568) ~[?:?]
	at net.minecraftforge.fml.loading.targets.CommonLaunchHandler.runTarget(CommonLaunchHandler.java:111) ~[fmlloader-1.20.1-47.4.0.jar:?]
	at net.minecraftforge.fml.loading.targets.CommonLaunchHandler.clientService(CommonLaunchHandler.java:99) ~[fmlloader-1.20.1-47.4.0.jar:?]
	at net.minecraftforge.fml.loading.targets.ForgeClientUserdevLaunchHandler.devService(ForgeClientUserdevLaunchHandler.java:19) ~[fmlloader-1.20.1-47.4.0.jar:?]
	at net.minecraftforge.fml.loading.targets.CommonDevLaunchHandler.lambda$makeService$7(CommonDevLaunchHandler.java:135) ~[fmlloader-1.20.1-47.4.0.jar:?]
	at cpw.mods.modlauncher.LaunchServiceHandlerDecorator.launch(LaunchServiceHandlerDecorator.java:30) ~[modlauncher-10.0.9.jar:?]
	at cpw.mods.modlauncher.LaunchServiceHandler.launch(LaunchServiceHandler.java:53) ~[modlauncher-10.0.9.jar:?]
	at cpw.mods.modlauncher.LaunchServiceHandler.launch(LaunchServiceHandler.java:71) ~[modlauncher-10.0.9.jar:?]
	at cpw.mods.modlauncher.Launcher.run(Launcher.java:108) ~[modlauncher-10.0.9.jar:?]
	at cpw.mods.modlauncher.Launcher.main(Launcher.java:78) ~[modlauncher-10.0.9.jar:?]
	at cpw.mods.modlauncher.BootstrapLaunchConsumer.accept(BootstrapLaunchConsumer.java:26) ~[modlauncher-10.0.9.jar:?]
	at cpw.mods.modlauncher.BootstrapLaunchConsumer.accept(BootstrapLaunchConsumer.java:23) ~[modlauncher-10.0.9.jar:?]
	at cpw.mods.bootstraplauncher.BootstrapLauncher.main(BootstrapLauncher.java:141) ~[bootstraplauncher-1.1.2.jar:?]
[144月2025 01:12:11.933] [Render thread/WARN] [net.minecraft.client.renderer.GameRenderer/]: Failed to load shader: minecraft:shaders/post/defile.json
java.io.FileNotFoundException: minecraft:shaders/post/defile.json
	at net.minecraft.server.packs.resources.ResourceProvider.lambda$getResourceOrThrow$0(ResourceProvider.java:21) ~[forge-1.20.1-47.4.0_mapped_official_1.20.1.jar:?]
	at java.util.Optional.orElseThrow(Optional.java:403) ~[?:?]
	at net.minecraft.server.packs.resources.ResourceProvider.getResourceOrThrow(ResourceProvider.java:21) ~[forge-1.20.1-47.4.0_mapped_official_1.20.1.jar:?]
	at net.minecraft.client.renderer.PostChain.load(PostChain.java:58) ~[forge-1.20.1-47.4.0_mapped_official_1.20.1.jar:?]
	at net.minecraft.client.renderer.PostChain.<init>(PostChain.java:54) ~[forge-1.20.1-47.4.0_mapped_official_1.20.1.jar:?]
	at net.minecraft.client.renderer.GameRenderer.loadEffect(GameRenderer.java:341) ~[forge-1.20.1-47.4.0_mapped_official_1.20.1.jar:?]
	at net.minecraftforge.event.ForgeEventFactory.handler$zzh000$onRenderTickEnd(ForgeEventFactory.java:1274) ~[forge-1.20.1-47.4.0_mapped_official_1.20.1.jar:?]
	at net.minecraftforge.event.ForgeEventFactory.onRenderTickEnd(ForgeEventFactory.java) ~[forge-1.20.1-47.4.0_mapped_official_1.20.1.jar:?]
	at net.minecraft.client.Minecraft.runTick(Minecraft.java:1148) ~[forge-1.20.1-47.4.0_mapped_official_1.20.1.jar:?]
	at net.minecraft.client.Minecraft.run(Minecraft.java:718) ~[forge-1.20.1-47.4.0_mapped_official_1.20.1.jar:?]
	at net.minecraft.client.main.Main.main(Main.java:218) ~[forge-1.20.1-47.4.0_mapped_official_1.20.1.jar:?]
	at jdk.internal.reflect.NativeMethodAccessorImpl.invoke0(Native Method) ~[?:?]
	at jdk.internal.reflect.NativeMethodAccessorImpl.invoke(NativeMethodAccessorImpl.java:77) ~[?:?]
	at jdk.internal.reflect.DelegatingMethodAccessorImpl.invoke(DelegatingMethodAccessorImpl.java:43) ~[?:?]
	at java.lang.reflect.Method.invoke(Method.java:568) ~[?:?]
	at net.minecraftforge.fml.loading.targets.CommonLaunchHandler.runTarget(CommonLaunchHandler.java:111) ~[fmlloader-1.20.1-47.4.0.jar:?]
	at net.minecraftforge.fml.loading.targets.CommonLaunchHandler.clientService(CommonLaunchHandler.java:99) ~[fmlloader-1.20.1-47.4.0.jar:?]
	at net.minecraftforge.fml.loading.targets.ForgeClientUserdevLaunchHandler.devService(ForgeClientUserdevLaunchHandler.java:19) ~[fmlloader-1.20.1-47.4.0.jar:?]
	at net.minecraftforge.fml.loading.targets.CommonDevLaunchHandler.lambda$makeService$7(CommonDevLaunchHandler.java:135) ~[fmlloader-1.20.1-47.4.0.jar:?]
	at cpw.mods.modlauncher.LaunchServiceHandlerDecorator.launch(LaunchServiceHandlerDecorator.java:30) ~[modlauncher-10.0.9.jar:?]
	at cpw.mods.modlauncher.LaunchServiceHandler.launch(LaunchServiceHandler.java:53) ~[modlauncher-10.0.9.jar:?]
	at cpw.mods.modlauncher.LaunchServiceHandler.launch(LaunchServiceHandler.java:71) ~[modlauncher-10.0.9.jar:?]
	at cpw.mods.modlauncher.Launcher.run(Launcher.java:108) ~[modlauncher-10.0.9.jar:?]
	at cpw.mods.modlauncher.Launcher.main(Launcher.java:78) ~[modlauncher-10.0.9.jar:?]
	at cpw.mods.modlauncher.BootstrapLaunchConsumer.accept(BootstrapLaunchConsumer.java:26) ~[modlauncher-10.0.9.jar:?]
	at cpw.mods.modlauncher.BootstrapLaunchConsumer.accept(BootstrapLaunchConsumer.java:23) ~[modlauncher-10.0.9.jar:?]
	at cpw.mods.bootstraplauncher.BootstrapLauncher.main(BootstrapLauncher.java:141) ~[bootstraplauncher-1.1.2.jar:?]
[144月2025 01:12:11.949] [Render thread/WARN] [net.minecraft.client.renderer.GameRenderer/]: Failed to load shader: minecraft:shaders/post/defile.json
java.io.FileNotFoundException: minecraft:shaders/post/defile.json
	at net.minecraft.server.packs.resources.ResourceProvider.lambda$getResourceOrThrow$0(ResourceProvider.java:21) ~[forge-1.20.1-47.4.0_mapped_official_1.20.1.jar:?]
	at java.util.Optional.orElseThrow(Optional.java:403) ~[?:?]
	at net.minecraft.server.packs.resources.ResourceProvider.getResourceOrThrow(ResourceProvider.java:21) ~[forge-1.20.1-47.4.0_mapped_official_1.20.1.jar:?]
	at net.minecraft.client.renderer.PostChain.load(PostChain.java:58) ~[forge-1.20.1-47.4.0_mapped_official_1.20.1.jar:?]
	at net.minecraft.client.renderer.PostChain.<init>(PostChain.java:54) ~[forge-1.20.1-47.4.0_mapped_official_1.20.1.jar:?]
	at net.minecraft.client.renderer.GameRenderer.loadEffect(GameRenderer.java:341) ~[forge-1.20.1-47.4.0_mapped_official_1.20.1.jar:?]
	at net.minecraftforge.event.ForgeEventFactory.handler$zzh000$onRenderTickEnd(ForgeEventFactory.java:1274) ~[forge-1.20.1-47.4.0_mapped_official_1.20.1.jar:?]
	at net.minecraftforge.event.ForgeEventFactory.onRenderTickEnd(ForgeEventFactory.java) ~[forge-1.20.1-47.4.0_mapped_official_1.20.1.jar:?]
	at net.minecraft.client.Minecraft.runTick(Minecraft.java:1148) ~[forge-1.20.1-47.4.0_mapped_official_1.20.1.jar:?]
	at net.minecraft.client.Minecraft.run(Minecraft.java:718) ~[forge-1.20.1-47.4.0_mapped_official_1.20.1.jar:?]
	at net.minecraft.client.main.Main.main(Main.java:218) ~[forge-1.20.1-47.4.0_mapped_official_1.20.1.jar:?]
	at jdk.internal.reflect.NativeMethodAccessorImpl.invoke0(Native Method) ~[?:?]
	at jdk.internal.reflect.NativeMethodAccessorImpl.invoke(NativeMethodAccessorImpl.java:77) ~[?:?]
	at jdk.internal.reflect.DelegatingMethodAccessorImpl.invoke(DelegatingMethodAccessorImpl.java:43) ~[?:?]
	at java.lang.reflect.Method.invoke(Method.java:568) ~[?:?]
	at net.minecraftforge.fml.loading.targets.CommonLaunchHandler.runTarget(CommonLaunchHandler.java:111) ~[fmlloader-1.20.1-47.4.0.jar:?]
	at net.minecraftforge.fml.loading.targets.CommonLaunchHandler.clientService(CommonLaunchHandler.java:99) ~[fmlloader-1.20.1-47.4.0.jar:?]
	at net.minecraftforge.fml.loading.targets.ForgeClientUserdevLaunchHandler.devService(ForgeClientUserdevLaunchHandler.java:19) ~[fmlloader-1.20.1-47.4.0.jar:?]
	at net.minecraftforge.fml.loading.targets.CommonDevLaunchHandler.lambda$makeService$7(CommonDevLaunchHandler.java:135) ~[fmlloader-1.20.1-47.4.0.jar:?]
	at cpw.mods.modlauncher.LaunchServiceHandlerDecorator.launch(LaunchServiceHandlerDecorator.java:30) ~[modlauncher-10.0.9.jar:?]
	at cpw.mods.modlauncher.LaunchServiceHandler.launch(LaunchServiceHandler.java:53) ~[modlauncher-10.0.9.jar:?]
	at cpw.mods.modlauncher.LaunchServiceHandler.launch(LaunchServiceHandler.java:71) ~[modlauncher-10.0.9.jar:?]
	at cpw.mods.modlauncher.Launcher.run(Launcher.java:108) ~[modlauncher-10.0.9.jar:?]
	at cpw.mods.modlauncher.Launcher.main(Launcher.java:78) ~[modlauncher-10.0.9.jar:?]
	at cpw.mods.modlauncher.BootstrapLaunchConsumer.accept(BootstrapLaunchConsumer.java:26) ~[modlauncher-10.0.9.jar:?]
	at cpw.mods.modlauncher.BootstrapLaunchConsumer.accept(BootstrapLaunchConsumer.java:23) ~[modlauncher-10.0.9.jar:?]
	at cpw.mods.bootstraplauncher.BootstrapLauncher.main(BootstrapLauncher.java:141) ~[bootstraplauncher-1.1.2.jar:?]
[144月2025 01:12:11.967] [Render thread/WARN] [net.minecraft.client.renderer.GameRenderer/]: Failed to load shader: minecraft:shaders/post/defile.json
java.io.FileNotFoundException: minecraft:shaders/post/defile.json
	at net.minecraft.server.packs.resources.ResourceProvider.lambda$getResourceOrThrow$0(ResourceProvider.java:21) ~[forge-1.20.1-47.4.0_mapped_official_1.20.1.jar:?]
	at java.util.Optional.orElseThrow(Optional.java:403) ~[?:?]
	at net.minecraft.server.packs.resources.ResourceProvider.getResourceOrThrow(ResourceProvider.java:21) ~[forge-1.20.1-47.4.0_mapped_official_1.20.1.jar:?]
	at net.minecraft.client.renderer.PostChain.load(PostChain.java:58) ~[forge-1.20.1-47.4.0_mapped_official_1.20.1.jar:?]
	at net.minecraft.client.renderer.PostChain.<init>(PostChain.java:54) ~[forge-1.20.1-47.4.0_mapped_official_1.20.1.jar:?]
	at net.minecraft.client.renderer.GameRenderer.loadEffect(GameRenderer.java:341) ~[forge-1.20.1-47.4.0_mapped_official_1.20.1.jar:?]
	at net.minecraftforge.event.ForgeEventFactory.handler$zzh000$onRenderTickEnd(ForgeEventFactory.java:1274) ~[forge-1.20.1-47.4.0_mapped_official_1.20.1.jar:?]
	at net.minecraftforge.event.ForgeEventFactory.onRenderTickEnd(ForgeEventFactory.java) ~[forge-1.20.1-47.4.0_mapped_official_1.20.1.jar:?]
	at net.minecraft.client.Minecraft.runTick(Minecraft.java:1148) ~[forge-1.20.1-47.4.0_mapped_official_1.20.1.jar:?]
	at net.minecraft.client.Minecraft.run(Minecraft.java:718) ~[forge-1.20.1-47.4.0_mapped_official_1.20.1.jar:?]
	at net.minecraft.client.main.Main.main(Main.java:218) ~[forge-1.20.1-47.4.0_mapped_official_1.20.1.jar:?]
	at jdk.internal.reflect.NativeMethodAccessorImpl.invoke0(Native Method) ~[?:?]
	at jdk.internal.reflect.NativeMethodAccessorImpl.invoke(NativeMethodAccessorImpl.java:77) ~[?:?]
	at jdk.internal.reflect.DelegatingMethodAccessorImpl.invoke(DelegatingMethodAccessorImpl.java:43) ~[?:?]
	at java.lang.reflect.Method.invoke(Method.java:568) ~[?:?]
	at net.minecraftforge.fml.loading.targets.CommonLaunchHandler.runTarget(CommonLaunchHandler.java:111) ~[fmlloader-1.20.1-47.4.0.jar:?]
	at net.minecraftforge.fml.loading.targets.CommonLaunchHandler.clientService(CommonLaunchHandler.java:99) ~[fmlloader-1.20.1-47.4.0.jar:?]
	at net.minecraftforge.fml.loading.targets.ForgeClientUserdevLaunchHandler.devService(ForgeClientUserdevLaunchHandler.java:19) ~[fmlloader-1.20.1-47.4.0.jar:?]
	at net.minecraftforge.fml.loading.targets.CommonDevLaunchHandler.lambda$makeService$7(CommonDevLaunchHandler.java:135) ~[fmlloader-1.20.1-47.4.0.jar:?]
	at cpw.mods.modlauncher.LaunchServiceHandlerDecorator.launch(LaunchServiceHandlerDecorator.java:30) ~[modlauncher-10.0.9.jar:?]
	at cpw.mods.modlauncher.LaunchServiceHandler.launch(LaunchServiceHandler.java:53) ~[modlauncher-10.0.9.jar:?]
	at cpw.mods.modlauncher.LaunchServiceHandler.launch(LaunchServiceHandler.java:71) ~[modlauncher-10.0.9.jar:?]
	at cpw.mods.modlauncher.Launcher.run(Launcher.java:108) ~[modlauncher-10.0.9.jar:?]
	at cpw.mods.modlauncher.Launcher.main(Launcher.java:78) ~[modlauncher-10.0.9.jar:?]
	at cpw.mods.modlauncher.BootstrapLaunchConsumer.accept(BootstrapLaunchConsumer.java:26) ~[modlauncher-10.0.9.jar:?]
	at cpw.mods.modlauncher.BootstrapLaunchConsumer.accept(BootstrapLaunchConsumer.java:23) ~[modlauncher-10.0.9.jar:?]
	at cpw.mods.bootstraplauncher.BootstrapLauncher.main(BootstrapLauncher.java:141) ~[bootstraplauncher-1.1.2.jar:?]
[144月2025 01:12:11.983] [Render thread/WARN] [net.minecraft.client.renderer.GameRenderer/]: Failed to load shader: minecraft:shaders/post/defile.json
java.io.FileNotFoundException: minecraft:shaders/post/defile.json
	at net.minecraft.server.packs.resources.ResourceProvider.lambda$getResourceOrThrow$0(ResourceProvider.java:21) ~[forge-1.20.1-47.4.0_mapped_official_1.20.1.jar:?]
	at java.util.Optional.orElseThrow(Optional.java:403) ~[?:?]
	at net.minecraft.server.packs.resources.ResourceProvider.getResourceOrThrow(ResourceProvider.java:21) ~[forge-1.20.1-47.4.0_mapped_official_1.20.1.jar:?]
	at net.minecraft.client.renderer.PostChain.load(PostChain.java:58) ~[forge-1.20.1-47.4.0_mapped_official_1.20.1.jar:?]
	at net.minecraft.client.renderer.PostChain.<init>(PostChain.java:54) ~[forge-1.20.1-47.4.0_mapped_official_1.20.1.jar:?]
	at net.minecraft.client.renderer.GameRenderer.loadEffect(GameRenderer.java:341) ~[forge-1.20.1-47.4.0_mapped_official_1.20.1.jar:?]
	at net.minecraftforge.event.ForgeEventFactory.handler$zzh000$onRenderTickEnd(ForgeEventFactory.java:1274) ~[forge-1.20.1-47.4.0_mapped_official_1.20.1.jar:?]
	at net.minecraftforge.event.ForgeEventFactory.onRenderTickEnd(ForgeEventFactory.java) ~[forge-1.20.1-47.4.0_mapped_official_1.20.1.jar:?]
	at net.minecraft.client.Minecraft.runTick(Minecraft.java:1148) ~[forge-1.20.1-47.4.0_mapped_official_1.20.1.jar:?]
	at net.minecraft.client.Minecraft.run(Minecraft.java:718) ~[forge-1.20.1-47.4.0_mapped_official_1.20.1.jar:?]
	at net.minecraft.client.main.Main.main(Main.java:218) ~[forge-1.20.1-47.4.0_mapped_official_1.20.1.jar:?]
	at jdk.internal.reflect.NativeMethodAccessorImpl.invoke0(Native Method) ~[?:?]
	at jdk.internal.reflect.NativeMethodAccessorImpl.invoke(NativeMethodAccessorImpl.java:77) ~[?:?]
	at jdk.internal.reflect.DelegatingMethodAccessorImpl.invoke(DelegatingMethodAccessorImpl.java:43) ~[?:?]
	at java.lang.reflect.Method.invoke(Method.java:568) ~[?:?]
	at net.minecraftforge.fml.loading.targets.CommonLaunchHandler.runTarget(CommonLaunchHandler.java:111) ~[fmlloader-1.20.1-47.4.0.jar:?]
	at net.minecraftforge.fml.loading.targets.CommonLaunchHandler.clientService(CommonLaunchHandler.java:99) ~[fmlloader-1.20.1-47.4.0.jar:?]
	at net.minecraftforge.fml.loading.targets.ForgeClientUserdevLaunchHandler.devService(ForgeClientUserdevLaunchHandler.java:19) ~[fmlloader-1.20.1-47.4.0.jar:?]
	at net.minecraftforge.fml.loading.targets.CommonDevLaunchHandler.lambda$makeService$7(CommonDevLaunchHandler.java:135) ~[fmlloader-1.20.1-47.4.0.jar:?]
	at cpw.mods.modlauncher.LaunchServiceHandlerDecorator.launch(LaunchServiceHandlerDecorator.java:30) ~[modlauncher-10.0.9.jar:?]
	at cpw.mods.modlauncher.LaunchServiceHandler.launch(LaunchServiceHandler.java:53) ~[modlauncher-10.0.9.jar:?]
	at cpw.mods.modlauncher.LaunchServiceHandler.launch(LaunchServiceHandler.java:71) ~[modlauncher-10.0.9.jar:?]
	at cpw.mods.modlauncher.Launcher.run(Launcher.java:108) ~[modlauncher-10.0.9.jar:?]
	at cpw.mods.modlauncher.Launcher.main(Launcher.java:78) ~[modlauncher-10.0.9.jar:?]
	at cpw.mods.modlauncher.BootstrapLaunchConsumer.accept(BootstrapLaunchConsumer.java:26) ~[modlauncher-10.0.9.jar:?]
	at cpw.mods.modlauncher.BootstrapLaunchConsumer.accept(BootstrapLaunchConsumer.java:23) ~[modlauncher-10.0.9.jar:?]
	at cpw.mods.bootstraplauncher.BootstrapLauncher.main(BootstrapLauncher.java:141) ~[bootstraplauncher-1.1.2.jar:?]
[144月2025 01:12:12.000] [Render thread/WARN] [net.minecraft.client.renderer.GameRenderer/]: Failed to load shader: minecraft:shaders/post/defile.json
java.io.FileNotFoundException: minecraft:shaders/post/defile.json
	at net.minecraft.server.packs.resources.ResourceProvider.lambda$getResourceOrThrow$0(ResourceProvider.java:21) ~[forge-1.20.1-47.4.0_mapped_official_1.20.1.jar:?]
	at java.util.Optional.orElseThrow(Optional.java:403) ~[?:?]
	at net.minecraft.server.packs.resources.ResourceProvider.getResourceOrThrow(ResourceProvider.java:21) ~[forge-1.20.1-47.4.0_mapped_official_1.20.1.jar:?]
	at net.minecraft.client.renderer.PostChain.load(PostChain.java:58) ~[forge-1.20.1-47.4.0_mapped_official_1.20.1.jar:?]
	at net.minecraft.client.renderer.PostChain.<init>(PostChain.java:54) ~[forge-1.20.1-47.4.0_mapped_official_1.20.1.jar:?]
	at net.minecraft.client.renderer.GameRenderer.loadEffect(GameRenderer.java:341) ~[forge-1.20.1-47.4.0_mapped_official_1.20.1.jar:?]
	at net.minecraftforge.event.ForgeEventFactory.handler$zzh000$onRenderTickEnd(ForgeEventFactory.java:1274) ~[forge-1.20.1-47.4.0_mapped_official_1.20.1.jar:?]
	at net.minecraftforge.event.ForgeEventFactory.onRenderTickEnd(ForgeEventFactory.java) ~[forge-1.20.1-47.4.0_mapped_official_1.20.1.jar:?]
	at net.minecraft.client.Minecraft.runTick(Minecraft.java:1148) ~[forge-1.20.1-47.4.0_mapped_official_1.20.1.jar:?]
	at net.minecraft.client.Minecraft.run(Minecraft.java:718) ~[forge-1.20.1-47.4.0_mapped_official_1.20.1.jar:?]
	at net.minecraft.client.main.Main.main(Main.java:218) ~[forge-1.20.1-47.4.0_mapped_official_1.20.1.jar:?]
	at jdk.internal.reflect.NativeMethodAccessorImpl.invoke0(Native Method) ~[?:?]
	at jdk.internal.reflect.NativeMethodAccessorImpl.invoke(NativeMethodAccessorImpl.java:77) ~[?:?]
	at jdk.internal.reflect.DelegatingMethodAccessorImpl.invoke(DelegatingMethodAccessorImpl.java:43) ~[?:?]
	at java.lang.reflect.Method.invoke(Method.java:568) ~[?:?]
	at net.minecraftforge.fml.loading.targets.CommonLaunchHandler.runTarget(CommonLaunchHandler.java:111) ~[fmlloader-1.20.1-47.4.0.jar:?]
	at net.minecraftforge.fml.loading.targets.CommonLaunchHandler.clientService(CommonLaunchHandler.java:99) ~[fmlloader-1.20.1-47.4.0.jar:?]
	at net.minecraftforge.fml.loading.targets.ForgeClientUserdevLaunchHandler.devService(ForgeClientUserdevLaunchHandler.java:19) ~[fmlloader-1.20.1-47.4.0.jar:?]
	at net.minecraftforge.fml.loading.targets.CommonDevLaunchHandler.lambda$makeService$7(CommonDevLaunchHandler.java:135) ~[fmlloader-1.20.1-47.4.0.jar:?]
	at cpw.mods.modlauncher.LaunchServiceHandlerDecorator.launch(LaunchServiceHandlerDecorator.java:30) ~[modlauncher-10.0.9.jar:?]
	at cpw.mods.modlauncher.LaunchServiceHandler.launch(LaunchServiceHandler.java:53) ~[modlauncher-10.0.9.jar:?]
	at cpw.mods.modlauncher.LaunchServiceHandler.launch(LaunchServiceHandler.java:71) ~[modlauncher-10.0.9.jar:?]
	at cpw.mods.modlauncher.Launcher.run(Launcher.java:108) ~[modlauncher-10.0.9.jar:?]
	at cpw.mods.modlauncher.Launcher.main(Launcher.java:78) ~[modlauncher-10.0.9.jar:?]
	at cpw.mods.modlauncher.BootstrapLaunchConsumer.accept(BootstrapLaunchConsumer.java:26) ~[modlauncher-10.0.9.jar:?]
	at cpw.mods.modlauncher.BootstrapLaunchConsumer.accept(BootstrapLaunchConsumer.java:23) ~[modlauncher-10.0.9.jar:?]
	at cpw.mods.bootstraplauncher.BootstrapLauncher.main(BootstrapLauncher.java:141) ~[bootstraplauncher-1.1.2.jar:?]
[144月2025 01:12:12.019] [Render thread/WARN] [net.minecraft.client.renderer.GameRenderer/]: Failed to load shader: minecraft:shaders/post/defile.json
java.io.FileNotFoundException: minecraft:shaders/post/defile.json
	at net.minecraft.server.packs.resources.ResourceProvider.lambda$getResourceOrThrow$0(ResourceProvider.java:21) ~[forge-1.20.1-47.4.0_mapped_official_1.20.1.jar:?]
	at java.util.Optional.orElseThrow(Optional.java:403) ~[?:?]
	at net.minecraft.server.packs.resources.ResourceProvider.getResourceOrThrow(ResourceProvider.java:21) ~[forge-1.20.1-47.4.0_mapped_official_1.20.1.jar:?]
	at net.minecraft.client.renderer.PostChain.load(PostChain.java:58) ~[forge-1.20.1-47.4.0_mapped_official_1.20.1.jar:?]
	at net.minecraft.client.renderer.PostChain.<init>(PostChain.java:54) ~[forge-1.20.1-47.4.0_mapped_official_1.20.1.jar:?]
	at net.minecraft.client.renderer.GameRenderer.loadEffect(GameRenderer.java:341) ~[forge-1.20.1-47.4.0_mapped_official_1.20.1.jar:?]
	at net.minecraftforge.event.ForgeEventFactory.handler$zzh000$onRenderTickEnd(ForgeEventFactory.java:1274) ~[forge-1.20.1-47.4.0_mapped_official_1.20.1.jar:?]
	at net.minecraftforge.event.ForgeEventFactory.onRenderTickEnd(ForgeEventFactory.java) ~[forge-1.20.1-47.4.0_mapped_official_1.20.1.jar:?]
	at net.minecraft.client.Minecraft.runTick(Minecraft.java:1148) ~[forge-1.20.1-47.4.0_mapped_official_1.20.1.jar:?]
	at net.minecraft.client.Minecraft.run(Minecraft.java:718) ~[forge-1.20.1-47.4.0_mapped_official_1.20.1.jar:?]
	at net.minecraft.client.main.Main.main(Main.java:218) ~[forge-1.20.1-47.4.0_mapped_official_1.20.1.jar:?]
	at jdk.internal.reflect.NativeMethodAccessorImpl.invoke0(Native Method) ~[?:?]
	at jdk.internal.reflect.NativeMethodAccessorImpl.invoke(NativeMethodAccessorImpl.java:77) ~[?:?]
	at jdk.internal.reflect.DelegatingMethodAccessorImpl.invoke(DelegatingMethodAccessorImpl.java:43) ~[?:?]
	at java.lang.reflect.Method.invoke(Method.java:568) ~[?:?]
	at net.minecraftforge.fml.loading.targets.CommonLaunchHandler.runTarget(CommonLaunchHandler.java:111) ~[fmlloader-1.20.1-47.4.0.jar:?]
	at net.minecraftforge.fml.loading.targets.CommonLaunchHandler.clientService(CommonLaunchHandler.java:99) ~[fmlloader-1.20.1-47.4.0.jar:?]
	at net.minecraftforge.fml.loading.targets.ForgeClientUserdevLaunchHandler.devService(ForgeClientUserdevLaunchHandler.java:19) ~[fmlloader-1.20.1-47.4.0.jar:?]
	at net.minecraftforge.fml.loading.targets.CommonDevLaunchHandler.lambda$makeService$7(CommonDevLaunchHandler.java:135) ~[fmlloader-1.20.1-47.4.0.jar:?]
	at cpw.mods.modlauncher.LaunchServiceHandlerDecorator.launch(LaunchServiceHandlerDecorator.java:30) ~[modlauncher-10.0.9.jar:?]
	at cpw.mods.modlauncher.LaunchServiceHandler.launch(LaunchServiceHandler.java:53) ~[modlauncher-10.0.9.jar:?]
	at cpw.mods.modlauncher.LaunchServiceHandler.launch(LaunchServiceHandler.java:71) ~[modlauncher-10.0.9.jar:?]
	at cpw.mods.modlauncher.Launcher.run(Launcher.java:108) ~[modlauncher-10.0.9.jar:?]
	at cpw.mods.modlauncher.Launcher.main(Launcher.java:78) ~[modlauncher-10.0.9.jar:?]
	at cpw.mods.modlauncher.BootstrapLaunchConsumer.accept(BootstrapLaunchConsumer.java:26) ~[modlauncher-10.0.9.jar:?]
	at cpw.mods.modlauncher.BootstrapLaunchConsumer.accept(BootstrapLaunchConsumer.java:23) ~[modlauncher-10.0.9.jar:?]
	at cpw.mods.bootstraplauncher.BootstrapLauncher.main(BootstrapLauncher.java:141) ~[bootstraplauncher-1.1.2.jar:?]
[144月2025 01:12:12.036] [Render thread/WARN] [net.minecraft.client.renderer.GameRenderer/]: Failed to load shader: minecraft:shaders/post/defile.json
java.io.FileNotFoundException: minecraft:shaders/post/defile.json
	at net.minecraft.server.packs.resources.ResourceProvider.lambda$getResourceOrThrow$0(ResourceProvider.java:21) ~[forge-1.20.1-47.4.0_mapped_official_1.20.1.jar:?]
	at java.util.Optional.orElseThrow(Optional.java:403) ~[?:?]
	at net.minecraft.server.packs.resources.ResourceProvider.getResourceOrThrow(ResourceProvider.java:21) ~[forge-1.20.1-47.4.0_mapped_official_1.20.1.jar:?]
	at net.minecraft.client.renderer.PostChain.load(PostChain.java:58) ~[forge-1.20.1-47.4.0_mapped_official_1.20.1.jar:?]
	at net.minecraft.client.renderer.PostChain.<init>(PostChain.java:54) ~[forge-1.20.1-47.4.0_mapped_official_1.20.1.jar:?]
	at net.minecraft.client.renderer.GameRenderer.loadEffect(GameRenderer.java:341) ~[forge-1.20.1-47.4.0_mapped_official_1.20.1.jar:?]
	at net.minecraftforge.event.ForgeEventFactory.handler$zzh000$onRenderTickEnd(ForgeEventFactory.java:1274) ~[forge-1.20.1-47.4.0_mapped_official_1.20.1.jar:?]
	at net.minecraftforge.event.ForgeEventFactory.onRenderTickEnd(ForgeEventFactory.java) ~[forge-1.20.1-47.4.0_mapped_official_1.20.1.jar:?]
	at net.minecraft.client.Minecraft.runTick(Minecraft.java:1148) ~[forge-1.20.1-47.4.0_mapped_official_1.20.1.jar:?]
	at net.minecraft.client.Minecraft.run(Minecraft.java:718) ~[forge-1.20.1-47.4.0_mapped_official_1.20.1.jar:?]
	at net.minecraft.client.main.Main.main(Main.java:218) ~[forge-1.20.1-47.4.0_mapped_official_1.20.1.jar:?]
	at jdk.internal.reflect.NativeMethodAccessorImpl.invoke0(Native Method) ~[?:?]
	at jdk.internal.reflect.NativeMethodAccessorImpl.invoke(NativeMethodAccessorImpl.java:77) ~[?:?]
	at jdk.internal.reflect.DelegatingMethodAccessorImpl.invoke(DelegatingMethodAccessorImpl.java:43) ~[?:?]
	at java.lang.reflect.Method.invoke(Method.java:568) ~[?:?]
	at net.minecraftforge.fml.loading.targets.CommonLaunchHandler.runTarget(CommonLaunchHandler.java:111) ~[fmlloader-1.20.1-47.4.0.jar:?]
	at net.minecraftforge.fml.loading.targets.CommonLaunchHandler.clientService(CommonLaunchHandler.java:99) ~[fmlloader-1.20.1-47.4.0.jar:?]
	at net.minecraftforge.fml.loading.targets.ForgeClientUserdevLaunchHandler.devService(ForgeClientUserdevLaunchHandler.java:19) ~[fmlloader-1.20.1-47.4.0.jar:?]
	at net.minecraftforge.fml.loading.targets.CommonDevLaunchHandler.lambda$makeService$7(CommonDevLaunchHandler.java:135) ~[fmlloader-1.20.1-47.4.0.jar:?]
	at cpw.mods.modlauncher.LaunchServiceHandlerDecorator.launch(LaunchServiceHandlerDecorator.java:30) ~[modlauncher-10.0.9.jar:?]
	at cpw.mods.modlauncher.LaunchServiceHandler.launch(LaunchServiceHandler.java:53) ~[modlauncher-10.0.9.jar:?]
	at cpw.mods.modlauncher.LaunchServiceHandler.launch(LaunchServiceHandler.java:71) ~[modlauncher-10.0.9.jar:?]
	at cpw.mods.modlauncher.Launcher.run(Launcher.java:108) ~[modlauncher-10.0.9.jar:?]
	at cpw.mods.modlauncher.Launcher.main(Launcher.java:78) ~[modlauncher-10.0.9.jar:?]
	at cpw.mods.modlauncher.BootstrapLaunchConsumer.accept(BootstrapLaunchConsumer.java:26) ~[modlauncher-10.0.9.jar:?]
	at cpw.mods.modlauncher.BootstrapLaunchConsumer.accept(BootstrapLaunchConsumer.java:23) ~[modlauncher-10.0.9.jar:?]
	at cpw.mods.bootstraplauncher.BootstrapLauncher.main(BootstrapLauncher.java:141) ~[bootstraplauncher-1.1.2.jar:?]
[144月2025 01:12:12.049] [Render thread/WARN] [net.minecraft.client.renderer.GameRenderer/]: Failed to load shader: minecraft:shaders/post/defile.json
java.io.FileNotFoundException: minecraft:shaders/post/defile.json
	at net.minecraft.server.packs.resources.ResourceProvider.lambda$getResourceOrThrow$0(ResourceProvider.java:21) ~[forge-1.20.1-47.4.0_mapped_official_1.20.1.jar:?]
	at java.util.Optional.orElseThrow(Optional.java:403) ~[?:?]
	at net.minecraft.server.packs.resources.ResourceProvider.getResourceOrThrow(ResourceProvider.java:21) ~[forge-1.20.1-47.4.0_mapped_official_1.20.1.jar:?]
	at net.minecraft.client.renderer.PostChain.load(PostChain.java:58) ~[forge-1.20.1-47.4.0_mapped_official_1.20.1.jar:?]
	at net.minecraft.client.renderer.PostChain.<init>(PostChain.java:54) ~[forge-1.20.1-47.4.0_mapped_official_1.20.1.jar:?]
	at net.minecraft.client.renderer.GameRenderer.loadEffect(GameRenderer.java:341) ~[forge-1.20.1-47.4.0_mapped_official_1.20.1.jar:?]
	at net.minecraftforge.event.ForgeEventFactory.handler$zzh000$onRenderTickEnd(ForgeEventFactory.java:1274) ~[forge-1.20.1-47.4.0_mapped_official_1.20.1.jar:?]
	at net.minecraftforge.event.ForgeEventFactory.onRenderTickEnd(ForgeEventFactory.java) ~[forge-1.20.1-47.4.0_mapped_official_1.20.1.jar:?]
	at net.minecraft.client.Minecraft.runTick(Minecraft.java:1148) ~[forge-1.20.1-47.4.0_mapped_official_1.20.1.jar:?]
	at net.minecraft.client.Minecraft.run(Minecraft.java:718) ~[forge-1.20.1-47.4.0_mapped_official_1.20.1.jar:?]
	at net.minecraft.client.main.Main.main(Main.java:218) ~[forge-1.20.1-47.4.0_mapped_official_1.20.1.jar:?]
	at jdk.internal.reflect.NativeMethodAccessorImpl.invoke0(Native Method) ~[?:?]
	at jdk.internal.reflect.NativeMethodAccessorImpl.invoke(NativeMethodAccessorImpl.java:77) ~[?:?]
	at jdk.internal.reflect.DelegatingMethodAccessorImpl.invoke(DelegatingMethodAccessorImpl.java:43) ~[?:?]
	at java.lang.reflect.Method.invoke(Method.java:568) ~[?:?]
	at net.minecraftforge.fml.loading.targets.CommonLaunchHandler.runTarget(CommonLaunchHandler.java:111) ~[fmlloader-1.20.1-47.4.0.jar:?]
	at net.minecraftforge.fml.loading.targets.CommonLaunchHandler.clientService(CommonLaunchHandler.java:99) ~[fmlloader-1.20.1-47.4.0.jar:?]
	at net.minecraftforge.fml.loading.targets.ForgeClientUserdevLaunchHandler.devService(ForgeClientUserdevLaunchHandler.java:19) ~[fmlloader-1.20.1-47.4.0.jar:?]
	at net.minecraftforge.fml.loading.targets.CommonDevLaunchHandler.lambda$makeService$7(CommonDevLaunchHandler.java:135) ~[fmlloader-1.20.1-47.4.0.jar:?]
	at cpw.mods.modlauncher.LaunchServiceHandlerDecorator.launch(LaunchServiceHandlerDecorator.java:30) ~[modlauncher-10.0.9.jar:?]
	at cpw.mods.modlauncher.LaunchServiceHandler.launch(LaunchServiceHandler.java:53) ~[modlauncher-10.0.9.jar:?]
	at cpw.mods.modlauncher.LaunchServiceHandler.launch(LaunchServiceHandler.java:71) ~[modlauncher-10.0.9.jar:?]
	at cpw.mods.modlauncher.Launcher.run(Launcher.java:108) ~[modlauncher-10.0.9.jar:?]
	at cpw.mods.modlauncher.Launcher.main(Launcher.java:78) ~[modlauncher-10.0.9.jar:?]
	at cpw.mods.modlauncher.BootstrapLaunchConsumer.accept(BootstrapLaunchConsumer.java:26) ~[modlauncher-10.0.9.jar:?]
	at cpw.mods.modlauncher.BootstrapLaunchConsumer.accept(BootstrapLaunchConsumer.java:23) ~[modlauncher-10.0.9.jar:?]
	at cpw.mods.bootstraplauncher.BootstrapLauncher.main(BootstrapLauncher.java:141) ~[bootstraplauncher-1.1.2.jar:?]
[144月2025 01:12:12.067] [Render thread/WARN] [net.minecraft.client.renderer.GameRenderer/]: Failed to load shader: minecraft:shaders/post/defile.json
java.io.FileNotFoundException: minecraft:shaders/post/defile.json
	at net.minecraft.server.packs.resources.ResourceProvider.lambda$getResourceOrThrow$0(ResourceProvider.java:21) ~[forge-1.20.1-47.4.0_mapped_official_1.20.1.jar:?]
	at java.util.Optional.orElseThrow(Optional.java:403) ~[?:?]
	at net.minecraft.server.packs.resources.ResourceProvider.getResourceOrThrow(ResourceProvider.java:21) ~[forge-1.20.1-47.4.0_mapped_official_1.20.1.jar:?]
	at net.minecraft.client.renderer.PostChain.load(PostChain.java:58) ~[forge-1.20.1-47.4.0_mapped_official_1.20.1.jar:?]
	at net.minecraft.client.renderer.PostChain.<init>(PostChain.java:54) ~[forge-1.20.1-47.4.0_mapped_official_1.20.1.jar:?]
	at net.minecraft.client.renderer.GameRenderer.loadEffect(GameRenderer.java:341) ~[forge-1.20.1-47.4.0_mapped_official_1.20.1.jar:?]
	at net.minecraftforge.event.ForgeEventFactory.handler$zzh000$onRenderTickEnd(ForgeEventFactory.java:1274) ~[forge-1.20.1-47.4.0_mapped_official_1.20.1.jar:?]
	at net.minecraftforge.event.ForgeEventFactory.onRenderTickEnd(ForgeEventFactory.java) ~[forge-1.20.1-47.4.0_mapped_official_1.20.1.jar:?]
	at net.minecraft.client.Minecraft.runTick(Minecraft.java:1148) ~[forge-1.20.1-47.4.0_mapped_official_1.20.1.jar:?]
	at net.minecraft.client.Minecraft.run(Minecraft.java:718) ~[forge-1.20.1-47.4.0_mapped_official_1.20.1.jar:?]
	at net.minecraft.client.main.Main.main(Main.java:218) ~[forge-1.20.1-47.4.0_mapped_official_1.20.1.jar:?]
	at jdk.internal.reflect.NativeMethodAccessorImpl.invoke0(Native Method) ~[?:?]
	at jdk.internal.reflect.NativeMethodAccessorImpl.invoke(NativeMethodAccessorImpl.java:77) ~[?:?]
	at jdk.internal.reflect.DelegatingMethodAccessorImpl.invoke(DelegatingMethodAccessorImpl.java:43) ~[?:?]
	at java.lang.reflect.Method.invoke(Method.java:568) ~[?:?]
	at net.minecraftforge.fml.loading.targets.CommonLaunchHandler.runTarget(CommonLaunchHandler.java:111) ~[fmlloader-1.20.1-47.4.0.jar:?]
	at net.minecraftforge.fml.loading.targets.CommonLaunchHandler.clientService(CommonLaunchHandler.java:99) ~[fmlloader-1.20.1-47.4.0.jar:?]
	at net.minecraftforge.fml.loading.targets.ForgeClientUserdevLaunchHandler.devService(ForgeClientUserdevLaunchHandler.java:19) ~[fmlloader-1.20.1-47.4.0.jar:?]
	at net.minecraftforge.fml.loading.targets.CommonDevLaunchHandler.lambda$makeService$7(CommonDevLaunchHandler.java:135) ~[fmlloader-1.20.1-47.4.0.jar:?]
	at cpw.mods.modlauncher.LaunchServiceHandlerDecorator.launch(LaunchServiceHandlerDecorator.java:30) ~[modlauncher-10.0.9.jar:?]
	at cpw.mods.modlauncher.LaunchServiceHandler.launch(LaunchServiceHandler.java:53) ~[modlauncher-10.0.9.jar:?]
	at cpw.mods.modlauncher.LaunchServiceHandler.launch(LaunchServiceHandler.java:71) ~[modlauncher-10.0.9.jar:?]
	at cpw.mods.modlauncher.Launcher.run(Launcher.java:108) ~[modlauncher-10.0.9.jar:?]
	at cpw.mods.modlauncher.Launcher.main(Launcher.java:78) ~[modlauncher-10.0.9.jar:?]
	at cpw.mods.modlauncher.BootstrapLaunchConsumer.accept(BootstrapLaunchConsumer.java:26) ~[modlauncher-10.0.9.jar:?]
	at cpw.mods.modlauncher.BootstrapLaunchConsumer.accept(BootstrapLaunchConsumer.java:23) ~[modlauncher-10.0.9.jar:?]
	at cpw.mods.bootstraplauncher.BootstrapLauncher.main(BootstrapLauncher.java:141) ~[bootstraplauncher-1.1.2.jar:?]
[144月2025 01:12:12.085] [Render thread/WARN] [net.minecraft.client.renderer.GameRenderer/]: Failed to load shader: minecraft:shaders/post/defile.json
java.io.FileNotFoundException: minecraft:shaders/post/defile.json
	at net.minecraft.server.packs.resources.ResourceProvider.lambda$getResourceOrThrow$0(ResourceProvider.java:21) ~[forge-1.20.1-47.4.0_mapped_official_1.20.1.jar:?]
	at java.util.Optional.orElseThrow(Optional.java:403) ~[?:?]
	at net.minecraft.server.packs.resources.ResourceProvider.getResourceOrThrow(ResourceProvider.java:21) ~[forge-1.20.1-47.4.0_mapped_official_1.20.1.jar:?]
	at net.minecraft.client.renderer.PostChain.load(PostChain.java:58) ~[forge-1.20.1-47.4.0_mapped_official_1.20.1.jar:?]
	at net.minecraft.client.renderer.PostChain.<init>(PostChain.java:54) ~[forge-1.20.1-47.4.0_mapped_official_1.20.1.jar:?]
	at net.minecraft.client.renderer.GameRenderer.loadEffect(GameRenderer.java:341) ~[forge-1.20.1-47.4.0_mapped_official_1.20.1.jar:?]
	at net.minecraftforge.event.ForgeEventFactory.handler$zzh000$onRenderTickEnd(ForgeEventFactory.java:1274) ~[forge-1.20.1-47.4.0_mapped_official_1.20.1.jar:?]
	at net.minecraftforge.event.ForgeEventFactory.onRenderTickEnd(ForgeEventFactory.java) ~[forge-1.20.1-47.4.0_mapped_official_1.20.1.jar:?]
	at net.minecraft.client.Minecraft.runTick(Minecraft.java:1148) ~[forge-1.20.1-47.4.0_mapped_official_1.20.1.jar:?]
	at net.minecraft.client.Minecraft.run(Minecraft.java:718) ~[forge-1.20.1-47.4.0_mapped_official_1.20.1.jar:?]
	at net.minecraft.client.main.Main.main(Main.java:218) ~[forge-1.20.1-47.4.0_mapped_official_1.20.1.jar:?]
	at jdk.internal.reflect.NativeMethodAccessorImpl.invoke0(Native Method) ~[?:?]
	at jdk.internal.reflect.NativeMethodAccessorImpl.invoke(NativeMethodAccessorImpl.java:77) ~[?:?]
	at jdk.internal.reflect.DelegatingMethodAccessorImpl.invoke(DelegatingMethodAccessorImpl.java:43) ~[?:?]
	at java.lang.reflect.Method.invoke(Method.java:568) ~[?:?]
	at net.minecraftforge.fml.loading.targets.CommonLaunchHandler.runTarget(CommonLaunchHandler.java:111) ~[fmlloader-1.20.1-47.4.0.jar:?]
	at net.minecraftforge.fml.loading.targets.CommonLaunchHandler.clientService(CommonLaunchHandler.java:99) ~[fmlloader-1.20.1-47.4.0.jar:?]
	at net.minecraftforge.fml.loading.targets.ForgeClientUserdevLaunchHandler.devService(ForgeClientUserdevLaunchHandler.java:19) ~[fmlloader-1.20.1-47.4.0.jar:?]
	at net.minecraftforge.fml.loading.targets.CommonDevLaunchHandler.lambda$makeService$7(CommonDevLaunchHandler.java:135) ~[fmlloader-1.20.1-47.4.0.jar:?]
	at cpw.mods.modlauncher.LaunchServiceHandlerDecorator.launch(LaunchServiceHandlerDecorator.java:30) ~[modlauncher-10.0.9.jar:?]
	at cpw.mods.modlauncher.LaunchServiceHandler.launch(LaunchServiceHandler.java:53) ~[modlauncher-10.0.9.jar:?]
	at cpw.mods.modlauncher.LaunchServiceHandler.launch(LaunchServiceHandler.java:71) ~[modlauncher-10.0.9.jar:?]
	at cpw.mods.modlauncher.Launcher.run(Launcher.java:108) ~[modlauncher-10.0.9.jar:?]
	at cpw.mods.modlauncher.Launcher.main(Launcher.java:78) ~[modlauncher-10.0.9.jar:?]
	at cpw.mods.modlauncher.BootstrapLaunchConsumer.accept(BootstrapLaunchConsumer.java:26) ~[modlauncher-10.0.9.jar:?]
	at cpw.mods.modlauncher.BootstrapLaunchConsumer.accept(BootstrapLaunchConsumer.java:23) ~[modlauncher-10.0.9.jar:?]
	at cpw.mods.bootstraplauncher.BootstrapLauncher.main(BootstrapLauncher.java:141) ~[bootstraplauncher-1.1.2.jar:?]
[144月2025 01:12:12.103] [Render thread/WARN] [net.minecraft.client.renderer.GameRenderer/]: Failed to load shader: minecraft:shaders/post/defile.json
java.io.FileNotFoundException: minecraft:shaders/post/defile.json
	at net.minecraft.server.packs.resources.ResourceProvider.lambda$getResourceOrThrow$0(ResourceProvider.java:21) ~[forge-1.20.1-47.4.0_mapped_official_1.20.1.jar:?]
	at java.util.Optional.orElseThrow(Optional.java:403) ~[?:?]
	at net.minecraft.server.packs.resources.ResourceProvider.getResourceOrThrow(ResourceProvider.java:21) ~[forge-1.20.1-47.4.0_mapped_official_1.20.1.jar:?]
	at net.minecraft.client.renderer.PostChain.load(PostChain.java:58) ~[forge-1.20.1-47.4.0_mapped_official_1.20.1.jar:?]
	at net.minecraft.client.renderer.PostChain.<init>(PostChain.java:54) ~[forge-1.20.1-47.4.0_mapped_official_1.20.1.jar:?]
	at net.minecraft.client.renderer.GameRenderer.loadEffect(GameRenderer.java:341) ~[forge-1.20.1-47.4.0_mapped_official_1.20.1.jar:?]
	at net.minecraftforge.event.ForgeEventFactory.handler$zzh000$onRenderTickEnd(ForgeEventFactory.java:1274) ~[forge-1.20.1-47.4.0_mapped_official_1.20.1.jar:?]
	at net.minecraftforge.event.ForgeEventFactory.onRenderTickEnd(ForgeEventFactory.java) ~[forge-1.20.1-47.4.0_mapped_official_1.20.1.jar:?]
	at net.minecraft.client.Minecraft.runTick(Minecraft.java:1148) ~[forge-1.20.1-47.4.0_mapped_official_1.20.1.jar:?]
	at net.minecraft.client.Minecraft.run(Minecraft.java:718) ~[forge-1.20.1-47.4.0_mapped_official_1.20.1.jar:?]
	at net.minecraft.client.main.Main.main(Main.java:218) ~[forge-1.20.1-47.4.0_mapped_official_1.20.1.jar:?]
	at jdk.internal.reflect.NativeMethodAccessorImpl.invoke0(Native Method) ~[?:?]
	at jdk.internal.reflect.NativeMethodAccessorImpl.invoke(NativeMethodAccessorImpl.java:77) ~[?:?]
	at jdk.internal.reflect.DelegatingMethodAccessorImpl.invoke(DelegatingMethodAccessorImpl.java:43) ~[?:?]
	at java.lang.reflect.Method.invoke(Method.java:568) ~[?:?]
	at net.minecraftforge.fml.loading.targets.CommonLaunchHandler.runTarget(CommonLaunchHandler.java:111) ~[fmlloader-1.20.1-47.4.0.jar:?]
	at net.minecraftforge.fml.loading.targets.CommonLaunchHandler.clientService(CommonLaunchHandler.java:99) ~[fmlloader-1.20.1-47.4.0.jar:?]
	at net.minecraftforge.fml.loading.targets.ForgeClientUserdevLaunchHandler.devService(ForgeClientUserdevLaunchHandler.java:19) ~[fmlloader-1.20.1-47.4.0.jar:?]
	at net.minecraftforge.fml.loading.targets.CommonDevLaunchHandler.lambda$makeService$7(CommonDevLaunchHandler.java:135) ~[fmlloader-1.20.1-47.4.0.jar:?]
	at cpw.mods.modlauncher.LaunchServiceHandlerDecorator.launch(LaunchServiceHandlerDecorator.java:30) ~[modlauncher-10.0.9.jar:?]
	at cpw.mods.modlauncher.LaunchServiceHandler.launch(LaunchServiceHandler.java:53) ~[modlauncher-10.0.9.jar:?]
	at cpw.mods.modlauncher.LaunchServiceHandler.launch(LaunchServiceHandler.java:71) ~[modlauncher-10.0.9.jar:?]
	at cpw.mods.modlauncher.Launcher.run(Launcher.java:108) ~[modlauncher-10.0.9.jar:?]
	at cpw.mods.modlauncher.Launcher.main(Launcher.java:78) ~[modlauncher-10.0.9.jar:?]
	at cpw.mods.modlauncher.BootstrapLaunchConsumer.accept(BootstrapLaunchConsumer.java:26) ~[modlauncher-10.0.9.jar:?]
	at cpw.mods.modlauncher.BootstrapLaunchConsumer.accept(BootstrapLaunchConsumer.java:23) ~[modlauncher-10.0.9.jar:?]
	at cpw.mods.bootstraplauncher.BootstrapLauncher.main(BootstrapLauncher.java:141) ~[bootstraplauncher-1.1.2.jar:?]
[144月2025 01:12:12.124] [Render thread/WARN] [net.minecraft.client.renderer.GameRenderer/]: Failed to load shader: minecraft:shaders/post/defile.json
java.io.FileNotFoundException: minecraft:shaders/post/defile.json
	at net.minecraft.server.packs.resources.ResourceProvider.lambda$getResourceOrThrow$0(ResourceProvider.java:21) ~[forge-1.20.1-47.4.0_mapped_official_1.20.1.jar:?]
	at java.util.Optional.orElseThrow(Optional.java:403) ~[?:?]
	at net.minecraft.server.packs.resources.ResourceProvider.getResourceOrThrow(ResourceProvider.java:21) ~[forge-1.20.1-47.4.0_mapped_official_1.20.1.jar:?]
	at net.minecraft.client.renderer.PostChain.load(PostChain.java:58) ~[forge-1.20.1-47.4.0_mapped_official_1.20.1.jar:?]
	at net.minecraft.client.renderer.PostChain.<init>(PostChain.java:54) ~[forge-1.20.1-47.4.0_mapped_official_1.20.1.jar:?]
	at net.minecraft.client.renderer.GameRenderer.loadEffect(GameRenderer.java:341) ~[forge-1.20.1-47.4.0_mapped_official_1.20.1.jar:?]
	at net.minecraftforge.event.ForgeEventFactory.handler$zzh000$onRenderTickEnd(ForgeEventFactory.java:1274) ~[forge-1.20.1-47.4.0_mapped_official_1.20.1.jar:?]
	at net.minecraftforge.event.ForgeEventFactory.onRenderTickEnd(ForgeEventFactory.java) ~[forge-1.20.1-47.4.0_mapped_official_1.20.1.jar:?]
	at net.minecraft.client.Minecraft.runTick(Minecraft.java:1148) ~[forge-1.20.1-47.4.0_mapped_official_1.20.1.jar:?]
	at net.minecraft.client.Minecraft.run(Minecraft.java:718) ~[forge-1.20.1-47.4.0_mapped_official_1.20.1.jar:?]
	at net.minecraft.client.main.Main.main(Main.java:218) ~[forge-1.20.1-47.4.0_mapped_official_1.20.1.jar:?]
	at jdk.internal.reflect.NativeMethodAccessorImpl.invoke0(Native Method) ~[?:?]
	at jdk.internal.reflect.NativeMethodAccessorImpl.invoke(NativeMethodAccessorImpl.java:77) ~[?:?]
	at jdk.internal.reflect.DelegatingMethodAccessorImpl.invoke(DelegatingMethodAccessorImpl.java:43) ~[?:?]
	at java.lang.reflect.Method.invoke(Method.java:568) ~[?:?]
	at net.minecraftforge.fml.loading.targets.CommonLaunchHandler.runTarget(CommonLaunchHandler.java:111) ~[fmlloader-1.20.1-47.4.0.jar:?]
	at net.minecraftforge.fml.loading.targets.CommonLaunchHandler.clientService(CommonLaunchHandler.java:99) ~[fmlloader-1.20.1-47.4.0.jar:?]
	at net.minecraftforge.fml.loading.targets.ForgeClientUserdevLaunchHandler.devService(ForgeClientUserdevLaunchHandler.java:19) ~[fmlloader-1.20.1-47.4.0.jar:?]
	at net.minecraftforge.fml.loading.targets.CommonDevLaunchHandler.lambda$makeService$7(CommonDevLaunchHandler.java:135) ~[fmlloader-1.20.1-47.4.0.jar:?]
	at cpw.mods.modlauncher.LaunchServiceHandlerDecorator.launch(LaunchServiceHandlerDecorator.java:30) ~[modlauncher-10.0.9.jar:?]
	at cpw.mods.modlauncher.LaunchServiceHandler.launch(LaunchServiceHandler.java:53) ~[modlauncher-10.0.9.jar:?]
	at cpw.mods.modlauncher.LaunchServiceHandler.launch(LaunchServiceHandler.java:71) ~[modlauncher-10.0.9.jar:?]
	at cpw.mods.modlauncher.Launcher.run(Launcher.java:108) ~[modlauncher-10.0.9.jar:?]
	at cpw.mods.modlauncher.Launcher.main(Launcher.java:78) ~[modlauncher-10.0.9.jar:?]
	at cpw.mods.modlauncher.BootstrapLaunchConsumer.accept(BootstrapLaunchConsumer.java:26) ~[modlauncher-10.0.9.jar:?]
	at cpw.mods.modlauncher.BootstrapLaunchConsumer.accept(BootstrapLaunchConsumer.java:23) ~[modlauncher-10.0.9.jar:?]
	at cpw.mods.bootstraplauncher.BootstrapLauncher.main(BootstrapLauncher.java:141) ~[bootstraplauncher-1.1.2.jar:?]
[144月2025 01:12:12.139] [Render thread/WARN] [net.minecraft.client.renderer.GameRenderer/]: Failed to load shader: minecraft:shaders/post/defile.json
java.io.FileNotFoundException: minecraft:shaders/post/defile.json
	at net.minecraft.server.packs.resources.ResourceProvider.lambda$getResourceOrThrow$0(ResourceProvider.java:21) ~[forge-1.20.1-47.4.0_mapped_official_1.20.1.jar:?]
	at java.util.Optional.orElseThrow(Optional.java:403) ~[?:?]
	at net.minecraft.server.packs.resources.ResourceProvider.getResourceOrThrow(ResourceProvider.java:21) ~[forge-1.20.1-47.4.0_mapped_official_1.20.1.jar:?]
	at net.minecraft.client.renderer.PostChain.load(PostChain.java:58) ~[forge-1.20.1-47.4.0_mapped_official_1.20.1.jar:?]
	at net.minecraft.client.renderer.PostChain.<init>(PostChain.java:54) ~[forge-1.20.1-47.4.0_mapped_official_1.20.1.jar:?]
	at net.minecraft.client.renderer.GameRenderer.loadEffect(GameRenderer.java:341) ~[forge-1.20.1-47.4.0_mapped_official_1.20.1.jar:?]
	at net.minecraftforge.event.ForgeEventFactory.handler$zzh000$onRenderTickEnd(ForgeEventFactory.java:1274) ~[forge-1.20.1-47.4.0_mapped_official_1.20.1.jar:?]
	at net.minecraftforge.event.ForgeEventFactory.onRenderTickEnd(ForgeEventFactory.java) ~[forge-1.20.1-47.4.0_mapped_official_1.20.1.jar:?]
	at net.minecraft.client.Minecraft.runTick(Minecraft.java:1148) ~[forge-1.20.1-47.4.0_mapped_official_1.20.1.jar:?]
	at net.minecraft.client.Minecraft.run(Minecraft.java:718) ~[forge-1.20.1-47.4.0_mapped_official_1.20.1.jar:?]
	at net.minecraft.client.main.Main.main(Main.java:218) ~[forge-1.20.1-47.4.0_mapped_official_1.20.1.jar:?]
	at jdk.internal.reflect.NativeMethodAccessorImpl.invoke0(Native Method) ~[?:?]
	at jdk.internal.reflect.NativeMethodAccessorImpl.invoke(NativeMethodAccessorImpl.java:77) ~[?:?]
	at jdk.internal.reflect.DelegatingMethodAccessorImpl.invoke(DelegatingMethodAccessorImpl.java:43) ~[?:?]
	at java.lang.reflect.Method.invoke(Method.java:568) ~[?:?]
	at net.minecraftforge.fml.loading.targets.CommonLaunchHandler.runTarget(CommonLaunchHandler.java:111) ~[fmlloader-1.20.1-47.4.0.jar:?]
	at net.minecraftforge.fml.loading.targets.CommonLaunchHandler.clientService(CommonLaunchHandler.java:99) ~[fmlloader-1.20.1-47.4.0.jar:?]
	at net.minecraftforge.fml.loading.targets.ForgeClientUserdevLaunchHandler.devService(ForgeClientUserdevLaunchHandler.java:19) ~[fmlloader-1.20.1-47.4.0.jar:?]
	at net.minecraftforge.fml.loading.targets.CommonDevLaunchHandler.lambda$makeService$7(CommonDevLaunchHandler.java:135) ~[fmlloader-1.20.1-47.4.0.jar:?]
	at cpw.mods.modlauncher.LaunchServiceHandlerDecorator.launch(LaunchServiceHandlerDecorator.java:30) ~[modlauncher-10.0.9.jar:?]
	at cpw.mods.modlauncher.LaunchServiceHandler.launch(LaunchServiceHandler.java:53) ~[modlauncher-10.0.9.jar:?]
	at cpw.mods.modlauncher.LaunchServiceHandler.launch(LaunchServiceHandler.java:71) ~[modlauncher-10.0.9.jar:?]
	at cpw.mods.modlauncher.Launcher.run(Launcher.java:108) ~[modlauncher-10.0.9.jar:?]
	at cpw.mods.modlauncher.Launcher.main(Launcher.java:78) ~[modlauncher-10.0.9.jar:?]
	at cpw.mods.modlauncher.BootstrapLaunchConsumer.accept(BootstrapLaunchConsumer.java:26) ~[modlauncher-10.0.9.jar:?]
	at cpw.mods.modlauncher.BootstrapLaunchConsumer.accept(BootstrapLaunchConsumer.java:23) ~[modlauncher-10.0.9.jar:?]
	at cpw.mods.bootstraplauncher.BootstrapLauncher.main(BootstrapLauncher.java:141) ~[bootstraplauncher-1.1.2.jar:?]
[144月2025 01:12:12.159] [Render thread/WARN] [net.minecraft.client.renderer.GameRenderer/]: Failed to load shader: minecraft:shaders/post/defile.json
java.io.FileNotFoundException: minecraft:shaders/post/defile.json
	at net.minecraft.server.packs.resources.ResourceProvider.lambda$getResourceOrThrow$0(ResourceProvider.java:21) ~[forge-1.20.1-47.4.0_mapped_official_1.20.1.jar:?]
	at java.util.Optional.orElseThrow(Optional.java:403) ~[?:?]
	at net.minecraft.server.packs.resources.ResourceProvider.getResourceOrThrow(ResourceProvider.java:21) ~[forge-1.20.1-47.4.0_mapped_official_1.20.1.jar:?]
	at net.minecraft.client.renderer.PostChain.load(PostChain.java:58) ~[forge-1.20.1-47.4.0_mapped_official_1.20.1.jar:?]
	at net.minecraft.client.renderer.PostChain.<init>(PostChain.java:54) ~[forge-1.20.1-47.4.0_mapped_official_1.20.1.jar:?]
	at net.minecraft.client.renderer.GameRenderer.loadEffect(GameRenderer.java:341) ~[forge-1.20.1-47.4.0_mapped_official_1.20.1.jar:?]
	at net.minecraftforge.event.ForgeEventFactory.handler$zzh000$onRenderTickEnd(ForgeEventFactory.java:1274) ~[forge-1.20.1-47.4.0_mapped_official_1.20.1.jar:?]
	at net.minecraftforge.event.ForgeEventFactory.onRenderTickEnd(ForgeEventFactory.java) ~[forge-1.20.1-47.4.0_mapped_official_1.20.1.jar:?]
	at net.minecraft.client.Minecraft.runTick(Minecraft.java:1148) ~[forge-1.20.1-47.4.0_mapped_official_1.20.1.jar:?]
	at net.minecraft.client.Minecraft.run(Minecraft.java:718) ~[forge-1.20.1-47.4.0_mapped_official_1.20.1.jar:?]
	at net.minecraft.client.main.Main.main(Main.java:218) ~[forge-1.20.1-47.4.0_mapped_official_1.20.1.jar:?]
	at jdk.internal.reflect.NativeMethodAccessorImpl.invoke0(Native Method) ~[?:?]
	at jdk.internal.reflect.NativeMethodAccessorImpl.invoke(NativeMethodAccessorImpl.java:77) ~[?:?]
	at jdk.internal.reflect.DelegatingMethodAccessorImpl.invoke(DelegatingMethodAccessorImpl.java:43) ~[?:?]
	at java.lang.reflect.Method.invoke(Method.java:568) ~[?:?]
	at net.minecraftforge.fml.loading.targets.CommonLaunchHandler.runTarget(CommonLaunchHandler.java:111) ~[fmlloader-1.20.1-47.4.0.jar:?]
	at net.minecraftforge.fml.loading.targets.CommonLaunchHandler.clientService(CommonLaunchHandler.java:99) ~[fmlloader-1.20.1-47.4.0.jar:?]
	at net.minecraftforge.fml.loading.targets.ForgeClientUserdevLaunchHandler.devService(ForgeClientUserdevLaunchHandler.java:19) ~[fmlloader-1.20.1-47.4.0.jar:?]
	at net.minecraftforge.fml.loading.targets.CommonDevLaunchHandler.lambda$makeService$7(CommonDevLaunchHandler.java:135) ~[fmlloader-1.20.1-47.4.0.jar:?]
	at cpw.mods.modlauncher.LaunchServiceHandlerDecorator.launch(LaunchServiceHandlerDecorator.java:30) ~[modlauncher-10.0.9.jar:?]
	at cpw.mods.modlauncher.LaunchServiceHandler.launch(LaunchServiceHandler.java:53) ~[modlauncher-10.0.9.jar:?]
	at cpw.mods.modlauncher.LaunchServiceHandler.launch(LaunchServiceHandler.java:71) ~[modlauncher-10.0.9.jar:?]
	at cpw.mods.modlauncher.Launcher.run(Launcher.java:108) ~[modlauncher-10.0.9.jar:?]
	at cpw.mods.modlauncher.Launcher.main(Launcher.java:78) ~[modlauncher-10.0.9.jar:?]
	at cpw.mods.modlauncher.BootstrapLaunchConsumer.accept(BootstrapLaunchConsumer.java:26) ~[modlauncher-10.0.9.jar:?]
	at cpw.mods.modlauncher.BootstrapLaunchConsumer.accept(BootstrapLaunchConsumer.java:23) ~[modlauncher-10.0.9.jar:?]
	at cpw.mods.bootstraplauncher.BootstrapLauncher.main(BootstrapLauncher.java:141) ~[bootstraplauncher-1.1.2.jar:?]
[144月2025 01:12:12.171] [Render thread/WARN] [net.minecraft.client.renderer.GameRenderer/]: Failed to load shader: minecraft:shaders/post/defile.json
java.io.FileNotFoundException: minecraft:shaders/post/defile.json
	at net.minecraft.server.packs.resources.ResourceProvider.lambda$getResourceOrThrow$0(ResourceProvider.java:21) ~[forge-1.20.1-47.4.0_mapped_official_1.20.1.jar:?]
	at java.util.Optional.orElseThrow(Optional.java:403) ~[?:?]
	at net.minecraft.server.packs.resources.ResourceProvider.getResourceOrThrow(ResourceProvider.java:21) ~[forge-1.20.1-47.4.0_mapped_official_1.20.1.jar:?]
	at net.minecraft.client.renderer.PostChain.load(PostChain.java:58) ~[forge-1.20.1-47.4.0_mapped_official_1.20.1.jar:?]
	at net.minecraft.client.renderer.PostChain.<init>(PostChain.java:54) ~[forge-1.20.1-47.4.0_mapped_official_1.20.1.jar:?]
	at net.minecraft.client.renderer.GameRenderer.loadEffect(GameRenderer.java:341) ~[forge-1.20.1-47.4.0_mapped_official_1.20.1.jar:?]
	at net.minecraftforge.event.ForgeEventFactory.handler$zzh000$onRenderTickEnd(ForgeEventFactory.java:1274) ~[forge-1.20.1-47.4.0_mapped_official_1.20.1.jar:?]
	at net.minecraftforge.event.ForgeEventFactory.onRenderTickEnd(ForgeEventFactory.java) ~[forge-1.20.1-47.4.0_mapped_official_1.20.1.jar:?]
	at net.minecraft.client.Minecraft.runTick(Minecraft.java:1148) ~[forge-1.20.1-47.4.0_mapped_official_1.20.1.jar:?]
	at net.minecraft.client.Minecraft.run(Minecraft.java:718) ~[forge-1.20.1-47.4.0_mapped_official_1.20.1.jar:?]
	at net.minecraft.client.main.Main.main(Main.java:218) ~[forge-1.20.1-47.4.0_mapped_official_1.20.1.jar:?]
	at jdk.internal.reflect.NativeMethodAccessorImpl.invoke0(Native Method) ~[?:?]
	at jdk.internal.reflect.NativeMethodAccessorImpl.invoke(NativeMethodAccessorImpl.java:77) ~[?:?]
	at jdk.internal.reflect.DelegatingMethodAccessorImpl.invoke(DelegatingMethodAccessorImpl.java:43) ~[?:?]
	at java.lang.reflect.Method.invoke(Method.java:568) ~[?:?]
	at net.minecraftforge.fml.loading.targets.CommonLaunchHandler.runTarget(CommonLaunchHandler.java:111) ~[fmlloader-1.20.1-47.4.0.jar:?]
	at net.minecraftforge.fml.loading.targets.CommonLaunchHandler.clientService(CommonLaunchHandler.java:99) ~[fmlloader-1.20.1-47.4.0.jar:?]
	at net.minecraftforge.fml.loading.targets.ForgeClientUserdevLaunchHandler.devService(ForgeClientUserdevLaunchHandler.java:19) ~[fmlloader-1.20.1-47.4.0.jar:?]
	at net.minecraftforge.fml.loading.targets.CommonDevLaunchHandler.lambda$makeService$7(CommonDevLaunchHandler.java:135) ~[fmlloader-1.20.1-47.4.0.jar:?]
	at cpw.mods.modlauncher.LaunchServiceHandlerDecorator.launch(LaunchServiceHandlerDecorator.java:30) ~[modlauncher-10.0.9.jar:?]
	at cpw.mods.modlauncher.LaunchServiceHandler.launch(LaunchServiceHandler.java:53) ~[modlauncher-10.0.9.jar:?]
	at cpw.mods.modlauncher.LaunchServiceHandler.launch(LaunchServiceHandler.java:71) ~[modlauncher-10.0.9.jar:?]
	at cpw.mods.modlauncher.Launcher.run(Launcher.java:108) ~[modlauncher-10.0.9.jar:?]
	at cpw.mods.modlauncher.Launcher.main(Launcher.java:78) ~[modlauncher-10.0.9.jar:?]
	at cpw.mods.modlauncher.BootstrapLaunchConsumer.accept(BootstrapLaunchConsumer.java:26) ~[modlauncher-10.0.9.jar:?]
	at cpw.mods.modlauncher.BootstrapLaunchConsumer.accept(BootstrapLaunchConsumer.java:23) ~[modlauncher-10.0.9.jar:?]
	at cpw.mods.bootstraplauncher.BootstrapLauncher.main(BootstrapLauncher.java:141) ~[bootstraplauncher-1.1.2.jar:?]
[144月2025 01:12:12.186] [Render thread/WARN] [net.minecraft.client.renderer.GameRenderer/]: Failed to load shader: minecraft:shaders/post/defile.json
java.io.FileNotFoundException: minecraft:shaders/post/defile.json
	at net.minecraft.server.packs.resources.ResourceProvider.lambda$getResourceOrThrow$0(ResourceProvider.java:21) ~[forge-1.20.1-47.4.0_mapped_official_1.20.1.jar:?]
	at java.util.Optional.orElseThrow(Optional.java:403) ~[?:?]
	at net.minecraft.server.packs.resources.ResourceProvider.getResourceOrThrow(ResourceProvider.java:21) ~[forge-1.20.1-47.4.0_mapped_official_1.20.1.jar:?]
	at net.minecraft.client.renderer.PostChain.load(PostChain.java:58) ~[forge-1.20.1-47.4.0_mapped_official_1.20.1.jar:?]
	at net.minecraft.client.renderer.PostChain.<init>(PostChain.java:54) ~[forge-1.20.1-47.4.0_mapped_official_1.20.1.jar:?]
	at net.minecraft.client.renderer.GameRenderer.loadEffect(GameRenderer.java:341) ~[forge-1.20.1-47.4.0_mapped_official_1.20.1.jar:?]
	at net.minecraftforge.event.ForgeEventFactory.handler$zzh000$onRenderTickEnd(ForgeEventFactory.java:1274) ~[forge-1.20.1-47.4.0_mapped_official_1.20.1.jar:?]
	at net.minecraftforge.event.ForgeEventFactory.onRenderTickEnd(ForgeEventFactory.java) ~[forge-1.20.1-47.4.0_mapped_official_1.20.1.jar:?]
	at net.minecraft.client.Minecraft.runTick(Minecraft.java:1148) ~[forge-1.20.1-47.4.0_mapped_official_1.20.1.jar:?]
	at net.minecraft.client.Minecraft.run(Minecraft.java:718) ~[forge-1.20.1-47.4.0_mapped_official_1.20.1.jar:?]
	at net.minecraft.client.main.Main.main(Main.java:218) ~[forge-1.20.1-47.4.0_mapped_official_1.20.1.jar:?]
	at jdk.internal.reflect.NativeMethodAccessorImpl.invoke0(Native Method) ~[?:?]
	at jdk.internal.reflect.NativeMethodAccessorImpl.invoke(NativeMethodAccessorImpl.java:77) ~[?:?]
	at jdk.internal.reflect.DelegatingMethodAccessorImpl.invoke(DelegatingMethodAccessorImpl.java:43) ~[?:?]
	at java.lang.reflect.Method.invoke(Method.java:568) ~[?:?]
	at net.minecraftforge.fml.loading.targets.CommonLaunchHandler.runTarget(CommonLaunchHandler.java:111) ~[fmlloader-1.20.1-47.4.0.jar:?]
	at net.minecraftforge.fml.loading.targets.CommonLaunchHandler.clientService(CommonLaunchHandler.java:99) ~[fmlloader-1.20.1-47.4.0.jar:?]
	at net.minecraftforge.fml.loading.targets.ForgeClientUserdevLaunchHandler.devService(ForgeClientUserdevLaunchHandler.java:19) ~[fmlloader-1.20.1-47.4.0.jar:?]
	at net.minecraftforge.fml.loading.targets.CommonDevLaunchHandler.lambda$makeService$7(CommonDevLaunchHandler.java:135) ~[fmlloader-1.20.1-47.4.0.jar:?]
	at cpw.mods.modlauncher.LaunchServiceHandlerDecorator.launch(LaunchServiceHandlerDecorator.java:30) ~[modlauncher-10.0.9.jar:?]
	at cpw.mods.modlauncher.LaunchServiceHandler.launch(LaunchServiceHandler.java:53) ~[modlauncher-10.0.9.jar:?]
	at cpw.mods.modlauncher.LaunchServiceHandler.launch(LaunchServiceHandler.java:71) ~[modlauncher-10.0.9.jar:?]
	at cpw.mods.modlauncher.Launcher.run(Launcher.java:108) ~[modlauncher-10.0.9.jar:?]
	at cpw.mods.modlauncher.Launcher.main(Launcher.java:78) ~[modlauncher-10.0.9.jar:?]
	at cpw.mods.modlauncher.BootstrapLaunchConsumer.accept(BootstrapLaunchConsumer.java:26) ~[modlauncher-10.0.9.jar:?]
	at cpw.mods.modlauncher.BootstrapLaunchConsumer.accept(BootstrapLaunchConsumer.java:23) ~[modlauncher-10.0.9.jar:?]
	at cpw.mods.bootstraplauncher.BootstrapLauncher.main(BootstrapLauncher.java:141) ~[bootstraplauncher-1.1.2.jar:?]
[144月2025 01:12:12.202] [Render thread/WARN] [net.minecraft.client.renderer.GameRenderer/]: Failed to load shader: minecraft:shaders/post/defile.json
java.io.FileNotFoundException: minecraft:shaders/post/defile.json
	at net.minecraft.server.packs.resources.ResourceProvider.lambda$getResourceOrThrow$0(ResourceProvider.java:21) ~[forge-1.20.1-47.4.0_mapped_official_1.20.1.jar:?]
	at java.util.Optional.orElseThrow(Optional.java:403) ~[?:?]
	at net.minecraft.server.packs.resources.ResourceProvider.getResourceOrThrow(ResourceProvider.java:21) ~[forge-1.20.1-47.4.0_mapped_official_1.20.1.jar:?]
	at net.minecraft.client.renderer.PostChain.load(PostChain.java:58) ~[forge-1.20.1-47.4.0_mapped_official_1.20.1.jar:?]
	at net.minecraft.client.renderer.PostChain.<init>(PostChain.java:54) ~[forge-1.20.1-47.4.0_mapped_official_1.20.1.jar:?]
	at net.minecraft.client.renderer.GameRenderer.loadEffect(GameRenderer.java:341) ~[forge-1.20.1-47.4.0_mapped_official_1.20.1.jar:?]
	at net.minecraftforge.event.ForgeEventFactory.handler$zzh000$onRenderTickEnd(ForgeEventFactory.java:1274) ~[forge-1.20.1-47.4.0_mapped_official_1.20.1.jar:?]
	at net.minecraftforge.event.ForgeEventFactory.onRenderTickEnd(ForgeEventFactory.java) ~[forge-1.20.1-47.4.0_mapped_official_1.20.1.jar:?]
	at net.minecraft.client.Minecraft.runTick(Minecraft.java:1148) ~[forge-1.20.1-47.4.0_mapped_official_1.20.1.jar:?]
	at net.minecraft.client.Minecraft.run(Minecraft.java:718) ~[forge-1.20.1-47.4.0_mapped_official_1.20.1.jar:?]
	at net.minecraft.client.main.Main.main(Main.java:218) ~[forge-1.20.1-47.4.0_mapped_official_1.20.1.jar:?]
	at jdk.internal.reflect.NativeMethodAccessorImpl.invoke0(Native Method) ~[?:?]
	at jdk.internal.reflect.NativeMethodAccessorImpl.invoke(NativeMethodAccessorImpl.java:77) ~[?:?]
	at jdk.internal.reflect.DelegatingMethodAccessorImpl.invoke(DelegatingMethodAccessorImpl.java:43) ~[?:?]
	at java.lang.reflect.Method.invoke(Method.java:568) ~[?:?]
	at net.minecraftforge.fml.loading.targets.CommonLaunchHandler.runTarget(CommonLaunchHandler.java:111) ~[fmlloader-1.20.1-47.4.0.jar:?]
	at net.minecraftforge.fml.loading.targets.CommonLaunchHandler.clientService(CommonLaunchHandler.java:99) ~[fmlloader-1.20.1-47.4.0.jar:?]
	at net.minecraftforge.fml.loading.targets.ForgeClientUserdevLaunchHandler.devService(ForgeClientUserdevLaunchHandler.java:19) ~[fmlloader-1.20.1-47.4.0.jar:?]
	at net.minecraftforge.fml.loading.targets.CommonDevLaunchHandler.lambda$makeService$7(CommonDevLaunchHandler.java:135) ~[fmlloader-1.20.1-47.4.0.jar:?]
	at cpw.mods.modlauncher.LaunchServiceHandlerDecorator.launch(LaunchServiceHandlerDecorator.java:30) ~[modlauncher-10.0.9.jar:?]
	at cpw.mods.modlauncher.LaunchServiceHandler.launch(LaunchServiceHandler.java:53) ~[modlauncher-10.0.9.jar:?]
	at cpw.mods.modlauncher.LaunchServiceHandler.launch(LaunchServiceHandler.java:71) ~[modlauncher-10.0.9.jar:?]
	at cpw.mods.modlauncher.Launcher.run(Launcher.java:108) ~[modlauncher-10.0.9.jar:?]
	at cpw.mods.modlauncher.Launcher.main(Launcher.java:78) ~[modlauncher-10.0.9.jar:?]
	at cpw.mods.modlauncher.BootstrapLaunchConsumer.accept(BootstrapLaunchConsumer.java:26) ~[modlauncher-10.0.9.jar:?]
	at cpw.mods.modlauncher.BootstrapLaunchConsumer.accept(BootstrapLaunchConsumer.java:23) ~[modlauncher-10.0.9.jar:?]
	at cpw.mods.bootstraplauncher.BootstrapLauncher.main(BootstrapLauncher.java:141) ~[bootstraplauncher-1.1.2.jar:?]
[144月2025 01:12:12.222] [Render thread/WARN] [net.minecraft.client.renderer.GameRenderer/]: Failed to load shader: minecraft:shaders/post/defile.json
java.io.FileNotFoundException: minecraft:shaders/post/defile.json
	at net.minecraft.server.packs.resources.ResourceProvider.lambda$getResourceOrThrow$0(ResourceProvider.java:21) ~[forge-1.20.1-47.4.0_mapped_official_1.20.1.jar:?]
	at java.util.Optional.orElseThrow(Optional.java:403) ~[?:?]
	at net.minecraft.server.packs.resources.ResourceProvider.getResourceOrThrow(ResourceProvider.java:21) ~[forge-1.20.1-47.4.0_mapped_official_1.20.1.jar:?]
	at net.minecraft.client.renderer.PostChain.load(PostChain.java:58) ~[forge-1.20.1-47.4.0_mapped_official_1.20.1.jar:?]
	at net.minecraft.client.renderer.PostChain.<init>(PostChain.java:54) ~[forge-1.20.1-47.4.0_mapped_official_1.20.1.jar:?]
	at net.minecraft.client.renderer.GameRenderer.loadEffect(GameRenderer.java:341) ~[forge-1.20.1-47.4.0_mapped_official_1.20.1.jar:?]
	at net.minecraftforge.event.ForgeEventFactory.handler$zzh000$onRenderTickEnd(ForgeEventFactory.java:1274) ~[forge-1.20.1-47.4.0_mapped_official_1.20.1.jar:?]
	at net.minecraftforge.event.ForgeEventFactory.onRenderTickEnd(ForgeEventFactory.java) ~[forge-1.20.1-47.4.0_mapped_official_1.20.1.jar:?]
	at net.minecraft.client.Minecraft.runTick(Minecraft.java:1148) ~[forge-1.20.1-47.4.0_mapped_official_1.20.1.jar:?]
	at net.minecraft.client.Minecraft.run(Minecraft.java:718) ~[forge-1.20.1-47.4.0_mapped_official_1.20.1.jar:?]
	at net.minecraft.client.main.Main.main(Main.java:218) ~[forge-1.20.1-47.4.0_mapped_official_1.20.1.jar:?]
	at jdk.internal.reflect.NativeMethodAccessorImpl.invoke0(Native Method) ~[?:?]
	at jdk.internal.reflect.NativeMethodAccessorImpl.invoke(NativeMethodAccessorImpl.java:77) ~[?:?]
	at jdk.internal.reflect.DelegatingMethodAccessorImpl.invoke(DelegatingMethodAccessorImpl.java:43) ~[?:?]
	at java.lang.reflect.Method.invoke(Method.java:568) ~[?:?]
	at net.minecraftforge.fml.loading.targets.CommonLaunchHandler.runTarget(CommonLaunchHandler.java:111) ~[fmlloader-1.20.1-47.4.0.jar:?]
	at net.minecraftforge.fml.loading.targets.CommonLaunchHandler.clientService(CommonLaunchHandler.java:99) ~[fmlloader-1.20.1-47.4.0.jar:?]
	at net.minecraftforge.fml.loading.targets.ForgeClientUserdevLaunchHandler.devService(ForgeClientUserdevLaunchHandler.java:19) ~[fmlloader-1.20.1-47.4.0.jar:?]
	at net.minecraftforge.fml.loading.targets.CommonDevLaunchHandler.lambda$makeService$7(CommonDevLaunchHandler.java:135) ~[fmlloader-1.20.1-47.4.0.jar:?]
	at cpw.mods.modlauncher.LaunchServiceHandlerDecorator.launch(LaunchServiceHandlerDecorator.java:30) ~[modlauncher-10.0.9.jar:?]
	at cpw.mods.modlauncher.LaunchServiceHandler.launch(LaunchServiceHandler.java:53) ~[modlauncher-10.0.9.jar:?]
	at cpw.mods.modlauncher.LaunchServiceHandler.launch(LaunchServiceHandler.java:71) ~[modlauncher-10.0.9.jar:?]
	at cpw.mods.modlauncher.Launcher.run(Launcher.java:108) ~[modlauncher-10.0.9.jar:?]
	at cpw.mods.modlauncher.Launcher.main(Launcher.java:78) ~[modlauncher-10.0.9.jar:?]
	at cpw.mods.modlauncher.BootstrapLaunchConsumer.accept(BootstrapLaunchConsumer.java:26) ~[modlauncher-10.0.9.jar:?]
	at cpw.mods.modlauncher.BootstrapLaunchConsumer.accept(BootstrapLaunchConsumer.java:23) ~[modlauncher-10.0.9.jar:?]
	at cpw.mods.bootstraplauncher.BootstrapLauncher.main(BootstrapLauncher.java:141) ~[bootstraplauncher-1.1.2.jar:?]
[144月2025 01:12:12.237] [Render thread/WARN] [net.minecraft.client.renderer.GameRenderer/]: Failed to load shader: minecraft:shaders/post/defile.json
java.io.FileNotFoundException: minecraft:shaders/post/defile.json
	at net.minecraft.server.packs.resources.ResourceProvider.lambda$getResourceOrThrow$0(ResourceProvider.java:21) ~[forge-1.20.1-47.4.0_mapped_official_1.20.1.jar:?]
	at java.util.Optional.orElseThrow(Optional.java:403) ~[?:?]
	at net.minecraft.server.packs.resources.ResourceProvider.getResourceOrThrow(ResourceProvider.java:21) ~[forge-1.20.1-47.4.0_mapped_official_1.20.1.jar:?]
	at net.minecraft.client.renderer.PostChain.load(PostChain.java:58) ~[forge-1.20.1-47.4.0_mapped_official_1.20.1.jar:?]
	at net.minecraft.client.renderer.PostChain.<init>(PostChain.java:54) ~[forge-1.20.1-47.4.0_mapped_official_1.20.1.jar:?]
	at net.minecraft.client.renderer.GameRenderer.loadEffect(GameRenderer.java:341) ~[forge-1.20.1-47.4.0_mapped_official_1.20.1.jar:?]
	at net.minecraftforge.event.ForgeEventFactory.handler$zzh000$onRenderTickEnd(ForgeEventFactory.java:1274) ~[forge-1.20.1-47.4.0_mapped_official_1.20.1.jar:?]
	at net.minecraftforge.event.ForgeEventFactory.onRenderTickEnd(ForgeEventFactory.java) ~[forge-1.20.1-47.4.0_mapped_official_1.20.1.jar:?]
	at net.minecraft.client.Minecraft.runTick(Minecraft.java:1148) ~[forge-1.20.1-47.4.0_mapped_official_1.20.1.jar:?]
	at net.minecraft.client.Minecraft.run(Minecraft.java:718) ~[forge-1.20.1-47.4.0_mapped_official_1.20.1.jar:?]
	at net.minecraft.client.main.Main.main(Main.java:218) ~[forge-1.20.1-47.4.0_mapped_official_1.20.1.jar:?]
	at jdk.internal.reflect.NativeMethodAccessorImpl.invoke0(Native Method) ~[?:?]
	at jdk.internal.reflect.NativeMethodAccessorImpl.invoke(NativeMethodAccessorImpl.java:77) ~[?:?]
	at jdk.internal.reflect.DelegatingMethodAccessorImpl.invoke(DelegatingMethodAccessorImpl.java:43) ~[?:?]
	at java.lang.reflect.Method.invoke(Method.java:568) ~[?:?]
	at net.minecraftforge.fml.loading.targets.CommonLaunchHandler.runTarget(CommonLaunchHandler.java:111) ~[fmlloader-1.20.1-47.4.0.jar:?]
	at net.minecraftforge.fml.loading.targets.CommonLaunchHandler.clientService(CommonLaunchHandler.java:99) ~[fmlloader-1.20.1-47.4.0.jar:?]
	at net.minecraftforge.fml.loading.targets.ForgeClientUserdevLaunchHandler.devService(ForgeClientUserdevLaunchHandler.java:19) ~[fmlloader-1.20.1-47.4.0.jar:?]
	at net.minecraftforge.fml.loading.targets.CommonDevLaunchHandler.lambda$makeService$7(CommonDevLaunchHandler.java:135) ~[fmlloader-1.20.1-47.4.0.jar:?]
	at cpw.mods.modlauncher.LaunchServiceHandlerDecorator.launch(LaunchServiceHandlerDecorator.java:30) ~[modlauncher-10.0.9.jar:?]
	at cpw.mods.modlauncher.LaunchServiceHandler.launch(LaunchServiceHandler.java:53) ~[modlauncher-10.0.9.jar:?]
	at cpw.mods.modlauncher.LaunchServiceHandler.launch(LaunchServiceHandler.java:71) ~[modlauncher-10.0.9.jar:?]
	at cpw.mods.modlauncher.Launcher.run(Launcher.java:108) ~[modlauncher-10.0.9.jar:?]
	at cpw.mods.modlauncher.Launcher.main(Launcher.java:78) ~[modlauncher-10.0.9.jar:?]
	at cpw.mods.modlauncher.BootstrapLaunchConsumer.accept(BootstrapLaunchConsumer.java:26) ~[modlauncher-10.0.9.jar:?]
	at cpw.mods.modlauncher.BootstrapLaunchConsumer.accept(BootstrapLaunchConsumer.java:23) ~[modlauncher-10.0.9.jar:?]
	at cpw.mods.bootstraplauncher.BootstrapLauncher.main(BootstrapLauncher.java:141) ~[bootstraplauncher-1.1.2.jar:?]
[144月2025 01:12:12.254] [Render thread/WARN] [net.minecraft.client.renderer.GameRenderer/]: Failed to load shader: minecraft:shaders/post/defile.json
java.io.FileNotFoundException: minecraft:shaders/post/defile.json
	at net.minecraft.server.packs.resources.ResourceProvider.lambda$getResourceOrThrow$0(ResourceProvider.java:21) ~[forge-1.20.1-47.4.0_mapped_official_1.20.1.jar:?]
	at java.util.Optional.orElseThrow(Optional.java:403) ~[?:?]
	at net.minecraft.server.packs.resources.ResourceProvider.getResourceOrThrow(ResourceProvider.java:21) ~[forge-1.20.1-47.4.0_mapped_official_1.20.1.jar:?]
	at net.minecraft.client.renderer.PostChain.load(PostChain.java:58) ~[forge-1.20.1-47.4.0_mapped_official_1.20.1.jar:?]
	at net.minecraft.client.renderer.PostChain.<init>(PostChain.java:54) ~[forge-1.20.1-47.4.0_mapped_official_1.20.1.jar:?]
	at net.minecraft.client.renderer.GameRenderer.loadEffect(GameRenderer.java:341) ~[forge-1.20.1-47.4.0_mapped_official_1.20.1.jar:?]
	at net.minecraftforge.event.ForgeEventFactory.handler$zzh000$onRenderTickEnd(ForgeEventFactory.java:1274) ~[forge-1.20.1-47.4.0_mapped_official_1.20.1.jar:?]
	at net.minecraftforge.event.ForgeEventFactory.onRenderTickEnd(ForgeEventFactory.java) ~[forge-1.20.1-47.4.0_mapped_official_1.20.1.jar:?]
	at net.minecraft.client.Minecraft.runTick(Minecraft.java:1148) ~[forge-1.20.1-47.4.0_mapped_official_1.20.1.jar:?]
	at net.minecraft.client.Minecraft.run(Minecraft.java:718) ~[forge-1.20.1-47.4.0_mapped_official_1.20.1.jar:?]
	at net.minecraft.client.main.Main.main(Main.java:218) ~[forge-1.20.1-47.4.0_mapped_official_1.20.1.jar:?]
	at jdk.internal.reflect.NativeMethodAccessorImpl.invoke0(Native Method) ~[?:?]
	at jdk.internal.reflect.NativeMethodAccessorImpl.invoke(NativeMethodAccessorImpl.java:77) ~[?:?]
	at jdk.internal.reflect.DelegatingMethodAccessorImpl.invoke(DelegatingMethodAccessorImpl.java:43) ~[?:?]
	at java.lang.reflect.Method.invoke(Method.java:568) ~[?:?]
	at net.minecraftforge.fml.loading.targets.CommonLaunchHandler.runTarget(CommonLaunchHandler.java:111) ~[fmlloader-1.20.1-47.4.0.jar:?]
	at net.minecraftforge.fml.loading.targets.CommonLaunchHandler.clientService(CommonLaunchHandler.java:99) ~[fmlloader-1.20.1-47.4.0.jar:?]
	at net.minecraftforge.fml.loading.targets.ForgeClientUserdevLaunchHandler.devService(ForgeClientUserdevLaunchHandler.java:19) ~[fmlloader-1.20.1-47.4.0.jar:?]
	at net.minecraftforge.fml.loading.targets.CommonDevLaunchHandler.lambda$makeService$7(CommonDevLaunchHandler.java:135) ~[fmlloader-1.20.1-47.4.0.jar:?]
	at cpw.mods.modlauncher.LaunchServiceHandlerDecorator.launch(LaunchServiceHandlerDecorator.java:30) ~[modlauncher-10.0.9.jar:?]
	at cpw.mods.modlauncher.LaunchServiceHandler.launch(LaunchServiceHandler.java:53) ~[modlauncher-10.0.9.jar:?]
	at cpw.mods.modlauncher.LaunchServiceHandler.launch(LaunchServiceHandler.java:71) ~[modlauncher-10.0.9.jar:?]
	at cpw.mods.modlauncher.Launcher.run(Launcher.java:108) ~[modlauncher-10.0.9.jar:?]
	at cpw.mods.modlauncher.Launcher.main(Launcher.java:78) ~[modlauncher-10.0.9.jar:?]
	at cpw.mods.modlauncher.BootstrapLaunchConsumer.accept(BootstrapLaunchConsumer.java:26) ~[modlauncher-10.0.9.jar:?]
	at cpw.mods.modlauncher.BootstrapLaunchConsumer.accept(BootstrapLaunchConsumer.java:23) ~[modlauncher-10.0.9.jar:?]
	at cpw.mods.bootstraplauncher.BootstrapLauncher.main(BootstrapLauncher.java:141) ~[bootstraplauncher-1.1.2.jar:?]
[144月2025 01:12:12.271] [Render thread/WARN] [net.minecraft.client.renderer.GameRenderer/]: Failed to load shader: minecraft:shaders/post/defile.json
java.io.FileNotFoundException: minecraft:shaders/post/defile.json
	at net.minecraft.server.packs.resources.ResourceProvider.lambda$getResourceOrThrow$0(ResourceProvider.java:21) ~[forge-1.20.1-47.4.0_mapped_official_1.20.1.jar:?]
	at java.util.Optional.orElseThrow(Optional.java:403) ~[?:?]
	at net.minecraft.server.packs.resources.ResourceProvider.getResourceOrThrow(ResourceProvider.java:21) ~[forge-1.20.1-47.4.0_mapped_official_1.20.1.jar:?]
	at net.minecraft.client.renderer.PostChain.load(PostChain.java:58) ~[forge-1.20.1-47.4.0_mapped_official_1.20.1.jar:?]
	at net.minecraft.client.renderer.PostChain.<init>(PostChain.java:54) ~[forge-1.20.1-47.4.0_mapped_official_1.20.1.jar:?]
	at net.minecraft.client.renderer.GameRenderer.loadEffect(GameRenderer.java:341) ~[forge-1.20.1-47.4.0_mapped_official_1.20.1.jar:?]
	at net.minecraftforge.event.ForgeEventFactory.handler$zzh000$onRenderTickEnd(ForgeEventFactory.java:1274) ~[forge-1.20.1-47.4.0_mapped_official_1.20.1.jar:?]
	at net.minecraftforge.event.ForgeEventFactory.onRenderTickEnd(ForgeEventFactory.java) ~[forge-1.20.1-47.4.0_mapped_official_1.20.1.jar:?]
	at net.minecraft.client.Minecraft.runTick(Minecraft.java:1148) ~[forge-1.20.1-47.4.0_mapped_official_1.20.1.jar:?]
	at net.minecraft.client.Minecraft.run(Minecraft.java:718) ~[forge-1.20.1-47.4.0_mapped_official_1.20.1.jar:?]
	at net.minecraft.client.main.Main.main(Main.java:218) ~[forge-1.20.1-47.4.0_mapped_official_1.20.1.jar:?]
	at jdk.internal.reflect.NativeMethodAccessorImpl.invoke0(Native Method) ~[?:?]
	at jdk.internal.reflect.NativeMethodAccessorImpl.invoke(NativeMethodAccessorImpl.java:77) ~[?:?]
	at jdk.internal.reflect.DelegatingMethodAccessorImpl.invoke(DelegatingMethodAccessorImpl.java:43) ~[?:?]
	at java.lang.reflect.Method.invoke(Method.java:568) ~[?:?]
	at net.minecraftforge.fml.loading.targets.CommonLaunchHandler.runTarget(CommonLaunchHandler.java:111) ~[fmlloader-1.20.1-47.4.0.jar:?]
	at net.minecraftforge.fml.loading.targets.CommonLaunchHandler.clientService(CommonLaunchHandler.java:99) ~[fmlloader-1.20.1-47.4.0.jar:?]
	at net.minecraftforge.fml.loading.targets.ForgeClientUserdevLaunchHandler.devService(ForgeClientUserdevLaunchHandler.java:19) ~[fmlloader-1.20.1-47.4.0.jar:?]
	at net.minecraftforge.fml.loading.targets.CommonDevLaunchHandler.lambda$makeService$7(CommonDevLaunchHandler.java:135) ~[fmlloader-1.20.1-47.4.0.jar:?]
	at cpw.mods.modlauncher.LaunchServiceHandlerDecorator.launch(LaunchServiceHandlerDecorator.java:30) ~[modlauncher-10.0.9.jar:?]
	at cpw.mods.modlauncher.LaunchServiceHandler.launch(LaunchServiceHandler.java:53) ~[modlauncher-10.0.9.jar:?]
	at cpw.mods.modlauncher.LaunchServiceHandler.launch(LaunchServiceHandler.java:71) ~[modlauncher-10.0.9.jar:?]
	at cpw.mods.modlauncher.Launcher.run(Launcher.java:108) ~[modlauncher-10.0.9.jar:?]
	at cpw.mods.modlauncher.Launcher.main(Launcher.java:78) ~[modlauncher-10.0.9.jar:?]
	at cpw.mods.modlauncher.BootstrapLaunchConsumer.accept(BootstrapLaunchConsumer.java:26) ~[modlauncher-10.0.9.jar:?]
	at cpw.mods.modlauncher.BootstrapLaunchConsumer.accept(BootstrapLaunchConsumer.java:23) ~[modlauncher-10.0.9.jar:?]
	at cpw.mods.bootstraplauncher.BootstrapLauncher.main(BootstrapLauncher.java:141) ~[bootstraplauncher-1.1.2.jar:?]
[144月2025 01:12:12.288] [Render thread/WARN] [net.minecraft.client.renderer.GameRenderer/]: Failed to load shader: minecraft:shaders/post/defile.json
java.io.FileNotFoundException: minecraft:shaders/post/defile.json
	at net.minecraft.server.packs.resources.ResourceProvider.lambda$getResourceOrThrow$0(ResourceProvider.java:21) ~[forge-1.20.1-47.4.0_mapped_official_1.20.1.jar:?]
	at java.util.Optional.orElseThrow(Optional.java:403) ~[?:?]
	at net.minecraft.server.packs.resources.ResourceProvider.getResourceOrThrow(ResourceProvider.java:21) ~[forge-1.20.1-47.4.0_mapped_official_1.20.1.jar:?]
	at net.minecraft.client.renderer.PostChain.load(PostChain.java:58) ~[forge-1.20.1-47.4.0_mapped_official_1.20.1.jar:?]
	at net.minecraft.client.renderer.PostChain.<init>(PostChain.java:54) ~[forge-1.20.1-47.4.0_mapped_official_1.20.1.jar:?]
	at net.minecraft.client.renderer.GameRenderer.loadEffect(GameRenderer.java:341) ~[forge-1.20.1-47.4.0_mapped_official_1.20.1.jar:?]
	at net.minecraftforge.event.ForgeEventFactory.handler$zzh000$onRenderTickEnd(ForgeEventFactory.java:1274) ~[forge-1.20.1-47.4.0_mapped_official_1.20.1.jar:?]
	at net.minecraftforge.event.ForgeEventFactory.onRenderTickEnd(ForgeEventFactory.java) ~[forge-1.20.1-47.4.0_mapped_official_1.20.1.jar:?]
	at net.minecraft.client.Minecraft.runTick(Minecraft.java:1148) ~[forge-1.20.1-47.4.0_mapped_official_1.20.1.jar:?]
	at net.minecraft.client.Minecraft.run(Minecraft.java:718) ~[forge-1.20.1-47.4.0_mapped_official_1.20.1.jar:?]
	at net.minecraft.client.main.Main.main(Main.java:218) ~[forge-1.20.1-47.4.0_mapped_official_1.20.1.jar:?]
	at jdk.internal.reflect.NativeMethodAccessorImpl.invoke0(Native Method) ~[?:?]
	at jdk.internal.reflect.NativeMethodAccessorImpl.invoke(NativeMethodAccessorImpl.java:77) ~[?:?]
	at jdk.internal.reflect.DelegatingMethodAccessorImpl.invoke(DelegatingMethodAccessorImpl.java:43) ~[?:?]
	at java.lang.reflect.Method.invoke(Method.java:568) ~[?:?]
	at net.minecraftforge.fml.loading.targets.CommonLaunchHandler.runTarget(CommonLaunchHandler.java:111) ~[fmlloader-1.20.1-47.4.0.jar:?]
	at net.minecraftforge.fml.loading.targets.CommonLaunchHandler.clientService(CommonLaunchHandler.java:99) ~[fmlloader-1.20.1-47.4.0.jar:?]
	at net.minecraftforge.fml.loading.targets.ForgeClientUserdevLaunchHandler.devService(ForgeClientUserdevLaunchHandler.java:19) ~[fmlloader-1.20.1-47.4.0.jar:?]
	at net.minecraftforge.fml.loading.targets.CommonDevLaunchHandler.lambda$makeService$7(CommonDevLaunchHandler.java:135) ~[fmlloader-1.20.1-47.4.0.jar:?]
	at cpw.mods.modlauncher.LaunchServiceHandlerDecorator.launch(LaunchServiceHandlerDecorator.java:30) ~[modlauncher-10.0.9.jar:?]
	at cpw.mods.modlauncher.LaunchServiceHandler.launch(LaunchServiceHandler.java:53) ~[modlauncher-10.0.9.jar:?]
	at cpw.mods.modlauncher.LaunchServiceHandler.launch(LaunchServiceHandler.java:71) ~[modlauncher-10.0.9.jar:?]
	at cpw.mods.modlauncher.Launcher.run(Launcher.java:108) ~[modlauncher-10.0.9.jar:?]
	at cpw.mods.modlauncher.Launcher.main(Launcher.java:78) ~[modlauncher-10.0.9.jar:?]
	at cpw.mods.modlauncher.BootstrapLaunchConsumer.accept(BootstrapLaunchConsumer.java:26) ~[modlauncher-10.0.9.jar:?]
	at cpw.mods.modlauncher.BootstrapLaunchConsumer.accept(BootstrapLaunchConsumer.java:23) ~[modlauncher-10.0.9.jar:?]
	at cpw.mods.bootstraplauncher.BootstrapLauncher.main(BootstrapLauncher.java:141) ~[bootstraplauncher-1.1.2.jar:?]
[144月2025 01:12:12.305] [Render thread/WARN] [net.minecraft.client.renderer.GameRenderer/]: Failed to load shader: minecraft:shaders/post/defile.json
java.io.FileNotFoundException: minecraft:shaders/post/defile.json
	at net.minecraft.server.packs.resources.ResourceProvider.lambda$getResourceOrThrow$0(ResourceProvider.java:21) ~[forge-1.20.1-47.4.0_mapped_official_1.20.1.jar:?]
	at java.util.Optional.orElseThrow(Optional.java:403) ~[?:?]
	at net.minecraft.server.packs.resources.ResourceProvider.getResourceOrThrow(ResourceProvider.java:21) ~[forge-1.20.1-47.4.0_mapped_official_1.20.1.jar:?]
	at net.minecraft.client.renderer.PostChain.load(PostChain.java:58) ~[forge-1.20.1-47.4.0_mapped_official_1.20.1.jar:?]
	at net.minecraft.client.renderer.PostChain.<init>(PostChain.java:54) ~[forge-1.20.1-47.4.0_mapped_official_1.20.1.jar:?]
	at net.minecraft.client.renderer.GameRenderer.loadEffect(GameRenderer.java:341) ~[forge-1.20.1-47.4.0_mapped_official_1.20.1.jar:?]
	at net.minecraftforge.event.ForgeEventFactory.handler$zzh000$onRenderTickEnd(ForgeEventFactory.java:1274) ~[forge-1.20.1-47.4.0_mapped_official_1.20.1.jar:?]
	at net.minecraftforge.event.ForgeEventFactory.onRenderTickEnd(ForgeEventFactory.java) ~[forge-1.20.1-47.4.0_mapped_official_1.20.1.jar:?]
	at net.minecraft.client.Minecraft.runTick(Minecraft.java:1148) ~[forge-1.20.1-47.4.0_mapped_official_1.20.1.jar:?]
	at net.minecraft.client.Minecraft.run(Minecraft.java:718) ~[forge-1.20.1-47.4.0_mapped_official_1.20.1.jar:?]
	at net.minecraft.client.main.Main.main(Main.java:218) ~[forge-1.20.1-47.4.0_mapped_official_1.20.1.jar:?]
	at jdk.internal.reflect.NativeMethodAccessorImpl.invoke0(Native Method) ~[?:?]
	at jdk.internal.reflect.NativeMethodAccessorImpl.invoke(NativeMethodAccessorImpl.java:77) ~[?:?]
	at jdk.internal.reflect.DelegatingMethodAccessorImpl.invoke(DelegatingMethodAccessorImpl.java:43) ~[?:?]
	at java.lang.reflect.Method.invoke(Method.java:568) ~[?:?]
	at net.minecraftforge.fml.loading.targets.CommonLaunchHandler.runTarget(CommonLaunchHandler.java:111) ~[fmlloader-1.20.1-47.4.0.jar:?]
	at net.minecraftforge.fml.loading.targets.CommonLaunchHandler.clientService(CommonLaunchHandler.java:99) ~[fmlloader-1.20.1-47.4.0.jar:?]
	at net.minecraftforge.fml.loading.targets.ForgeClientUserdevLaunchHandler.devService(ForgeClientUserdevLaunchHandler.java:19) ~[fmlloader-1.20.1-47.4.0.jar:?]
	at net.minecraftforge.fml.loading.targets.CommonDevLaunchHandler.lambda$makeService$7(CommonDevLaunchHandler.java:135) ~[fmlloader-1.20.1-47.4.0.jar:?]
	at cpw.mods.modlauncher.LaunchServiceHandlerDecorator.launch(LaunchServiceHandlerDecorator.java:30) ~[modlauncher-10.0.9.jar:?]
	at cpw.mods.modlauncher.LaunchServiceHandler.launch(LaunchServiceHandler.java:53) ~[modlauncher-10.0.9.jar:?]
	at cpw.mods.modlauncher.LaunchServiceHandler.launch(LaunchServiceHandler.java:71) ~[modlauncher-10.0.9.jar:?]
	at cpw.mods.modlauncher.Launcher.run(Launcher.java:108) ~[modlauncher-10.0.9.jar:?]
	at cpw.mods.modlauncher.Launcher.main(Launcher.java:78) ~[modlauncher-10.0.9.jar:?]
	at cpw.mods.modlauncher.BootstrapLaunchConsumer.accept(BootstrapLaunchConsumer.java:26) ~[modlauncher-10.0.9.jar:?]
	at cpw.mods.modlauncher.BootstrapLaunchConsumer.accept(BootstrapLaunchConsumer.java:23) ~[modlauncher-10.0.9.jar:?]
	at cpw.mods.bootstraplauncher.BootstrapLauncher.main(BootstrapLauncher.java:141) ~[bootstraplauncher-1.1.2.jar:?]
[144月2025 01:12:12.323] [Render thread/WARN] [net.minecraft.client.renderer.GameRenderer/]: Failed to load shader: minecraft:shaders/post/defile.json
java.io.FileNotFoundException: minecraft:shaders/post/defile.json
	at net.minecraft.server.packs.resources.ResourceProvider.lambda$getResourceOrThrow$0(ResourceProvider.java:21) ~[forge-1.20.1-47.4.0_mapped_official_1.20.1.jar:?]
	at java.util.Optional.orElseThrow(Optional.java:403) ~[?:?]
	at net.minecraft.server.packs.resources.ResourceProvider.getResourceOrThrow(ResourceProvider.java:21) ~[forge-1.20.1-47.4.0_mapped_official_1.20.1.jar:?]
	at net.minecraft.client.renderer.PostChain.load(PostChain.java:58) ~[forge-1.20.1-47.4.0_mapped_official_1.20.1.jar:?]
	at net.minecraft.client.renderer.PostChain.<init>(PostChain.java:54) ~[forge-1.20.1-47.4.0_mapped_official_1.20.1.jar:?]
	at net.minecraft.client.renderer.GameRenderer.loadEffect(GameRenderer.java:341) ~[forge-1.20.1-47.4.0_mapped_official_1.20.1.jar:?]
	at net.minecraftforge.event.ForgeEventFactory.handler$zzh000$onRenderTickEnd(ForgeEventFactory.java:1274) ~[forge-1.20.1-47.4.0_mapped_official_1.20.1.jar:?]
	at net.minecraftforge.event.ForgeEventFactory.onRenderTickEnd(ForgeEventFactory.java) ~[forge-1.20.1-47.4.0_mapped_official_1.20.1.jar:?]
	at net.minecraft.client.Minecraft.runTick(Minecraft.java:1148) ~[forge-1.20.1-47.4.0_mapped_official_1.20.1.jar:?]
	at net.minecraft.client.Minecraft.run(Minecraft.java:718) ~[forge-1.20.1-47.4.0_mapped_official_1.20.1.jar:?]
	at net.minecraft.client.main.Main.main(Main.java:218) ~[forge-1.20.1-47.4.0_mapped_official_1.20.1.jar:?]
	at jdk.internal.reflect.NativeMethodAccessorImpl.invoke0(Native Method) ~[?:?]
	at jdk.internal.reflect.NativeMethodAccessorImpl.invoke(NativeMethodAccessorImpl.java:77) ~[?:?]
	at jdk.internal.reflect.DelegatingMethodAccessorImpl.invoke(DelegatingMethodAccessorImpl.java:43) ~[?:?]
	at java.lang.reflect.Method.invoke(Method.java:568) ~[?:?]
	at net.minecraftforge.fml.loading.targets.CommonLaunchHandler.runTarget(CommonLaunchHandler.java:111) ~[fmlloader-1.20.1-47.4.0.jar:?]
	at net.minecraftforge.fml.loading.targets.CommonLaunchHandler.clientService(CommonLaunchHandler.java:99) ~[fmlloader-1.20.1-47.4.0.jar:?]
	at net.minecraftforge.fml.loading.targets.ForgeClientUserdevLaunchHandler.devService(ForgeClientUserdevLaunchHandler.java:19) ~[fmlloader-1.20.1-47.4.0.jar:?]
	at net.minecraftforge.fml.loading.targets.CommonDevLaunchHandler.lambda$makeService$7(CommonDevLaunchHandler.java:135) ~[fmlloader-1.20.1-47.4.0.jar:?]
	at cpw.mods.modlauncher.LaunchServiceHandlerDecorator.launch(LaunchServiceHandlerDecorator.java:30) ~[modlauncher-10.0.9.jar:?]
	at cpw.mods.modlauncher.LaunchServiceHandler.launch(LaunchServiceHandler.java:53) ~[modlauncher-10.0.9.jar:?]
	at cpw.mods.modlauncher.LaunchServiceHandler.launch(LaunchServiceHandler.java:71) ~[modlauncher-10.0.9.jar:?]
	at cpw.mods.modlauncher.Launcher.run(Launcher.java:108) ~[modlauncher-10.0.9.jar:?]
	at cpw.mods.modlauncher.Launcher.main(Launcher.java:78) ~[modlauncher-10.0.9.jar:?]
	at cpw.mods.modlauncher.BootstrapLaunchConsumer.accept(BootstrapLaunchConsumer.java:26) ~[modlauncher-10.0.9.jar:?]
	at cpw.mods.modlauncher.BootstrapLaunchConsumer.accept(BootstrapLaunchConsumer.java:23) ~[modlauncher-10.0.9.jar:?]
	at cpw.mods.bootstraplauncher.BootstrapLauncher.main(BootstrapLauncher.java:141) ~[bootstraplauncher-1.1.2.jar:?]
[144月2025 01:12:12.338] [Render thread/WARN] [net.minecraft.client.renderer.GameRenderer/]: Failed to load shader: minecraft:shaders/post/defile.json
java.io.FileNotFoundException: minecraft:shaders/post/defile.json
	at net.minecraft.server.packs.resources.ResourceProvider.lambda$getResourceOrThrow$0(ResourceProvider.java:21) ~[forge-1.20.1-47.4.0_mapped_official_1.20.1.jar:?]
	at java.util.Optional.orElseThrow(Optional.java:403) ~[?:?]
	at net.minecraft.server.packs.resources.ResourceProvider.getResourceOrThrow(ResourceProvider.java:21) ~[forge-1.20.1-47.4.0_mapped_official_1.20.1.jar:?]
	at net.minecraft.client.renderer.PostChain.load(PostChain.java:58) ~[forge-1.20.1-47.4.0_mapped_official_1.20.1.jar:?]
	at net.minecraft.client.renderer.PostChain.<init>(PostChain.java:54) ~[forge-1.20.1-47.4.0_mapped_official_1.20.1.jar:?]
	at net.minecraft.client.renderer.GameRenderer.loadEffect(GameRenderer.java:341) ~[forge-1.20.1-47.4.0_mapped_official_1.20.1.jar:?]
	at net.minecraftforge.event.ForgeEventFactory.handler$zzh000$onRenderTickEnd(ForgeEventFactory.java:1274) ~[forge-1.20.1-47.4.0_mapped_official_1.20.1.jar:?]
	at net.minecraftforge.event.ForgeEventFactory.onRenderTickEnd(ForgeEventFactory.java) ~[forge-1.20.1-47.4.0_mapped_official_1.20.1.jar:?]
	at net.minecraft.client.Minecraft.runTick(Minecraft.java:1148) ~[forge-1.20.1-47.4.0_mapped_official_1.20.1.jar:?]
	at net.minecraft.client.Minecraft.run(Minecraft.java:718) ~[forge-1.20.1-47.4.0_mapped_official_1.20.1.jar:?]
	at net.minecraft.client.main.Main.main(Main.java:218) ~[forge-1.20.1-47.4.0_mapped_official_1.20.1.jar:?]
	at jdk.internal.reflect.NativeMethodAccessorImpl.invoke0(Native Method) ~[?:?]
	at jdk.internal.reflect.NativeMethodAccessorImpl.invoke(NativeMethodAccessorImpl.java:77) ~[?:?]
	at jdk.internal.reflect.DelegatingMethodAccessorImpl.invoke(DelegatingMethodAccessorImpl.java:43) ~[?:?]
	at java.lang.reflect.Method.invoke(Method.java:568) ~[?:?]
	at net.minecraftforge.fml.loading.targets.CommonLaunchHandler.runTarget(CommonLaunchHandler.java:111) ~[fmlloader-1.20.1-47.4.0.jar:?]
	at net.minecraftforge.fml.loading.targets.CommonLaunchHandler.clientService(CommonLaunchHandler.java:99) ~[fmlloader-1.20.1-47.4.0.jar:?]
	at net.minecraftforge.fml.loading.targets.ForgeClientUserdevLaunchHandler.devService(ForgeClientUserdevLaunchHandler.java:19) ~[fmlloader-1.20.1-47.4.0.jar:?]
	at net.minecraftforge.fml.loading.targets.CommonDevLaunchHandler.lambda$makeService$7(CommonDevLaunchHandler.java:135) ~[fmlloader-1.20.1-47.4.0.jar:?]
	at cpw.mods.modlauncher.LaunchServiceHandlerDecorator.launch(LaunchServiceHandlerDecorator.java:30) ~[modlauncher-10.0.9.jar:?]
	at cpw.mods.modlauncher.LaunchServiceHandler.launch(LaunchServiceHandler.java:53) ~[modlauncher-10.0.9.jar:?]
	at cpw.mods.modlauncher.LaunchServiceHandler.launch(LaunchServiceHandler.java:71) ~[modlauncher-10.0.9.jar:?]
	at cpw.mods.modlauncher.Launcher.run(Launcher.java:108) ~[modlauncher-10.0.9.jar:?]
	at cpw.mods.modlauncher.Launcher.main(Launcher.java:78) ~[modlauncher-10.0.9.jar:?]
	at cpw.mods.modlauncher.BootstrapLaunchConsumer.accept(BootstrapLaunchConsumer.java:26) ~[modlauncher-10.0.9.jar:?]
	at cpw.mods.modlauncher.BootstrapLaunchConsumer.accept(BootstrapLaunchConsumer.java:23) ~[modlauncher-10.0.9.jar:?]
	at cpw.mods.bootstraplauncher.BootstrapLauncher.main(BootstrapLauncher.java:141) ~[bootstraplauncher-1.1.2.jar:?]
[144月2025 01:12:12.354] [Render thread/WARN] [net.minecraft.client.renderer.GameRenderer/]: Failed to load shader: minecraft:shaders/post/defile.json
java.io.FileNotFoundException: minecraft:shaders/post/defile.json
	at net.minecraft.server.packs.resources.ResourceProvider.lambda$getResourceOrThrow$0(ResourceProvider.java:21) ~[forge-1.20.1-47.4.0_mapped_official_1.20.1.jar:?]
	at java.util.Optional.orElseThrow(Optional.java:403) ~[?:?]
	at net.minecraft.server.packs.resources.ResourceProvider.getResourceOrThrow(ResourceProvider.java:21) ~[forge-1.20.1-47.4.0_mapped_official_1.20.1.jar:?]
	at net.minecraft.client.renderer.PostChain.load(PostChain.java:58) ~[forge-1.20.1-47.4.0_mapped_official_1.20.1.jar:?]
	at net.minecraft.client.renderer.PostChain.<init>(PostChain.java:54) ~[forge-1.20.1-47.4.0_mapped_official_1.20.1.jar:?]
	at net.minecraft.client.renderer.GameRenderer.loadEffect(GameRenderer.java:341) ~[forge-1.20.1-47.4.0_mapped_official_1.20.1.jar:?]
	at net.minecraftforge.event.ForgeEventFactory.handler$zzh000$onRenderTickEnd(ForgeEventFactory.java:1274) ~[forge-1.20.1-47.4.0_mapped_official_1.20.1.jar:?]
	at net.minecraftforge.event.ForgeEventFactory.onRenderTickEnd(ForgeEventFactory.java) ~[forge-1.20.1-47.4.0_mapped_official_1.20.1.jar:?]
	at net.minecraft.client.Minecraft.runTick(Minecraft.java:1148) ~[forge-1.20.1-47.4.0_mapped_official_1.20.1.jar:?]
	at net.minecraft.client.Minecraft.run(Minecraft.java:718) ~[forge-1.20.1-47.4.0_mapped_official_1.20.1.jar:?]
	at net.minecraft.client.main.Main.main(Main.java:218) ~[forge-1.20.1-47.4.0_mapped_official_1.20.1.jar:?]
	at jdk.internal.reflect.NativeMethodAccessorImpl.invoke0(Native Method) ~[?:?]
	at jdk.internal.reflect.NativeMethodAccessorImpl.invoke(NativeMethodAccessorImpl.java:77) ~[?:?]
	at jdk.internal.reflect.DelegatingMethodAccessorImpl.invoke(DelegatingMethodAccessorImpl.java:43) ~[?:?]
	at java.lang.reflect.Method.invoke(Method.java:568) ~[?:?]
	at net.minecraftforge.fml.loading.targets.CommonLaunchHandler.runTarget(CommonLaunchHandler.java:111) ~[fmlloader-1.20.1-47.4.0.jar:?]
	at net.minecraftforge.fml.loading.targets.CommonLaunchHandler.clientService(CommonLaunchHandler.java:99) ~[fmlloader-1.20.1-47.4.0.jar:?]
	at net.minecraftforge.fml.loading.targets.ForgeClientUserdevLaunchHandler.devService(ForgeClientUserdevLaunchHandler.java:19) ~[fmlloader-1.20.1-47.4.0.jar:?]
	at net.minecraftforge.fml.loading.targets.CommonDevLaunchHandler.lambda$makeService$7(CommonDevLaunchHandler.java:135) ~[fmlloader-1.20.1-47.4.0.jar:?]
	at cpw.mods.modlauncher.LaunchServiceHandlerDecorator.launch(LaunchServiceHandlerDecorator.java:30) ~[modlauncher-10.0.9.jar:?]
	at cpw.mods.modlauncher.LaunchServiceHandler.launch(LaunchServiceHandler.java:53) ~[modlauncher-10.0.9.jar:?]
	at cpw.mods.modlauncher.LaunchServiceHandler.launch(LaunchServiceHandler.java:71) ~[modlauncher-10.0.9.jar:?]
	at cpw.mods.modlauncher.Launcher.run(Launcher.java:108) ~[modlauncher-10.0.9.jar:?]
	at cpw.mods.modlauncher.Launcher.main(Launcher.java:78) ~[modlauncher-10.0.9.jar:?]
	at cpw.mods.modlauncher.BootstrapLaunchConsumer.accept(BootstrapLaunchConsumer.java:26) ~[modlauncher-10.0.9.jar:?]
	at cpw.mods.modlauncher.BootstrapLaunchConsumer.accept(BootstrapLaunchConsumer.java:23) ~[modlauncher-10.0.9.jar:?]
	at cpw.mods.bootstraplauncher.BootstrapLauncher.main(BootstrapLauncher.java:141) ~[bootstraplauncher-1.1.2.jar:?]
[144月2025 01:12:12.366] [Render thread/INFO] [net.minecraft.client.gui.components.ChatComponent/]: [System] [CHAT] 『时间开始流转！』
[144月2025 01:12:45.458] [Server thread/INFO] [net.minecraft.server.MinecraftServer/]: [Dev: 召唤了新的凋灵]
[144月2025 01:12:45.465] [Render thread/INFO] [net.minecraft.client.gui.components.ChatComponent/]: [System] [CHAT] 召唤了新的凋灵
[144月2025 01:12:51.079] [Server thread/INFO] [net.minecraft.server.MinecraftServer/]: [Dev: 召唤了新的末影龙]
[144月2025 01:12:51.096] [Render thread/INFO] [net.minecraft.client.gui.components.ChatComponent/]: [System] [CHAT] 召唤了新的末影龙
[144月2025 01:12:54.370] [Server thread/INFO] [net.minecraft.server.MinecraftServer/]: [Dev: 召唤了新的末影龙]
[144月2025 01:12:54.382] [Render thread/INFO] [net.minecraft.client.gui.components.ChatComponent/]: [System] [CHAT] 召唤了新的末影龙
[144月2025 01:14:09.656] [Server thread/INFO] [net.minecraft.world.entity.npc.Villager/]: Villager Villager['村民'/364, l='ServerLevel[新的世界]', x=-15.50, y=-60.00, z=26.50] died, message: '村民掉出了这个世界'
[144月2025 01:14:09.659] [Server thread/INFO] [net.minecraft.world.entity.npc.Villager/]: Villager Villager['村民'/364, l='ServerLevel[新的世界]', x=-15.50, y=-60.00, z=26.50] died, message: '村民掉出了这个世界'
[144月2025 01:14:09.667] [Render thread/INFO] [net.minecraft.world.entity.npc.Villager/]: Villager Villager['村民'/364, l='ClientLevel', x=-15.50, y=-60.00, z=26.50] died, message: '村民死了'
[144月2025 01:14:16.054] [Server thread/INFO] [net.minecraft.world.entity.npc.Villager/]: Villager Villager['村民'/366, l='ServerLevel[新的世界]', x=-10.74, y=-60.00, z=22.64] died, message: '村民被Dev杀死了'
[144月2025 01:14:16.069] [Render thread/INFO] [net.minecraft.world.entity.npc.Villager/]: Villager Villager['村民'/366, l='ClientLevel', x=-11.07, y=-60.00, z=22.29] died, message: '村民死了'
[144月2025 01:14:20.053] [Server thread/INFO] [net.minecraft.world.entity.npc.Villager/]: Villager Villager['村民'/368, l='ServerLevel[新的世界]', x=-13.10, y=-60.00, z=15.05] died, message: '村民被Dev杀死了'
[144月2025 01:14:20.068] [Render thread/INFO] [net.minecraft.world.entity.npc.Villager/]: Villager Villager['村民'/368, l='ClientLevel', x=-13.70, y=-60.00, z=15.72] died, message: '村民死了'
[144月2025 01:14:25.653] [Server thread/INFO] [net.minecraft.world.entity.npc.Villager/]: Villager Villager['村民'/370, l='ServerLevel[新的世界]', x=-9.50, y=-60.00, z=9.31] died, message: '村民掉出了这个世界'
[144月2025 01:14:25.653] [Server thread/INFO] [net.minecraft.world.entity.npc.Villager/]: Villager Villager['村民'/370, l='ServerLevel[新的世界]', x=-9.50, y=-60.00, z=9.31] died, message: '村民掉出了这个世界'
[144月2025 01:14:25.669] [Render thread/INFO] [net.minecraft.world.entity.npc.Villager/]: Villager Villager['村民'/370, l='ClientLevel', x=-9.50, y=-60.00, z=9.71] died, message: '村民死了'
[144月2025 01:14:27.603] [Server thread/INFO] [net.minecraft.world.entity.npc.Villager/]: Villager Villager['村民'/372, l='ServerLevel[新的世界]', x=-8.50, y=-60.00, z=5.50] died, message: '村民掉出了这个世界'
[144月2025 01:14:27.603] [Server thread/INFO] [net.minecraft.world.entity.npc.Villager/]: Villager Villager['村民'/372, l='ServerLevel[新的世界]', x=-8.50, y=-60.00, z=5.50] died, message: '村民掉出了这个世界'
[144月2025 01:14:27.618] [Render thread/INFO] [net.minecraft.world.entity.npc.Villager/]: Villager Villager['村民'/372, l='ClientLevel', x=-8.50, y=-60.00, z=5.50] died, message: '村民死了'
[144月2025 01:14:29.203] [Server thread/INFO] [net.minecraft.world.entity.npc.Villager/]: Villager Villager['村民'/374, l='ServerLevel[新的世界]', x=-9.50, y=-60.00, z=5.50] died, message: '村民掉出了这个世界'
[144月2025 01:14:29.204] [Server thread/INFO] [net.minecraft.world.entity.npc.Villager/]: Villager Villager['村民'/374, l='ServerLevel[新的世界]', x=-9.50, y=-60.00, z=5.50] died, message: '村民掉出了这个世界'
[144月2025 01:14:29.218] [Render thread/INFO] [net.minecraft.world.entity.npc.Villager/]: Villager Villager['村民'/374, l='ClientLevel', x=-9.50, y=-60.00, z=5.50] died, message: '村民死了'
[144月2025 01:14:31.155] [Server thread/INFO] [net.minecraft.world.entity.npc.Villager/]: Villager Villager['村民'/376, l='ServerLevel[新的世界]', x=-10.82, y=-60.00, z=1.18] died, message: '村民掉出了这个世界'
[144月2025 01:14:31.155] [Server thread/INFO] [net.minecraft.world.entity.npc.Villager/]: Villager Villager['村民'/376, l='ServerLevel[新的世界]', x=-10.82, y=-60.00, z=1.18] died, message: '村民掉出了这个世界'
[144月2025 01:14:31.170] [Render thread/INFO] [net.minecraft.world.entity.npc.Villager/]: Villager Villager['村民'/376, l='ClientLevel', x=-10.53, y=-60.00, z=1.47] died, message: '村民死了'
[144月2025 01:14:32.904] [Server thread/INFO] [net.minecraft.world.entity.npc.Villager/]: Villager Villager['村民'/378, l='ServerLevel[新的世界]', x=-13.50, y=-60.00, z=-1.50] died, message: '村民掉出了这个世界'
[144月2025 01:14:32.905] [Server thread/INFO] [net.minecraft.world.entity.npc.Villager/]: Villager Villager['村民'/378, l='ServerLevel[新的世界]', x=-13.50, y=-60.00, z=-1.50] died, message: '村民掉出了这个世界'
[144月2025 01:14:32.920] [Render thread/INFO] [net.minecraft.world.entity.npc.Villager/]: Villager Villager['村民'/378, l='ClientLevel', x=-13.50, y=-60.00, z=-1.50] died, message: '村民死了'
[144月2025 01:14:34.753] [Server thread/INFO] [net.minecraft.world.entity.npc.Villager/]: Villager Villager['村民'/381, l='ServerLevel[新的世界]', x=-11.05, y=-60.00, z=-2.95] died, message: '村民掉出了这个世界'
[144月2025 01:14:34.753] [Server thread/INFO] [net.minecraft.world.entity.npc.Villager/]: Villager Villager['村民'/381, l='ServerLevel[新的世界]', x=-11.05, y=-60.00, z=-2.95] died, message: '村民掉出了这个世界'
[144月2025 01:14:34.768] [Render thread/INFO] [net.minecraft.world.entity.npc.Villager/]: Villager Villager['村民'/381, l='ClientLevel', x=-10.78, y=-60.00, z=-3.22] died, message: '村民死了'
[144月2025 01:14:36.453] [Server thread/INFO] [net.minecraft.world.entity.npc.Villager/]: Villager Villager['村民'/383, l='ServerLevel[新的世界]', x=-8.50, y=-60.00, z=-9.50] died, message: '村民掉出了这个世界'
[144月2025 01:14:36.453] [Server thread/INFO] [net.minecraft.world.entity.npc.Villager/]: Villager Villager['村民'/383, l='ServerLevel[新的世界]', x=-8.50, y=-60.00, z=-9.50] died, message: '村民掉出了这个世界'
[144月2025 01:14:36.469] [Render thread/INFO] [net.minecraft.world.entity.npc.Villager/]: Villager Villager['村民'/383, l='ClientLevel', x=-8.50, y=-60.00, z=-9.50] died, message: '村民死了'
[144月2025 01:14:38.306] [Server thread/INFO] [net.minecraft.world.entity.npc.Villager/]: Villager Villager['村民'/385, l='ServerLevel[新的世界]', x=-8.31, y=-60.00, z=-15.50] died, message: '村民掉出了这个世界'
[144月2025 01:14:38.307] [Server thread/INFO] [net.minecraft.world.entity.npc.Villager/]: Villager Villager['村民'/385, l='ServerLevel[新的世界]', x=-8.31, y=-60.00, z=-15.50] died, message: '村民掉出了这个世界'
[144月2025 01:14:38.320] [Render thread/INFO] [net.minecraft.world.entity.npc.Villager/]: Villager Villager['村民'/385, l='ClientLevel', x=-8.71, y=-60.00, z=-15.50] died, message: '村民死了'
[144月2025 01:14:40.559] [Server thread/INFO] [net.minecraft.server.MinecraftServer/]: [Dev: 召唤了新的凋灵]
[144月2025 01:14:40.569] [Render thread/INFO] [net.minecraft.client.gui.components.ChatComponent/]: [System] [CHAT] 召唤了新的凋灵
[144月2025 01:15:11.756] [Server thread/INFO] [net.minecraft.world.entity.npc.Villager/]: Villager Villager['村民'/432, l='ServerLevel[新的世界]', x=-12.50, y=-60.00, z=5.50] died, message: '村民掉出了这个世界'
[144月2025 01:15:11.756] [Server thread/INFO] [net.minecraft.world.entity.npc.Villager/]: Villager Villager['村民'/432, l='ServerLevel[新的世界]', x=-12.50, y=-60.00, z=5.50] died, message: '村民掉出了这个世界'
[144月2025 01:15:11.770] [Render thread/INFO] [net.minecraft.world.entity.npc.Villager/]: Villager Villager['村民'/432, l='ClientLevel', x=-12.50, y=-60.00, z=5.50] died, message: '村民死了'
[144月2025 01:15:11.956] [Server thread/INFO] [net.minecraft.world.entity.npc.Villager/]: Villager Villager['村民'/432, l='ServerLevel[新的世界]', x=-11.67, y=-58.91, z=6.05] died, message: '村民掉出了这个世界'
[144月2025 01:15:12.005] [Server thread/INFO] [net.minecraft.world.entity.npc.Villager/]: Villager Villager['村民'/432, l='ServerLevel[新的世界]', x=-11.67, y=-58.91, z=6.05] died, message: '村民掉出了这个世界'
[144月2025 01:15:12.107] [Server thread/INFO] [net.minecraft.world.entity.npc.Villager/]: Villager Villager['村民'/432, l='ServerLevel[新的世界]', x=-11.67, y=-58.99, z=6.05] died, message: '村民掉出了这个世界'
[144月2025 01:15:12.156] [Server thread/INFO] [net.minecraft.world.entity.npc.Villager/]: Villager Villager['村民'/432, l='ServerLevel[新的世界]', x=-11.67, y=-58.99, z=6.05] died, message: '村民掉出了这个世界'
[144月2025 01:15:12.205] [Server thread/INFO] [net.minecraft.world.entity.npc.Villager/]: Villager Villager['村民'/432, l='ServerLevel[新的世界]', x=-11.67, y=-58.99, z=6.05] died, message: '村民掉出了这个世界'
[144月2025 01:15:14.255] [Server thread/INFO] [net.minecraft.world.entity.npc.Villager/]: Villager Villager['村民'/434, l='ServerLevel[新的世界]', x=-10.13, y=-60.00, z=7.86] died, message: '村民掉出了这个世界'
[144月2025 01:15:14.256] [Server thread/INFO] [net.minecraft.world.entity.npc.Villager/]: Villager Villager['村民'/434, l='ServerLevel[新的世界]', x=-10.13, y=-60.00, z=7.86] died, message: '村民掉出了这个世界'
[144月2025 01:15:14.270] [Render thread/INFO] [net.minecraft.world.entity.npc.Villager/]: Villager Villager['村民'/434, l='ClientLevel', x=-10.37, y=-60.00, z=7.62] died, message: '村民死了'
[144月2025 01:15:14.405] [Server thread/INFO] [net.minecraft.world.entity.npc.Villager/]: Villager Villager['村民'/434, l='ServerLevel[新的世界]', x=-9.61, y=-59.06, z=8.49] died, message: '村民掉出了这个世界'
[144月2025 01:15:14.557] [Server thread/INFO] [net.minecraft.world.entity.npc.Villager/]: Villager Villager['村民'/434, l='ServerLevel[新的世界]', x=-9.61, y=-59.29, z=8.49] died, message: '村民掉出了这个世界'
[144月2025 01:15:14.605] [Server thread/INFO] [net.minecraft.world.entity.npc.Villager/]: Villager Villager['村民'/434, l='ServerLevel[新的世界]', x=-9.61, y=-59.29, z=8.49] died, message: '村民掉出了这个世界'
[144月2025 01:15:14.755] [Server thread/INFO] [net.minecraft.world.entity.npc.Villager/]: Villager Villager['村民'/434, l='ServerLevel[新的世界]', x=-9.61, y=-59.52, z=8.49] died, message: '村民掉出了这个世界'
[144月2025 01:15:14.906] [Server thread/INFO] [net.minecraft.world.entity.npc.Villager/]: Villager Villager['村民'/434, l='ServerLevel[新的世界]', x=-9.61, y=-59.76, z=8.49] died, message: '村民掉出了这个世界'
[144月2025 01:15:14.955] [Server thread/INFO] [net.minecraft.world.entity.npc.Villager/]: Villager Villager['村民'/434, l='ServerLevel[新的世界]', x=-9.61, y=-59.76, z=8.49] died, message: '村民掉出了这个世界'
[144月2025 01:15:15.007] [Server thread/INFO] [net.minecraft.world.entity.npc.Villager/]: Villager Villager['村民'/434, l='ServerLevel[新的世界]', x=-9.61, y=-59.76, z=8.49] died, message: '村民掉出了这个世界'
[144月2025 01:15:15.155] [Server thread/INFO] [net.minecraft.world.entity.npc.Villager/]: Villager Villager['村民'/434, l='ServerLevel[新的世界]', x=-9.61, y=-59.99, z=8.49] died, message: '村民掉出了这个世界'
[144月2025 01:15:17.106] [Server thread/INFO] [net.minecraft.world.entity.npc.Villager/]: Villager Villager['村民'/436, l='ServerLevel[新的世界]', x=-8.48, y=-60.00, z=8.53] died, message: '村民掉出了这个世界'
[144月2025 01:15:17.107] [Server thread/INFO] [net.minecraft.world.entity.npc.Villager/]: Villager Villager['村民'/436, l='ServerLevel[新的世界]', x=-8.48, y=-60.00, z=8.53] died, message: '村民掉出了这个世界'
[144月2025 01:15:17.121] [Render thread/INFO] [net.minecraft.world.entity.npc.Villager/]: Villager Villager['村民'/436, l='ClientLevel', x=-8.57, y=-59.61, z=8.17] died, message: '村民死了'
[144月2025 01:15:17.205] [Server thread/INFO] [net.minecraft.world.entity.npc.Villager/]: Villager Villager['村民'/436, l='ServerLevel[新的世界]', x=-8.34, y=-59.29, z=9.13] died, message: '村民掉出了这个世界'
[144月2025 01:15:17.406] [Server thread/INFO] [net.minecraft.world.entity.npc.Villager/]: Villager Villager['村民'/436, l='ServerLevel[新的世界]', x=-8.34, y=-59.75, z=9.13] died, message: '村民掉出了这个世界'
[144月2025 01:15:17.856] [Server thread/INFO] [net.minecraft.world.entity.npc.Villager/]: Villager Villager['村民'/436, l='ServerLevel[新的世界]', x=-8.34, y=-60.00, z=9.13] died, message: '村民掉出了这个世界'
[144月2025 01:15:18.006] [Server thread/INFO] [net.minecraft.world.entity.npc.Villager/]: Villager Villager['村民'/436, l='ServerLevel[新的世界]', x=-8.34, y=-60.00, z=9.13] died, message: '村民掉出了这个世界'
[144月2025 01:15:18.058] [Server thread/INFO] [net.minecraft.world.entity.npc.Villager/]: Villager Villager['村民'/436, l='ServerLevel[新的世界]', x=-8.34, y=-60.00, z=9.13] died, message: '村民掉出了这个世界'
[144月2025 01:15:39.225] [Server thread/INFO] [net.minecraft.client.server.IntegratedServer/]: Saving and pausing game...
[144月2025 01:15:39.244] [Server thread/INFO] [net.minecraft.server.MinecraftServer/]: Saving chunks for level 'ServerLevel[新的世界]'/minecraft:overworld
[144月2025 01:15:39.254] [Server thread/INFO] [net.minecraft.server.MinecraftServer/]: Saving chunks for level 'ServerLevel[新的世界]'/minecraft:the_end
[144月2025 01:15:39.257] [Server thread/INFO] [net.minecraft.server.MinecraftServer/]: Saving chunks for level 'ServerLevel[新的世界]'/minecraft:the_nether
[144月2025 01:15:39.262] [Server thread/DEBUG] [net.minecraftforge.common.ForgeHooks/WP]: Gathering id map for writing to world save 新的世界
[144月2025 01:15:39.286] [Server thread/DEBUG] [net.minecraftforge.common.ForgeHooks/WP]: ID Map collection complete 新的世界
