#
# A fatal error has been detected by the Java Runtime Environment:
#
#  EXCEPTION_ACCESS_VIOLATION (0xc0000005) at pc=0x00007fff2be2d5ba, pid=8396, tid=15080
#
# JRE version: Java(TM) SE Runtime Environment (17.0.12+8) (build 17.0.12+8-LTS-286)
# Java VM: Java HotSpot(TM) 64-Bit Server VM (17.0.12+8-LTS-286, mixed mode, sharing, tiered, compressed oops, compressed class ptrs, g1 gc, windows-amd64)
# Problematic frame:
# V  [jvm.dll+0x16d5ba]
#
# No core dump will be written. Minidumps are not enabled by default on client versions of Windows
#
# If you would like to submit a bug report, please visit:
#   https://bugreport.java.com/bugreport/crash.jsp
#

---------------  S U M M A R Y ------------

Command Line: -Dforge.enableGameTest=true -Dforge.enabledGameTestNamespaces=dc_m -Dforge.logging.console.level=debug -Dforge.logging.markers=REGISTRIES -DignoreList=bootstraplauncher,securejarhandler,asm-commons,asm-util,asm-analysis,asm-tree,asm,JarJarFileSystems,client-extra,fmlcore,javafmllanguage,lowcodelanguage,mclanguage,forge- -Djava.net.preferIPv6Addresses=system -DlegacyClassPath.file=D:\JavaWorkspace\DaiChangMod\build\classpath\runClient_minecraftClasspath.txt -DmergeModules=jna-5.10.0.jar,jna-platform-5.10.0.jar -Dmixin.env.refMapRemappingFile=D:\JavaWorkspace\DaiChangMod\build\createSrgToMcp\output.srg -Dmixin.env.remapRefMap=true -Dnet.minecraftforge.gradle.GradleStart.srg.srg-mcp=D:\JavaWorkspace\DaiChangMod\build\createSrgToMcp\output.srg --module-path=C:\Users\diyou\.gradle\caches\modules-2\files-2.1\cpw.mods\bootstraplauncher\1.1.2\c546e00443d8432cda6baa1c860346980742628\bootstraplauncher-1.1.2.jar;C:\Users\diyou\.gradle\caches\modules-2\files-2.1\cpw.mods\securejarhandler\2.1.10\51e6a22c6c716beb11e244bf5b8be480f51dd6b5\securejarhandler-2.1.10.jar;C:\Users\diyou\.gradle\caches\modules-2\files-2.1\org.ow2.asm\asm-commons\9.7.1\406c6a2225cfe1819f102a161e54cc16a5c24f75\asm-commons-9.7.1.jar;C:\Users\diyou\.gradle\caches\modules-2\files-2.1\org.ow2.asm\asm-util\9.7.1\9e23359b598ec6b74b23e53110dd5c577adf2243\asm-util-9.7.1.jar;C:\Users\diyou\.gradle\caches\modules-2\files-2.1\org.ow2.asm\asm-analysis\9.7.1\f97a3b319f0ed6a8cd944dc79060d3912a28985f\asm-analysis-9.7.1.jar;C:\Users\diyou\.gradle\caches\modules-2\files-2.1\org.ow2.asm\asm-tree\9.7.1\3a53139787663b139de76b627fca0084ab60d32c\asm-tree-9.7.1.jar;C:\Users\diyou\.gradle\caches\modules-2\files-2.1\org.ow2.asm\asm\9.7.1\f0ed132a49244b042cd0e15702ab9f2ce3cc8436\asm-9.7.1.jar;C:\Users\diyou\.gradle\caches\modules-2\files-2.1\net.minecraftforge\JarJarFileSystems\0.3.19\2464eb7d6b9ddb9db36a82cf8a95193e5c6fe020\JarJarFileSystems-0.3.19.jar --add-modules=ALL-MODULE-PATH --add-opens=java.base/java.util.jar=cpw.mods.securejarhandler --add-opens=java.base/java.lang.invoke=cpw.mods.securejarhandler --add-exports=java.base/sun.security.util=cpw.mods.securejarhandler --add-exports=jdk.naming.dns/com.sun.jndi.dns=java.naming -XX:HeapDumpPath=MojangTricksIntelDriversForPerformance_javaw.exe_minecraft.exe.heapdump -Dfile.encoding=UTF-8 -Duser.country=CN -Duser.language=zh -Duser.variant cpw.mods.bootstraplauncher.BootstrapLauncher --launchTarget forgeclientuserdev --version MOD_DEV --assetIndex 5 --assetsDir C:\Users\diyou\.gradle\caches\forge_gradle\assets --gameDir . --fml.forgeVersion 47.4.0 --fml.mcVersion 1.20.1 --fml.forgeGroup net.minecraftforge --fml.mcpVersion 20230612.114412 --mixin.config dc_m.mixins.json

Host: Intel(R) Core(TM) i5-8265U CPU @ 1.60GHz, 8 cores, 19G,  Windows 11 , 64 bit Build 26100 (10.0.26100.3775)
Time: Tue Apr 15 11:04:22 2025  Windows 11 , 64 bit Build 26100 (10.0.26100.3775) elapsed time: 77.460197 seconds (0d 0h 1m 17s)

---------------  T H R E A D  ---------------

Current thread (0x00000178caf1e070):  JavaThread "C1 CompilerThread0" daemon [_thread_in_native, id=15080, stack(0x0000001f41700000,0x0000001f41800000)]


Current CompileTask:
C1:  77461 28978 %     3       net.minecraft.client.renderer.LevelRenderer::renderSky @ 419 (1156 bytes)

Stack: [0x0000001f41700000,0x0000001f41800000],  sp=0x0000001f417fe8f0,  free space=1018k
Native frames: (J=compiled Java code, j=interpreted, Vv=VM code, C=native code)
V  [jvm.dll+0x16d5ba]
V  [jvm.dll+0x16376f]
V  [jvm.dll+0x15e16e]
V  [jvm.dll+0x14c490]
V  [jvm.dll+0x1355a7]
V  [jvm.dll+0x134eff]
V  [jvm.dll+0x135148]
V  [jvm.dll+0x1345d1]
V  [jvm.dll+0x1362bd]
V  [jvm.dll+0x22610b]
V  [jvm.dll+0x2242ab]
V  [jvm.dll+0x79075c]
V  [jvm.dll+0x78abea]
V  [jvm.dll+0x678f35]
C  [ucrtbase.dll+0x37b0]
C  [KERNEL32.DLL+0x2e8d7]
C  [ntdll.dll+0xb14fc]


siginfo: EXCEPTION_ACCESS_VIOLATION (0xc0000005), reading address 0x0000000000000000


Registers:
RAX=0x0000000000000000, RBX=0x00007fff2c58d288, RCX=0x0000000000000000, RDX=0x0000000000000000
RSP=0x0000001f417fe8f0, RBP=0x0000000002000000, RSI=0x0000000000000000, RDI=0x00007fff2c58d2a0
R8 =0x0000017910a2b560, R9 =0x0000000000000000, R10=0xffffffffffffffff, R11=0x0000017925969c40
R12=0x0000000000000000, R13=0x0000017910a2b560, R14=0x0000017910a2b510, R15=0x0000001f417feaa0
RIP=0x00007fff2be2d5ba, EFLAGS=0x0000000000010246


Register to memory mapping:

RIP=0x00007fff2be2d5ba jvm.dll
RAX=0x0 is NULL
RBX=0x00007fff2c58d288 jvm.dll
RCX=0x0 is NULL
RDX=0x0 is NULL
RSP=0x0000001f417fe8f0 is pointing into the stack for thread: 0x00000178caf1e070
RBP=33554432 is a compressed pointer to class: 0x00000178cd000000
net.minecraft.stats.ServerRecipeBook {0x00000178cd000008}
 - instance size:     3
 - klass size:        89
 - access:            public synchronized 
 - state:             fully_initialized
 - name:              'net/minecraft/stats/ServerRecipeBook'
 - super:             'net/minecraft/stats/RecipeBook'
 - sub:               
 - arrays:            NULL
 - methods:           Array<T>(0x00000179268e7f50)
 - method ordering:   Array<T>(0x00000178cb8fb090)
 - default_methods:   Array<T>(0x0000000000000000)
 - local interfaces:  Array<T>(0x00000178cb5d1ef0)
 - trans. interfaces: Array<T>(0x00000178cb5d1ef0)
 - constants:         constant pool [324]/operands[14] {0x00000179268e8008} for 'net/minecraft/stats/ServerRecipeBook' cache=0x000001792740f118
 - class loader data:  loader data: 0x0000017912b11f30 for instance a 'cpw/mods/modlauncher/TransformingClassLoader'{0x00000006c511c348}
 - source file:       'ServerRecipeBook.java'
 - class annotations:       Array<T>(0x0000000000000000)
 - class type annotations:  Array<T>(0x0000000000000000)
 - field annotations:       Array<T>(0x0000000000000000)
 - field type annotations:  Array<T>(0x0000000000000000)
 - inner classes:     Array<T>(0x00000179268e95c0)
 - nest members:     Array<T>(0x00000178cb5d1e80)
 - permitted subclasses:     Array<T>(0x00000178cb5d1e80)
 - java mirror:       a 'java/lang/Class'{0x00000006d5a4ef68} = 'net/minecraft/stats/ServerRecipeBook'
 - vtable length      29  (start addr: 0x00000178cd0001c8)
 - itable length      2 (start addr: 0x00000178cd0002b0)
 - ---- static fields (1 words):
 - public static final 'RECIPE_BOOK_TAG' 'Ljava/lang/String;' @112 
 - private static final 'LOGGER' 'Lorg/slf4j/Logger;' @116 
 - ---- non-static fields (3 words):
 - protected final 'known' 'Ljava/util/Set;' @12 
 - protected final 'highlight' 'Ljava/util/Set;' @16 
 - private final 'bookSettings' 'Lnet/minecraft/stats/RecipeBookSettings;' @20 
 - non-static oop maps: 12-20 
RSI=0x0 is NULL
RDI=0x00007fff2c58d2a0 jvm.dll
R8 =0x0000017910a2b560 points into unknown readable memory: 0x00007fff2c58d288 | 88 d2 58 2c ff 7f 00 00
R9 =0x0 is NULL
R10=0xffffffffffffffff is an unknown value
R11={method} {0x0000017925969c48} 'renderSky' '(Lcom/mojang/blaze3d/vertex/PoseStack;Lorg/joml/Matrix4f;FLnet/minecraft/client/Camera;ZLjava/lang/Runnable;)V' in 'net/minecraft/client/renderer/LevelRenderer'
R12=0x0 is NULL
R13=0x0000017910a2b560 points into unknown readable memory: 0x00007fff2c58d288 | 88 d2 58 2c ff 7f 00 00
R14=0x0000017910a2b510 points into unknown readable memory: 0x0000017910a2aa20 | 20 aa a2 10 79 01 00 00
R15=0x0000001f417feaa0 is pointing into the stack for thread: 0x00000178caf1e070


Top of Stack: (sp=0x0000001f417fe8f0)
0x0000001f417fe8f0:   00000000ffffffff 0000001f417feaa0
0x0000001f417fe900:   0000000000000000 00007fff2be29641
0x0000001f417fe910:   0000000000000000 0000000000000000
0x0000001f417fe920:   00000178a5bc2501 00000179137d2080
0x0000001f417fe930:   00000178b49f9290 0000000000000000
0x0000001f417fe940:   0000001f417feab0 0000001f417ff2b0
0x0000001f417fe950:   00000178caf04510 0000017910a2b560
0x0000001f417fe960:   0000017910a2b560 00007fff2be2376f
0x0000001f417fe970:   0000001f417feaa0 0000001f417feab0
0x0000001f417fe980:   0000017910a2b510 0000001f417fea01
0x0000001f417fe990:   00000179000fffff 00007fffffffffff
0x0000001f417fe9a0:   00000178b49f9290 0000000000000000
0x0000001f417fe9b0:   0000000000000000 0000000000000000
0x0000001f417fe9c0:   0000001f417fee30 00007fff2be1e16e
0x0000001f417fe9d0:   0000017910a2b560 0000001f417fee30
0x0000001f417fe9e0:   0000001f417feab0 00000178caf04510 

Instructions: (pc=0x00007fff2be2d5ba)
0x00007fff2be2d4ba:   84 00 00 00 00 00 49 8b 46 38 48 63 cf 48 8b 1c
0x00007fff2be2d4ca:   c8 44 39 63 10 75 27 48 8b 03 48 8b cb ff 50 20
0x00007fff2be2d4da:   48 85 c0 75 19 48 8b 03 48 8b cb ff 50 18 48 85
0x00007fff2be2d4ea:   c0 75 0b 48 8b d3 49 8b cf e8 d8 03 00 00 48 8b
0x00007fff2be2d4fa:   43 18 03 78 08 3b fe 7c bd 49 8b 0e 48 8d 54 24
0x00007fff2be2d50a:   20 41 8b 5e 10 44 8b c3 48 8b 49 18 e8 45 f8 05
0x00007fff2be2d51a:   00 83 fb ff 75 46 49 8b 45 00 49 8b cd ff 90 80
0x00007fff2be2d52a:   01 00 00 48 85 c0 75 12 49 8b 45 00 49 8b cd ff
0x00007fff2be2d53a:   90 68 01 00 00 48 85 c0 74 22 4c 8b 44 24 28 49
0x00007fff2be2d54a:   83 c0 3f 49 c1 e8 06 4d 85 c0 74 10 48 8b 4c 24
0x00007fff2be2d55a:   20 33 d2 49 c1 e0 03 e8 0c a1 6c 00 44 38 64 24
0x00007fff2be2d56a:   30 75 15 49 8b 4f 18 48 8d 15 e0 24 76 00 e8 b3
0x00007fff2be2d57a:   74 fc ff e9 9a 00 00 00 41 8b 6e 18 41 8b f4 85
0x00007fff2be2d58a:   ed 0f 8e 8b 00 00 00 49 8b 46 20 48 63 ce 48 8b
0x00007fff2be2d59a:   1c c8 4c 8d 04 c8 48 85 db 74 68 0f b6 c1 48 8d
0x00007fff2be2d5aa:   7b 18 24 3f 48 c1 e9 06 0f b6 d0 48 8b 44 24 20
0x00007fff2be2d5ba:   48 8b 0c c8 48 0f a3 d1 73 38 48 8b 07 83 78 0c
0x00007fff2be2d5ca:   08 74 2f 44 39 63 10 75 2c 48 8b 03 48 8b cb ff
0x00007fff2be2d5da:   50 20 48 85 c0 75 1e 48 8b 03 48 8b cb ff 50 18
0x00007fff2be2d5ea:   48 85 c0 75 10 48 8b d3 49 8b cf e8 d6 02 00 00
0x00007fff2be2d5fa:   eb 03 4d 89 20 48 8b 07 83 78 0c 08 74 05 8b 40
0x00007fff2be2d60a:   08 eb 05 b8 01 00 00 00 03 f0 3b f5 0f 8c 75 ff
0x00007fff2be2d61a:   ff ff 4d 8b 76 08 4d 85 f6 0f 85 78 fe ff ff 48
0x00007fff2be2d62a:   8b 74 24 50 48 8b ac 24 80 00 00 00 48 8b 9c 24
0x00007fff2be2d63a:   90 00 00 00 0f b6 bc 24 98 00 00 00 b9 30 00 00
0x00007fff2be2d64a:   00 e8 a0 0d fa ff 4c 8b 7c 24 40 48 8b c8 4c 8b
0x00007fff2be2d65a:   74 24 48 48 85 c0 74 2a 40 84 ff 75 04 4d 8b 65
0x00007fff2be2d66a:   50 45 8b 4d 38 4d 8b c4 41 c1 e9 13 48 8b d3 41
0x00007fff2be2d67a:   80 e1 01 48 83 c4 58 41 5d 41 5c 5f 5b e9 74 ae
0x00007fff2be2d68a:   fd ff 49 8b c4 48 83 c4 58 41 5d 41 5c 5f 5b c3
0x00007fff2be2d69a:   cc cc cc cc cc cc 48 89 5c 24 08 48 89 6c 24 10
0x00007fff2be2d6aa:   48 89 74 24 18 48 89 7c 24 20 41 56 48 83 ec 20 


Stack slot to memory mapping:
stack at sp + 0 slots: 0x00000000ffffffff is an unknown value
stack at sp + 1 slots: 0x0000001f417feaa0 is pointing into the stack for thread: 0x00000178caf1e070
stack at sp + 2 slots: 0x0 is NULL
stack at sp + 3 slots: 0x00007fff2be29641 jvm.dll
stack at sp + 4 slots: 0x0 is NULL
stack at sp + 5 slots: 0x0 is NULL
stack at sp + 6 slots: 0x00000178a5bc2501 points into unknown readable memory: 75 6e 2e 67 63 2e 63
stack at sp + 7 slots: 0x00000179137d2080 points into unknown readable memory: 0x00007fff2c58f9c8 | c8 f9 58 2c ff 7f 00 00


---------------  P R O C E S S  ---------------

Threads class SMR info:
_java_thread_list=0x0000017913ac6a40, length=38, elements={
0x00000178a5bc3250, 0x00000178caf00dc0, 0x00000178caf01890, 0x00000178caf190e0,
0x00000178caf1b9c0, 0x00000178caf1c290, 0x00000178caf1cb60, 0x00000178caf1d760,
0x00000178caf1e070, 0x00000178caf1e980, 0x00000179100cfe70, 0x0000017910262350,
0x0000017914a36ea0, 0x0000017915d068a0, 0x0000017915d06db0, 0x0000017915d08c10,
0x0000017915d09630, 0x0000017915d08700, 0x0000017915d05e80, 0x00000179150c9f10,
0x00000179150ca930, 0x00000179150c7690, 0x0000017914a35a60, 0x0000017914a36990,
0x0000017915d026d0, 0x0000017915d09120, 0x000001791160f830, 0x000001791160c590,
0x000001791160caa0, 0x000001791df32f30, 0x000001791df33440, 0x000001791df2fc90,
0x000001791df33950, 0x00000179150c5830, 0x00000179150c4e10, 0x00000179150c5d40,
0x00000179150c39d0, 0x00000179150c6c70
}

Java Threads: ( => current thread )
  0x00000178a5bc3250 JavaThread "Render thread" [_thread_in_native, id=9328, stack(0x0000001f40900000,0x0000001f40a00000)]
  0x00000178caf00dc0 JavaThread "Reference Handler" daemon [_thread_blocked, id=6496, stack(0x0000001f41000000,0x0000001f41100000)]
  0x00000178caf01890 JavaThread "Finalizer" daemon [_thread_blocked, id=6536, stack(0x0000001f41100000,0x0000001f41200000)]
  0x00000178caf190e0 JavaThread "Signal Dispatcher" daemon [_thread_blocked, id=17656, stack(0x0000001f41200000,0x0000001f41300000)]
  0x00000178caf1b9c0 JavaThread "Attach Listener" daemon [_thread_blocked, id=2852, stack(0x0000001f41300000,0x0000001f41400000)]
  0x00000178caf1c290 JavaThread "Service Thread" daemon [_thread_blocked, id=4140, stack(0x0000001f41400000,0x0000001f41500000)]
  0x00000178caf1cb60 JavaThread "Monitor Deflation Thread" daemon [_thread_blocked, id=9388, stack(0x0000001f41500000,0x0000001f41600000)]
  0x00000178caf1d760 JavaThread "C2 CompilerThread0" daemon [_thread_blocked, id=3116, stack(0x0000001f41600000,0x0000001f41700000)]
=>0x00000178caf1e070 JavaThread "C1 CompilerThread0" daemon [_thread_in_native, id=15080, stack(0x0000001f41700000,0x0000001f41800000)]
  0x00000178caf1e980 JavaThread "Sweeper thread" daemon [_thread_blocked, id=16108, stack(0x0000001f41800000,0x0000001f41900000)]
  0x00000179100cfe70 JavaThread "Common-Cleaner" daemon [_thread_blocked, id=5280, stack(0x0000001f41900000,0x0000001f41a00000)]
  0x0000017910262350 JavaThread "Notification Thread" daemon [_thread_blocked, id=15776, stack(0x0000001f41b00000,0x0000001f41c00000)]
  0x0000017914a36ea0 JavaThread "JNA Cleaner" daemon [_thread_blocked, id=1780, stack(0x0000001f42f00000,0x0000001f43000000)]
  0x0000017915d068a0 JavaThread "Timer hack thread" daemon [_thread_blocked, id=18752, stack(0x0000001f43100000,0x0000001f43200000)]
  0x0000017915d06db0 JavaThread "Yggdrasil Key Fetcher" daemon [_thread_blocked, id=9548, stack(0x0000001f43600000,0x0000001f43700000)]
  0x0000017915d08c10 JavaThread "modloading-worker-0" daemon [_thread_blocked, id=7544, stack(0x0000001f42c00000,0x0000001f42d00000)]
  0x0000017915d09630 JavaThread "modloading-worker-0" daemon [_thread_blocked, id=19336, stack(0x0000001f42e00000,0x0000001f42f00000)]
  0x0000017915d08700 JavaThread "modloading-worker-0" daemon [_thread_blocked, id=10924, stack(0x0000001f43800000,0x0000001f43900000)]
  0x0000017915d05e80 JavaThread "modloading-worker-0" daemon [_thread_blocked, id=14352, stack(0x0000001f43900000,0x0000001f43a00000)]
  0x00000179150c9f10 JavaThread "Worker-Main-1" daemon [_thread_blocked, id=18768, stack(0x0000001f43d00000,0x0000001f43e00000)]
  0x00000179150ca930 JavaThread "Thread-3" daemon [_thread_blocked, id=18948, stack(0x0000001f43e00000,0x0000001f43f00000)]
  0x00000179150c7690 JavaThread "FileSystemWatchService" daemon [_thread_in_native, id=19656, stack(0x0000001f43f00000,0x0000001f44000000)]
  0x0000017914a35a60 JavaThread "Worker-Main-2" daemon [_thread_blocked, id=5516, stack(0x0000001f44000000,0x0000001f44100000)]
  0x0000017914a36990 JavaThread "Worker-Main-3" daemon [_thread_blocked, id=7912, stack(0x0000001f44100000,0x0000001f44200000)]
  0x0000017915d026d0 JavaThread "Worker-Main-4" daemon [_thread_blocked, id=8340, stack(0x0000001f44200000,0x0000001f44300000)]
  0x0000017915d09120 JavaThread "Worker-Main-5" daemon [_thread_blocked, id=8308, stack(0x0000001f44300000,0x0000001f44400000)]
  0x000001791160f830 JavaThread "Worker-Main-6" daemon [_thread_blocked, id=6248, stack(0x0000001f44400000,0x0000001f44500000)]
  0x000001791160c590 JavaThread "Worker-Main-7" daemon [_thread_blocked, id=18308, stack(0x0000001f44500000,0x0000001f44600000)]
  0x000001791160caa0 JavaThread "IO-Worker-8" [_thread_blocked, id=1520, stack(0x0000001f44800000,0x0000001f44900000)]
  0x000001791df32f30 JavaThread "Server thread" [_thread_blocked, id=20372, stack(0x0000001f43c00000,0x0000001f43d00000)]
  0x000001791df33440 JavaThread "FileSystemWatchService" daemon [_thread_in_native, id=9192, stack(0x0000001f44700000,0x0000001f44800000)]
  0x000001791df2fc90 JavaThread "IO-Worker-9" [_thread_blocked, id=20080, stack(0x0000001f44900000,0x0000001f44a00000)]
  0x000001791df33950 JavaThread "IO-Worker-10" [_thread_blocked, id=17716, stack(0x0000001f44a00000,0x0000001f44b00000)]
  0x00000179150c5830 JavaThread "Java2D Disposer" daemon [_thread_blocked, id=6296, stack(0x0000001f44e00000,0x0000001f44f00000)]
  0x00000179150c4e10 JavaThread "Netty Server IO #0" daemon [_thread_in_native, id=13464, stack(0x0000001f44f00000,0x0000001f45000000)]
  0x00000179150c5d40 JavaThread "Netty Local Client IO #0" daemon [_thread_blocked, id=14156, stack(0x0000001f45000000,0x0000001f45100000)]
  0x00000179150c39d0 JavaThread "Netty Server IO #1" daemon [_thread_in_native, id=15268, stack(0x0000001f45100000,0x0000001f45200000)]
  0x00000179150c6c70 JavaThread "Sound engine" daemon [_thread_blocked, id=15048, stack(0x0000001f45200000,0x0000001f45300000)]

Other Threads:
  0x00000178caefb020 VMThread "VM Thread" [stack: 0x0000001f40f00000,0x0000001f41000000] [id=3868]
  0x00000178a5c50df0 WatcherThread [stack: 0x0000001f41c00000,0x0000001f41d00000] [id=9816]
  0x00000178a5c3dbb0 GCTaskThread "GC Thread#0" [stack: 0x0000001f40a00000,0x0000001f40b00000] [id=6928]
  0x00000179104ce810 GCTaskThread "GC Thread#1" [stack: 0x0000001f41d00000,0x0000001f41e00000] [id=15216]
  0x00000179104d00d0 GCTaskThread "GC Thread#2" [stack: 0x0000001f41e00000,0x0000001f41f00000] [id=12060]
  0x00000179104d0390 GCTaskThread "GC Thread#3" [stack: 0x0000001f41f00000,0x0000001f42000000] [id=8488]
  0x00000179104cf890 GCTaskThread "GC Thread#4" [stack: 0x0000001f42000000,0x0000001f42100000] [id=18436]
  0x00000179104cfb50 GCTaskThread "GC Thread#5" [stack: 0x0000001f42100000,0x0000001f42200000] [id=18920]
  0x00000179104cf050 GCTaskThread "GC Thread#6" [stack: 0x0000001f42200000,0x0000001f42300000] [id=8572]
  0x00000179104cf5d0 GCTaskThread "GC Thread#7" [stack: 0x0000001f42400000,0x0000001f42500000] [id=8728]
  0x00000178a5c48920 ConcurrentGCThread "G1 Main Marker" [stack: 0x0000001f40b00000,0x0000001f40c00000] [id=12416]
  0x00000178a5c49240 ConcurrentGCThread "G1 Conc#0" [stack: 0x0000001f40c00000,0x0000001f40d00000] [id=14960]
  0x0000017912c58280 ConcurrentGCThread "G1 Conc#1" [stack: 0x0000001f42d00000,0x0000001f42e00000] [id=11528]
  0x00000178cadb28c0 ConcurrentGCThread "G1 Refine#0" [stack: 0x0000001f40d00000,0x0000001f40e00000] [id=10088]
  0x00000179166a0c80 ConcurrentGCThread "G1 Refine#1" [stack: 0x0000001f43200000,0x0000001f43300000] [id=19272]
  0x000001791ddb1c20 ConcurrentGCThread "G1 Refine#2" [stack: 0x0000001f43300000,0x0000001f43400000] [id=15564]
  0x00000179112f7150 ConcurrentGCThread "G1 Refine#3" [stack: 0x0000001f43400000,0x0000001f43500000] [id=10912]
  0x000001791663ebd0 ConcurrentGCThread "G1 Refine#4" [stack: 0x0000001f43500000,0x0000001f43600000] [id=5552]
  0x000001791ddb1350 ConcurrentGCThread "G1 Refine#5" [stack: 0x0000001f43a00000,0x0000001f43b00000] [id=7704]
  0x000001791ddb1640 ConcurrentGCThread "G1 Refine#6" [stack: 0x0000001f44c00000,0x0000001f44d00000] [id=9108]
  0x000001791e51e360 ConcurrentGCThread "G1 Refine#7" [stack: 0x0000001f44d00000,0x0000001f44e00000] [id=6308]
  0x00000178cadb40b0 ConcurrentGCThread "G1 Service" [stack: 0x0000001f40e00000,0x0000001f40f00000] [id=15264]

Threads with active compile tasks:
C1 CompilerThread0    77524 28978 %     3       net.minecraft.client.renderer.LevelRenderer::renderSky @ 419 (1156 bytes)

VM state: not at safepoint (normal execution)

VM Mutex/Monitor currently owned by a thread: None

Heap address: 0x00000006c1c00000, size: 5092 MB, Compressed Oops mode: Zero based, Oop shift amount: 3

CDS archive(s) mapped at: [0x00000178cb000000-0x00000178cbbd0000-0x00000178cbbd0000), size 12386304, SharedBaseAddress: 0x00000178cb000000, ArchiveRelocationMode: 1.
Compressed class space mapped at: 0x00000178cc000000-0x000001790c000000, reserved size: 1073741824
Narrow klass base: 0x00000178cb000000, Narrow klass shift: 0, Narrow klass range: 0x100000000

GC Precious Log:
 CPUs: 8 total, 8 available
 Memory: 20360M
 Large Page Support: Disabled
 NUMA Support: Disabled
 Compressed Oops: Enabled (Zero based)
 Heap Region Size: 4M
 Heap Min Capacity: 8M
 Heap Initial Capacity: 320M
 Heap Max Capacity: 5092M
 Pre-touch: Disabled
 Parallel Workers: 8
 Concurrent Workers: 2
 Concurrent Refinement Workers: 8
 Periodic GC: Disabled

Heap:
 garbage-first heap   total 1318912K, used 1004978K [0x00000006c1c00000, 0x0000000800000000)
  region size 4096K, 48 young (196608K), 2 survivors (8192K)
 Metaspace       used 125496K, committed 127360K, reserved 1179648K
  class space    used 17993K, committed 18816K, reserved 1048576K

Heap Regions: E=young(eden), S=young(survivor), O=old, HS=humongous(starts), HC=humongous(continues), CS=collection set, F=free, OA=open archive, CA=closed archive, TAMS=top-at-mark-start (previous, next)
|   0|0x00000006c1c00000, 0x00000006c2000000, 0x00000006c2000000|100%| O|  |TAMS 0x00000006c2000000, 0x00000006c1c00000| Untracked 
|   1|0x00000006c2000000, 0x00000006c2400000, 0x00000006c2400000|100%| O|  |TAMS 0x00000006c2400000, 0x00000006c2000000| Untracked 
|   2|0x00000006c2400000, 0x00000006c2800000, 0x00000006c2800000|100%| O|  |TAMS 0x00000006c2800000, 0x00000006c2400000| Untracked 
|   3|0x00000006c2800000, 0x00000006c2c00000, 0x00000006c2c00000|100%| O|  |TAMS 0x00000006c2c00000, 0x00000006c2800000| Untracked 
|   4|0x00000006c2c00000, 0x00000006c3000000, 0x00000006c3000000|100%| O|  |TAMS 0x00000006c3000000, 0x00000006c2c00000| Untracked 
|   5|0x00000006c3000000, 0x00000006c3400000, 0x00000006c3400000|100%| O|  |TAMS 0x00000006c3400000, 0x00000006c3000000| Untracked 
|   6|0x00000006c3400000, 0x00000006c3800000, 0x00000006c3800000|100%| O|  |TAMS 0x00000006c3800000, 0x00000006c3400000| Untracked 
|   7|0x00000006c3800000, 0x00000006c3c00000, 0x00000006c3c00000|100%| O|  |TAMS 0x00000006c3c00000, 0x00000006c3800000| Untracked 
|   8|0x00000006c3c00000, 0x00000006c4000000, 0x00000006c4000000|100%| O|  |TAMS 0x00000006c4000000, 0x00000006c3c00000| Untracked 
|   9|0x00000006c4000000, 0x00000006c4400000, 0x00000006c4400000|100%| O|  |TAMS 0x00000006c4400000, 0x00000006c4000000| Untracked 
|  10|0x00000006c4400000, 0x00000006c4800000, 0x00000006c4800000|100%| O|  |TAMS 0x00000006c4800000, 0x00000006c4400000| Untracked 
|  11|0x00000006c4800000, 0x00000006c4c00000, 0x00000006c4c00000|100%| O|  |TAMS 0x00000006c4c00000, 0x00000006c4800000| Untracked 
|  12|0x00000006c4c00000, 0x00000006c5000000, 0x00000006c5000000|100%| O|  |TAMS 0x00000006c5000000, 0x00000006c4c00000| Untracked 
|  13|0x00000006c5000000, 0x00000006c5400000, 0x00000006c5400000|100%| O|  |TAMS 0x00000006c5400000, 0x00000006c5000000| Untracked 
|  14|0x00000006c5400000, 0x00000006c5800000, 0x00000006c5800000|100%| O|  |TAMS 0x00000006c5800000, 0x00000006c5400000| Untracked 
|  15|0x00000006c5800000, 0x00000006c5c00000, 0x00000006c5c00000|100%| O|  |TAMS 0x00000006c5c00000, 0x00000006c5800000| Untracked 
|  16|0x00000006c5c00000, 0x00000006c6000000, 0x00000006c6000000|100%| O|  |TAMS 0x00000006c6000000, 0x00000006c5c00000| Untracked 
|  17|0x00000006c6000000, 0x00000006c6400000, 0x00000006c6400000|100%| O|  |TAMS 0x00000006c6400000, 0x00000006c6000000| Untracked 
|  18|0x00000006c6400000, 0x00000006c6800000, 0x00000006c6800000|100%|HS|  |TAMS 0x00000006c6800000, 0x00000006c6400000| Complete 
|  19|0x00000006c6800000, 0x00000006c6c00000, 0x00000006c6c00000|100%|HC|  |TAMS 0x00000006c6c00000, 0x00000006c6800000| Complete 
|  20|0x00000006c6c00000, 0x00000006c7000000, 0x00000006c7000000|100%|HC|  |TAMS 0x00000006c7000000, 0x00000006c6c00000| Complete 
|  21|0x00000006c7000000, 0x00000006c7400000, 0x00000006c7400000|100%| O|  |TAMS 0x00000006c7400000, 0x00000006c7000000| Untracked 
|  22|0x00000006c7400000, 0x00000006c7800000, 0x00000006c7800000|100%| O|  |TAMS 0x00000006c7800000, 0x00000006c7400000| Untracked 
|  23|0x00000006c7800000, 0x00000006c7c00000, 0x00000006c7c00000|100%| O|  |TAMS 0x00000006c7c00000, 0x00000006c7800000| Untracked 
|  24|0x00000006c7c00000, 0x00000006c8000000, 0x00000006c8000000|100%| O|  |TAMS 0x00000006c8000000, 0x00000006c7c00000| Untracked 
|  25|0x00000006c8000000, 0x00000006c8400000, 0x00000006c8400000|100%| O|  |TAMS 0x00000006c8400000, 0x00000006c8000000| Untracked 
|  26|0x00000006c8400000, 0x00000006c8800000, 0x00000006c8800000|100%| O|  |TAMS 0x00000006c8800000, 0x00000006c8400000| Untracked 
|  27|0x00000006c8800000, 0x00000006c8c00000, 0x00000006c8c00000|100%| O|  |TAMS 0x00000006c8c00000, 0x00000006c8800000| Untracked 
|  28|0x00000006c8c00000, 0x00000006c9000000, 0x00000006c9000000|100%| O|  |TAMS 0x00000006c9000000, 0x00000006c8c00000| Untracked 
|  29|0x00000006c9000000, 0x00000006c9400000, 0x00000006c9400000|100%| O|  |TAMS 0x00000006c9400000, 0x00000006c9000000| Untracked 
|  30|0x00000006c9400000, 0x00000006c9800000, 0x00000006c9800000|100%| O|  |TAMS 0x00000006c9800000, 0x00000006c9400000| Untracked 
|  31|0x00000006c9800000, 0x00000006c9c00000, 0x00000006c9c00000|100%| O|  |TAMS 0x00000006c9c00000, 0x00000006c9800000| Untracked 
|  32|0x00000006c9c00000, 0x00000006ca000000, 0x00000006ca000000|100%| O|  |TAMS 0x00000006ca000000, 0x00000006c9c00000| Untracked 
|  33|0x00000006ca000000, 0x00000006ca400000, 0x00000006ca400000|100%| O|  |TAMS 0x00000006ca400000, 0x00000006ca000000| Untracked 
|  34|0x00000006ca400000, 0x00000006ca800000, 0x00000006ca800000|100%| O|  |TAMS 0x00000006ca800000, 0x00000006ca400000| Untracked 
|  35|0x00000006ca800000, 0x00000006cac00000, 0x00000006cac00000|100%| O|  |TAMS 0x00000006cac00000, 0x00000006ca800000| Untracked 
|  36|0x00000006cac00000, 0x00000006cb000000, 0x00000006cb000000|100%| O|  |TAMS 0x00000006cb000000, 0x00000006cac00000| Untracked 
|  37|0x00000006cb000000, 0x00000006cb400000, 0x00000006cb400000|100%| O|  |TAMS 0x00000006cb400000, 0x00000006cb000000| Untracked 
|  38|0x00000006cb400000, 0x00000006cb800000, 0x00000006cb800000|100%| O|  |TAMS 0x00000006cb800000, 0x00000006cb400000| Untracked 
|  39|0x00000006cb800000, 0x00000006cbc00000, 0x00000006cbc00000|100%| O|  |TAMS 0x00000006cbc00000, 0x00000006cb800000| Untracked 
|  40|0x00000006cbc00000, 0x00000006cc000000, 0x00000006cc000000|100%| O|  |TAMS 0x00000006cc000000, 0x00000006cbc00000| Untracked 
|  41|0x00000006cc000000, 0x00000006cc400000, 0x00000006cc400000|100%| O|  |TAMS 0x00000006cc400000, 0x00000006cc000000| Untracked 
|  42|0x00000006cc400000, 0x00000006cc800000, 0x00000006cc800000|100%| O|  |TAMS 0x00000006cc800000, 0x00000006cc400000| Untracked 
|  43|0x00000006cc800000, 0x00000006ccc00000, 0x00000006ccc00000|100%| O|  |TAMS 0x00000006ccc00000, 0x00000006cc800000| Untracked 
|  44|0x00000006ccc00000, 0x00000006cd000000, 0x00000006cd000000|100%| O|  |TAMS 0x00000006cd000000, 0x00000006ccc00000| Untracked 
|  45|0x00000006cd000000, 0x00000006cd400000, 0x00000006cd400000|100%| O|  |TAMS 0x00000006cd400000, 0x00000006cd000000| Untracked 
|  46|0x00000006cd400000, 0x00000006cd800000, 0x00000006cd800000|100%| O|  |TAMS 0x00000006cd800000, 0x00000006cd400000| Untracked 
|  47|0x00000006cd800000, 0x00000006cdc00000, 0x00000006cdc00000|100%| O|  |TAMS 0x00000006cdc00000, 0x00000006cd800000| Untracked 
|  48|0x00000006cdc00000, 0x00000006ce000000, 0x00000006ce000000|100%| O|  |TAMS 0x00000006ce000000, 0x00000006cdc00000| Untracked 
|  49|0x00000006ce000000, 0x00000006ce400000, 0x00000006ce400000|100%| O|  |TAMS 0x00000006ce400000, 0x00000006ce000000| Untracked 
|  50|0x00000006ce400000, 0x00000006ce800000, 0x00000006ce800000|100%| O|  |TAMS 0x00000006ce800000, 0x00000006ce400000| Untracked 
|  51|0x00000006ce800000, 0x00000006cec00000, 0x00000006cec00000|100%| O|  |TAMS 0x00000006cec00000, 0x00000006ce800000| Untracked 
|  52|0x00000006cec00000, 0x00000006cf000000, 0x00000006cf000000|100%| O|  |TAMS 0x00000006cf000000, 0x00000006cec00000| Untracked 
|  53|0x00000006cf000000, 0x00000006cf400000, 0x00000006cf400000|100%| O|  |TAMS 0x00000006cf400000, 0x00000006cf000000| Untracked 
|  54|0x00000006cf400000, 0x00000006cf800000, 0x00000006cf800000|100%| O|  |TAMS 0x00000006cf800000, 0x00000006cf400000| Untracked 
|  55|0x00000006cf800000, 0x00000006cfc00000, 0x00000006cfc00000|100%| O|  |TAMS 0x00000006cfc00000, 0x00000006cf800000| Untracked 
|  56|0x00000006cfc00000, 0x00000006d0000000, 0x00000006d0000000|100%| O|  |TAMS 0x00000006d0000000, 0x00000006cfc00000| Untracked 
|  57|0x00000006d0000000, 0x00000006d0400000, 0x00000006d0400000|100%| O|  |TAMS 0x00000006d0400000, 0x00000006d0000000| Untracked 
|  58|0x00000006d0400000, 0x00000006d0800000, 0x00000006d0800000|100%| O|  |TAMS 0x00000006d0800000, 0x00000006d0400000| Untracked 
|  59|0x00000006d0800000, 0x00000006d0c00000, 0x00000006d0c00000|100%| O|  |TAMS 0x00000006d0c00000, 0x00000006d0800000| Untracked 
|  60|0x00000006d0c00000, 0x00000006d1000000, 0x00000006d1000000|100%| O|  |TAMS 0x00000006d1000000, 0x00000006d0c00000| Untracked 
|  61|0x00000006d1000000, 0x00000006d1400000, 0x00000006d1400000|100%| O|  |TAMS 0x00000006d1400000, 0x00000006d1000000| Untracked 
|  62|0x00000006d1400000, 0x00000006d1800000, 0x00000006d1800000|100%| O|  |TAMS 0x00000006d1800000, 0x00000006d1400000| Untracked 
|  63|0x00000006d1800000, 0x00000006d1c00000, 0x00000006d1c00000|100%| O|  |TAMS 0x00000006d1c00000, 0x00000006d1800000| Untracked 
|  64|0x00000006d1c00000, 0x00000006d2000000, 0x00000006d2000000|100%| O|  |TAMS 0x00000006d2000000, 0x00000006d1c00000| Untracked 
|  65|0x00000006d2000000, 0x00000006d2400000, 0x00000006d2400000|100%| O|  |TAMS 0x00000006d2400000, 0x00000006d2000000| Untracked 
|  66|0x00000006d2400000, 0x00000006d2800000, 0x00000006d2800000|100%| O|  |TAMS 0x00000006d2800000, 0x00000006d2400000| Untracked 
|  67|0x00000006d2800000, 0x00000006d2c00000, 0x00000006d2c00000|100%| O|  |TAMS 0x00000006d2c00000, 0x00000006d2800000| Untracked 
|  68|0x00000006d2c00000, 0x00000006d3000000, 0x00000006d3000000|100%| O|  |TAMS 0x00000006d3000000, 0x00000006d2c00000| Untracked 
|  69|0x00000006d3000000, 0x00000006d3400000, 0x00000006d3400000|100%| O|  |TAMS 0x00000006d3400000, 0x00000006d3000000| Untracked 
|  70|0x00000006d3400000, 0x00000006d3800000, 0x00000006d3800000|100%| O|  |TAMS 0x00000006d3800000, 0x00000006d3400000| Untracked 
|  71|0x00000006d3800000, 0x00000006d3c00000, 0x00000006d3c00000|100%| O|  |TAMS 0x00000006d3800000, 0x00000006d3800000| Untracked 
|  72|0x00000006d3c00000, 0x00000006d4000000, 0x00000006d4000000|100%| O|  |TAMS 0x00000006d4000000, 0x00000006d3c00000| Untracked 
|  73|0x00000006d4000000, 0x00000006d4400000, 0x00000006d4400000|100%| O|  |TAMS 0x00000006d4400000, 0x00000006d4000000| Untracked 
|  74|0x00000006d4400000, 0x00000006d4800000, 0x00000006d4800000|100%| O|  |TAMS 0x00000006d4800000, 0x00000006d4400000| Untracked 
|  75|0x00000006d4800000, 0x00000006d4c00000, 0x00000006d4c00000|100%| O|  |TAMS 0x00000006d4c00000, 0x00000006d4800000| Untracked 
|  76|0x00000006d4c00000, 0x00000006d5000000, 0x00000006d5000000|100%| O|  |TAMS 0x00000006d5000000, 0x00000006d4c00000| Untracked 
|  77|0x00000006d5000000, 0x00000006d5400000, 0x00000006d5400000|100%| O|  |TAMS 0x00000006d5000000, 0x00000006d5000000| Untracked 
|  78|0x00000006d5400000, 0x00000006d5800000, 0x00000006d5800000|100%| O|  |TAMS 0x00000006d5400000, 0x00000006d5400000| Untracked 
|  79|0x00000006d5800000, 0x00000006d5c00000, 0x00000006d5c00000|100%| O|  |TAMS 0x00000006d5c00000, 0x00000006d5800000| Untracked 
|  80|0x00000006d5c00000, 0x00000006d6000000, 0x00000006d6000000|100%| O|  |TAMS 0x00000006d5fed400, 0x00000006d5c00000| Untracked 
|  81|0x00000006d6000000, 0x00000006d6400000, 0x00000006d6400000|100%| O|  |TAMS 0x00000006d6000000, 0x00000006d6000000| Untracked 
|  82|0x00000006d6400000, 0x00000006d6800000, 0x00000006d6800000|100%| O|  |TAMS 0x00000006d6400000, 0x00000006d6400000| Untracked 
|  83|0x00000006d6800000, 0x00000006d6c00000, 0x00000006d6c00000|100%| O|  |TAMS 0x00000006d6800000, 0x00000006d6800000| Untracked 
|  84|0x00000006d6c00000, 0x00000006d7000000, 0x00000006d7000000|100%| O|  |TAMS 0x00000006d6c00000, 0x00000006d6c00000| Untracked 
|  85|0x00000006d7000000, 0x00000006d7400000, 0x00000006d7400000|100%| O|  |TAMS 0x00000006d7000000, 0x00000006d7000000| Untracked 
|  86|0x00000006d7400000, 0x00000006d7800000, 0x00000006d7800000|100%| O|  |TAMS 0x00000006d7400000, 0x00000006d7400000| Untracked 
|  87|0x00000006d7800000, 0x00000006d7c00000, 0x00000006d7c00000|100%| O|  |TAMS 0x00000006d7800000, 0x00000006d7800000| Untracked 
|  88|0x00000006d7c00000, 0x00000006d8000000, 0x00000006d8000000|100%| O|  |TAMS 0x00000006d7c00000, 0x00000006d7c00000| Untracked 
|  89|0x00000006d8000000, 0x00000006d8400000, 0x00000006d8400000|100%| O|  |TAMS 0x00000006d8000000, 0x00000006d8000000| Untracked 
|  90|0x00000006d8400000, 0x00000006d8800000, 0x00000006d8800000|100%| O|  |TAMS 0x00000006d8400000, 0x00000006d8400000| Untracked 
|  91|0x00000006d8800000, 0x00000006d8c00000, 0x00000006d8c00000|100%| O|  |TAMS 0x00000006d8800000, 0x00000006d8800000| Untracked 
|  92|0x00000006d8c00000, 0x00000006d9000000, 0x00000006d9000000|100%| O|  |TAMS 0x00000006d8c00000, 0x00000006d8c00000| Untracked 
|  93|0x00000006d9000000, 0x00000006d9400000, 0x00000006d9400000|100%| O|  |TAMS 0x00000006d9000000, 0x00000006d9000000| Untracked 
|  94|0x00000006d9400000, 0x00000006d9800000, 0x00000006d9800000|100%| O|  |TAMS 0x00000006d9400000, 0x00000006d9400000| Untracked 
|  95|0x00000006d9800000, 0x00000006d9c00000, 0x00000006d9c00000|100%| O|  |TAMS 0x00000006d9800000, 0x00000006d9800000| Untracked 
|  96|0x00000006d9c00000, 0x00000006da000000, 0x00000006da000000|100%| O|  |TAMS 0x00000006d9c00000, 0x00000006d9c00000| Untracked 
|  97|0x00000006da000000, 0x00000006da400000, 0x00000006da400000|100%| O|  |TAMS 0x00000006da000000, 0x00000006da000000| Untracked 
|  98|0x00000006da400000, 0x00000006da800000, 0x00000006da800000|100%| O|  |TAMS 0x00000006da400000, 0x00000006da400000| Untracked 
|  99|0x00000006da800000, 0x00000006dac00000, 0x00000006dac00000|100%| O|  |TAMS 0x00000006da800000, 0x00000006da800000| Untracked 
| 100|0x00000006dac00000, 0x00000006db000000, 0x00000006db000000|100%| O|  |TAMS 0x00000006dac00000, 0x00000006dac00000| Untracked 
| 101|0x00000006db000000, 0x00000006db400000, 0x00000006db400000|100%| O|  |TAMS 0x00000006db000000, 0x00000006db000000| Untracked 
| 102|0x00000006db400000, 0x00000006db800000, 0x00000006db800000|100%| O|  |TAMS 0x00000006db400000, 0x00000006db400000| Untracked 
| 103|0x00000006db800000, 0x00000006dbc00000, 0x00000006dbc00000|100%| O|  |TAMS 0x00000006db800000, 0x00000006db800000| Untracked 
| 104|0x00000006dbc00000, 0x00000006dc000000, 0x00000006dc000000|100%| O|  |TAMS 0x00000006dbc00000, 0x00000006dbc00000| Untracked 
| 105|0x00000006dc000000, 0x00000006dc400000, 0x00000006dc400000|100%| O|  |TAMS 0x00000006dc000000, 0x00000006dc000000| Untracked 
| 106|0x00000006dc400000, 0x00000006dc800000, 0x00000006dc800000|100%| O|  |TAMS 0x00000006dc400000, 0x00000006dc400000| Untracked 
| 107|0x00000006dc800000, 0x00000006dcc00000, 0x00000006dcc00000|100%| O|  |TAMS 0x00000006dc800000, 0x00000006dc800000| Untracked 
| 108|0x00000006dcc00000, 0x00000006dd000000, 0x00000006dd000000|100%| O|  |TAMS 0x00000006dcc00000, 0x00000006dcc00000| Untracked 
| 109|0x00000006dd000000, 0x00000006dd400000, 0x00000006dd400000|100%| O|  |TAMS 0x00000006dd000000, 0x00000006dd000000| Untracked 
| 110|0x00000006dd400000, 0x00000006dd800000, 0x00000006dd800000|100%| O|  |TAMS 0x00000006dd400000, 0x00000006dd400000| Untracked 
| 111|0x00000006dd800000, 0x00000006ddc00000, 0x00000006ddc00000|100%| O|  |TAMS 0x00000006dd800000, 0x00000006dd800000| Untracked 
| 112|0x00000006ddc00000, 0x00000006de000000, 0x00000006de000000|100%| O|  |TAMS 0x00000006ddc00000, 0x00000006ddc00000| Untracked 
| 113|0x00000006de000000, 0x00000006de400000, 0x00000006de400000|100%| O|  |TAMS 0x00000006de000000, 0x00000006de000000| Untracked 
| 114|0x00000006de400000, 0x00000006de800000, 0x00000006de800000|100%| O|  |TAMS 0x00000006de400000, 0x00000006de400000| Untracked 
| 115|0x00000006de800000, 0x00000006dec00000, 0x00000006dec00000|100%| O|  |TAMS 0x00000006de800000, 0x00000006de800000| Untracked 
| 116|0x00000006dec00000, 0x00000006df000000, 0x00000006df000000|100%| O|  |TAMS 0x00000006dec00000, 0x00000006dec00000| Untracked 
| 117|0x00000006df000000, 0x00000006df400000, 0x00000006df400000|100%| O|  |TAMS 0x00000006df000000, 0x00000006df000000| Untracked 
| 118|0x00000006df400000, 0x00000006df800000, 0x00000006df800000|100%| O|  |TAMS 0x00000006df400000, 0x00000006df400000| Untracked 
| 119|0x00000006df800000, 0x00000006dfc00000, 0x00000006dfc00000|100%| O|  |TAMS 0x00000006df800000, 0x00000006df800000| Untracked 
| 120|0x00000006dfc00000, 0x00000006e0000000, 0x00000006e0000000|100%| O|  |TAMS 0x00000006dfc00000, 0x00000006dfc00000| Untracked 
| 121|0x00000006e0000000, 0x00000006e0400000, 0x00000006e0400000|100%| O|  |TAMS 0x00000006e0000000, 0x00000006e0000000| Untracked 
| 122|0x00000006e0400000, 0x00000006e0800000, 0x00000006e0800000|100%| O|  |TAMS 0x00000006e0400000, 0x00000006e0400000| Untracked 
| 123|0x00000006e0800000, 0x00000006e0c00000, 0x00000006e0c00000|100%| O|  |TAMS 0x00000006e0800000, 0x00000006e0800000| Untracked 
| 124|0x00000006e0c00000, 0x00000006e1000000, 0x00000006e1000000|100%| O|  |TAMS 0x00000006e0c00000, 0x00000006e0c00000| Untracked 
| 125|0x00000006e1000000, 0x00000006e1400000, 0x00000006e1400000|100%| O|  |TAMS 0x00000006e1000000, 0x00000006e1000000| Untracked 
| 126|0x00000006e1400000, 0x00000006e1800000, 0x00000006e1800000|100%| O|  |TAMS 0x00000006e1400000, 0x00000006e1400000| Untracked 
| 127|0x00000006e1800000, 0x00000006e1c00000, 0x00000006e1c00000|100%| O|  |TAMS 0x00000006e1800000, 0x00000006e1800000| Untracked 
| 128|0x00000006e1c00000, 0x00000006e2000000, 0x00000006e2000000|100%| O|  |TAMS 0x00000006e1c00000, 0x00000006e1c00000| Untracked 
| 129|0x00000006e2000000, 0x00000006e2400000, 0x00000006e2400000|100%| O|  |TAMS 0x00000006e2000000, 0x00000006e2000000| Untracked 
| 130|0x00000006e2400000, 0x00000006e2800000, 0x00000006e2800000|100%| O|  |TAMS 0x00000006e2400000, 0x00000006e2400000| Untracked 
| 131|0x00000006e2800000, 0x00000006e2c00000, 0x00000006e2c00000|100%| O|  |TAMS 0x00000006e2800000, 0x00000006e2800000| Untracked 
| 132|0x00000006e2c00000, 0x00000006e3000000, 0x00000006e3000000|100%| O|  |TAMS 0x00000006e2c00000, 0x00000006e2c00000| Untracked 
| 133|0x00000006e3000000, 0x00000006e3400000, 0x00000006e3400000|100%| O|  |TAMS 0x00000006e3000000, 0x00000006e3000000| Untracked 
| 134|0x00000006e3400000, 0x00000006e3800000, 0x00000006e3800000|100%| O|  |TAMS 0x00000006e3400000, 0x00000006e3400000| Untracked 
| 135|0x00000006e3800000, 0x00000006e3c00000, 0x00000006e3c00000|100%| O|  |TAMS 0x00000006e3800000, 0x00000006e3800000| Untracked 
| 136|0x00000006e3c00000, 0x00000006e4000000, 0x00000006e4000000|100%| O|  |TAMS 0x00000006e3c00000, 0x00000006e3c00000| Untracked 
| 137|0x00000006e4000000, 0x00000006e4400000, 0x00000006e4400000|100%| O|  |TAMS 0x00000006e4000000, 0x00000006e4000000| Untracked 
| 138|0x00000006e4400000, 0x00000006e4800000, 0x00000006e4800000|100%| O|  |TAMS 0x00000006e4400000, 0x00000006e4400000| Untracked 
| 139|0x00000006e4800000, 0x00000006e4c00000, 0x00000006e4c00000|100%| O|  |TAMS 0x00000006e4800000, 0x00000006e4800000| Untracked 
| 140|0x00000006e4c00000, 0x00000006e5000000, 0x00000006e5000000|100%| O|  |TAMS 0x00000006e4c00000, 0x00000006e4c00000| Untracked 
| 141|0x00000006e5000000, 0x00000006e5400000, 0x00000006e5400000|100%| O|  |TAMS 0x00000006e5000000, 0x00000006e5000000| Untracked 
| 142|0x00000006e5400000, 0x00000006e5800000, 0x00000006e5800000|100%| O|  |TAMS 0x00000006e5400000, 0x00000006e5400000| Untracked 
| 143|0x00000006e5800000, 0x00000006e5c00000, 0x00000006e5c00000|100%| O|  |TAMS 0x00000006e5800000, 0x00000006e5800000| Untracked 
| 144|0x00000006e5c00000, 0x00000006e6000000, 0x00000006e6000000|100%| O|  |TAMS 0x00000006e5c00000, 0x00000006e5c00000| Untracked 
| 145|0x00000006e6000000, 0x00000006e6400000, 0x00000006e6400000|100%| O|  |TAMS 0x00000006e6000000, 0x00000006e6000000| Untracked 
| 146|0x00000006e6400000, 0x00000006e6800000, 0x00000006e6800000|100%| O|  |TAMS 0x00000006e6400000, 0x00000006e6400000| Untracked 
| 147|0x00000006e6800000, 0x00000006e6c00000, 0x00000006e6c00000|100%| O|  |TAMS 0x00000006e6800000, 0x00000006e6800000| Untracked 
| 148|0x00000006e6c00000, 0x00000006e7000000, 0x00000006e7000000|100%| O|  |TAMS 0x00000006e6c00000, 0x00000006e6c00000| Untracked 
| 149|0x00000006e7000000, 0x00000006e7400000, 0x00000006e7400000|100%| O|  |TAMS 0x00000006e7000000, 0x00000006e7000000| Untracked 
| 150|0x00000006e7400000, 0x00000006e7800000, 0x00000006e7800000|100%| O|  |TAMS 0x00000006e7400000, 0x00000006e7400000| Untracked 
| 151|0x00000006e7800000, 0x00000006e7c00000, 0x00000006e7c00000|100%| O|  |TAMS 0x00000006e7800000, 0x00000006e7800000| Untracked 
| 152|0x00000006e7c00000, 0x00000006e8000000, 0x00000006e8000000|100%| O|  |TAMS 0x00000006e7c00000, 0x00000006e7c00000| Untracked 
| 153|0x00000006e8000000, 0x00000006e8400000, 0x00000006e8400000|100%| O|  |TAMS 0x00000006e8000000, 0x00000006e8000000| Untracked 
| 154|0x00000006e8400000, 0x00000006e8800000, 0x00000006e8800000|100%| O|  |TAMS 0x00000006e8400000, 0x00000006e8400000| Untracked 
| 155|0x00000006e8800000, 0x00000006e8c00000, 0x00000006e8c00000|100%| O|  |TAMS 0x00000006e8800000, 0x00000006e8800000| Untracked 
| 156|0x00000006e8c00000, 0x00000006e9000000, 0x00000006e9000000|100%| O|  |TAMS 0x00000006e8c00000, 0x00000006e8c00000| Untracked 
| 157|0x00000006e9000000, 0x00000006e9400000, 0x00000006e9400000|100%| O|  |TAMS 0x00000006e9000000, 0x00000006e9000000| Untracked 
| 158|0x00000006e9400000, 0x00000006e9800000, 0x00000006e9800000|100%| O|  |TAMS 0x00000006e9400000, 0x00000006e9400000| Untracked 
| 159|0x00000006e9800000, 0x00000006e9c00000, 0x00000006e9c00000|100%| O|  |TAMS 0x00000006e9800000, 0x00000006e9800000| Untracked 
| 160|0x00000006e9c00000, 0x00000006ea000000, 0x00000006ea000000|100%| O|  |TAMS 0x00000006e9c00000, 0x00000006e9c00000| Untracked 
| 161|0x00000006ea000000, 0x00000006ea400000, 0x00000006ea400000|100%| O|  |TAMS 0x00000006ea000000, 0x00000006ea000000| Untracked 
| 162|0x00000006ea400000, 0x00000006ea800000, 0x00000006ea800000|100%| O|  |TAMS 0x00000006ea400000, 0x00000006ea400000| Untracked 
| 163|0x00000006ea800000, 0x00000006eac00000, 0x00000006eac00000|100%| O|  |TAMS 0x00000006ea800000, 0x00000006ea800000| Untracked 
| 164|0x00000006eac00000, 0x00000006eb000000, 0x00000006eb000000|100%| O|  |TAMS 0x00000006eac00000, 0x00000006eac00000| Untracked 
| 165|0x00000006eb000000, 0x00000006eb400000, 0x00000006eb400000|100%| O|  |TAMS 0x00000006eb000000, 0x00000006eb000000| Untracked 
| 166|0x00000006eb400000, 0x00000006eb800000, 0x00000006eb800000|100%| O|  |TAMS 0x00000006eb400000, 0x00000006eb400000| Untracked 
| 167|0x00000006eb800000, 0x00000006ebc00000, 0x00000006ebc00000|100%| O|  |TAMS 0x00000006eb800000, 0x00000006eb800000| Untracked 
| 168|0x00000006ebc00000, 0x00000006ec000000, 0x00000006ec000000|100%| O|  |TAMS 0x00000006ebc00000, 0x00000006ebc00000| Untracked 
| 169|0x00000006ec000000, 0x00000006ec400000, 0x00000006ec400000|100%| O|  |TAMS 0x00000006ec000000, 0x00000006ec000000| Untracked 
| 170|0x00000006ec400000, 0x00000006ec800000, 0x00000006ec800000|100%| O|  |TAMS 0x00000006ec400000, 0x00000006ec400000| Untracked 
| 171|0x00000006ec800000, 0x00000006ecc00000, 0x00000006ecc00000|100%| O|  |TAMS 0x00000006ec800000, 0x00000006ec800000| Untracked 
| 172|0x00000006ecc00000, 0x00000006ed000000, 0x00000006ed000000|100%| O|  |TAMS 0x00000006ecc00000, 0x00000006ecc00000| Untracked 
| 173|0x00000006ed000000, 0x00000006ed400000, 0x00000006ed400000|100%| O|  |TAMS 0x00000006ed000000, 0x00000006ed000000| Untracked 
| 174|0x00000006ed400000, 0x00000006ed800000, 0x00000006ed800000|100%| O|  |TAMS 0x00000006ed400000, 0x00000006ed400000| Untracked 
| 175|0x00000006ed800000, 0x00000006edc00000, 0x00000006edc00000|100%| O|  |TAMS 0x00000006ed800000, 0x00000006ed800000| Untracked 
| 176|0x00000006edc00000, 0x00000006edf50e00, 0x00000006ee000000| 82%| O|  |TAMS 0x00000006edc00000, 0x00000006edc00000| Untracked 
| 177|0x00000006ee000000, 0x00000006ee000000, 0x00000006ee400000|  0%| F|  |TAMS 0x00000006ee000000, 0x00000006ee000000| Untracked 
| 178|0x00000006ee400000, 0x00000006ee400000, 0x00000006ee800000|  0%| F|  |TAMS 0x00000006ee400000, 0x00000006ee400000| Untracked 
| 179|0x00000006ee800000, 0x00000006ee800000, 0x00000006eec00000|  0%| F|  |TAMS 0x00000006ee800000, 0x00000006ee800000| Untracked 
| 180|0x00000006eec00000, 0x00000006eec00000, 0x00000006ef000000|  0%| F|  |TAMS 0x00000006eec00000, 0x00000006eec00000| Untracked 
| 181|0x00000006ef000000, 0x00000006ef000000, 0x00000006ef400000|  0%| F|  |TAMS 0x00000006ef000000, 0x00000006ef000000| Untracked 
| 182|0x00000006ef400000, 0x00000006ef400000, 0x00000006ef800000|  0%| F|  |TAMS 0x00000006ef400000, 0x00000006ef400000| Untracked 
| 183|0x00000006ef800000, 0x00000006ef800000, 0x00000006efc00000|  0%| F|  |TAMS 0x00000006ef800000, 0x00000006ef800000| Untracked 
| 184|0x00000006efc00000, 0x00000006efc00000, 0x00000006f0000000|  0%| F|  |TAMS 0x00000006efc00000, 0x00000006efc00000| Untracked 
| 185|0x00000006f0000000, 0x00000006f0000000, 0x00000006f0400000|  0%| F|  |TAMS 0x00000006f0000000, 0x00000006f0000000| Untracked 
| 186|0x00000006f0400000, 0x00000006f0400000, 0x00000006f0800000|  0%| F|  |TAMS 0x00000006f0400000, 0x00000006f0400000| Untracked 
| 187|0x00000006f0800000, 0x00000006f0800000, 0x00000006f0c00000|  0%| F|  |TAMS 0x00000006f0800000, 0x00000006f0800000| Untracked 
| 188|0x00000006f0c00000, 0x00000006f0c00000, 0x00000006f1000000|  0%| F|  |TAMS 0x00000006f0c00000, 0x00000006f0c00000| Untracked 
| 189|0x00000006f1000000, 0x00000006f1000000, 0x00000006f1400000|  0%| F|  |TAMS 0x00000006f1000000, 0x00000006f1000000| Untracked 
| 190|0x00000006f1400000, 0x00000006f1400000, 0x00000006f1800000|  0%| F|  |TAMS 0x00000006f1400000, 0x00000006f1400000| Untracked 
| 191|0x00000006f1800000, 0x00000006f1800000, 0x00000006f1c00000|  0%| F|  |TAMS 0x00000006f1800000, 0x00000006f1800000| Untracked 
| 192|0x00000006f1c00000, 0x00000006f1c00000, 0x00000006f2000000|  0%| F|  |TAMS 0x00000006f1c00000, 0x00000006f1c00000| Untracked 
| 193|0x00000006f2000000, 0x00000006f2000000, 0x00000006f2400000|  0%| F|  |TAMS 0x00000006f2000000, 0x00000006f2000000| Untracked 
| 194|0x00000006f2400000, 0x00000006f2400000, 0x00000006f2800000|  0%| F|  |TAMS 0x00000006f2400000, 0x00000006f2400000| Untracked 
| 195|0x00000006f2800000, 0x00000006f2800000, 0x00000006f2c00000|  0%| F|  |TAMS 0x00000006f2800000, 0x00000006f2800000| Untracked 
| 196|0x00000006f2c00000, 0x00000006f2c00000, 0x00000006f3000000|  0%| F|  |TAMS 0x00000006f2c00000, 0x00000006f2c00000| Untracked 
| 197|0x00000006f3000000, 0x00000006f3000000, 0x00000006f3400000|  0%| F|  |TAMS 0x00000006f3000000, 0x00000006f3000000| Untracked 
| 198|0x00000006f3400000, 0x00000006f3400000, 0x00000006f3800000|  0%| F|  |TAMS 0x00000006f3400000, 0x00000006f3400000| Untracked 
| 199|0x00000006f3800000, 0x00000006f3800000, 0x00000006f3c00000|  0%| F|  |TAMS 0x00000006f3800000, 0x00000006f3800000| Untracked 
| 200|0x00000006f3c00000, 0x00000006f3c00000, 0x00000006f4000000|  0%| F|  |TAMS 0x00000006f3c00000, 0x00000006f3c00000| Untracked 
| 201|0x00000006f4000000, 0x00000006f4000000, 0x00000006f4400000|  0%| F|  |TAMS 0x00000006f4000000, 0x00000006f4000000| Untracked 
| 202|0x00000006f4400000, 0x00000006f4400000, 0x00000006f4800000|  0%| F|  |TAMS 0x00000006f4400000, 0x00000006f4400000| Untracked 
| 203|0x00000006f4800000, 0x00000006f4800000, 0x00000006f4c00000|  0%| F|  |TAMS 0x00000006f4800000, 0x00000006f4800000| Untracked 
| 204|0x00000006f4c00000, 0x00000006f4c00000, 0x00000006f5000000|  0%| F|  |TAMS 0x00000006f4c00000, 0x00000006f4c00000| Untracked 
| 205|0x00000006f5000000, 0x00000006f5000000, 0x00000006f5400000|  0%| F|  |TAMS 0x00000006f5000000, 0x00000006f5000000| Untracked 
| 206|0x00000006f5400000, 0x00000006f5400000, 0x00000006f5800000|  0%| F|  |TAMS 0x00000006f5400000, 0x00000006f5400000| Untracked 
| 207|0x00000006f5800000, 0x00000006f5800000, 0x00000006f5c00000|  0%| F|  |TAMS 0x00000006f5800000, 0x00000006f5800000| Untracked 
| 208|0x00000006f5c00000, 0x00000006f5c00000, 0x00000006f6000000|  0%| F|  |TAMS 0x00000006f5c00000, 0x00000006f5c00000| Untracked 
| 209|0x00000006f6000000, 0x00000006f6000000, 0x00000006f6400000|  0%| F|  |TAMS 0x00000006f6000000, 0x00000006f6000000| Untracked 
| 210|0x00000006f6400000, 0x00000006f6400000, 0x00000006f6800000|  0%| F|  |TAMS 0x00000006f6400000, 0x00000006f6400000| Untracked 
| 211|0x00000006f6800000, 0x00000006f6800000, 0x00000006f6c00000|  0%| F|  |TAMS 0x00000006f6800000, 0x00000006f6800000| Untracked 
| 212|0x00000006f6c00000, 0x00000006f6c00000, 0x00000006f7000000|  0%| F|  |TAMS 0x00000006f6c00000, 0x00000006f6c00000| Untracked 
| 213|0x00000006f7000000, 0x00000006f7000000, 0x00000006f7400000|  0%| F|  |TAMS 0x00000006f7000000, 0x00000006f7000000| Untracked 
| 214|0x00000006f7400000, 0x00000006f7400000, 0x00000006f7800000|  0%| F|  |TAMS 0x00000006f7400000, 0x00000006f7400000| Untracked 
| 215|0x00000006f7800000, 0x00000006f7800000, 0x00000006f7c00000|  0%| F|  |TAMS 0x00000006f7800000, 0x00000006f7800000| Untracked 
| 216|0x00000006f7c00000, 0x00000006f7c00000, 0x00000006f8000000|  0%| F|  |TAMS 0x00000006f7c00000, 0x00000006f7c00000| Untracked 
| 217|0x00000006f8000000, 0x00000006f8000000, 0x00000006f8400000|  0%| F|  |TAMS 0x00000006f8000000, 0x00000006f8000000| Untracked 
| 218|0x00000006f8400000, 0x00000006f8400000, 0x00000006f8800000|  0%| F|  |TAMS 0x00000006f8400000, 0x00000006f8400000| Untracked 
| 219|0x00000006f8800000, 0x00000006f8800000, 0x00000006f8c00000|  0%| F|  |TAMS 0x00000006f8800000, 0x00000006f8800000| Untracked 
| 220|0x00000006f8c00000, 0x00000006f8c00000, 0x00000006f9000000|  0%| F|  |TAMS 0x00000006f8c00000, 0x00000006f8c00000| Untracked 
| 221|0x00000006f9000000, 0x00000006f9000000, 0x00000006f9400000|  0%| F|  |TAMS 0x00000006f9000000, 0x00000006f9000000| Untracked 
| 222|0x00000006f9400000, 0x00000006f9400000, 0x00000006f9800000|  0%| F|  |TAMS 0x00000006f9400000, 0x00000006f9400000| Untracked 
| 223|0x00000006f9800000, 0x00000006f9800000, 0x00000006f9c00000|  0%| F|  |TAMS 0x00000006f9800000, 0x00000006f9800000| Untracked 
| 224|0x00000006f9c00000, 0x00000006f9c00000, 0x00000006fa000000|  0%| F|  |TAMS 0x00000006f9c00000, 0x00000006f9c00000| Untracked 
| 225|0x00000006fa000000, 0x00000006fa21bde8, 0x00000006fa400000| 52%| S|CS|TAMS 0x00000006fa000000, 0x00000006fa000000| Complete 
| 226|0x00000006fa400000, 0x00000006fa800000, 0x00000006fa800000|100%| S|CS|TAMS 0x00000006fa400000, 0x00000006fa400000| Complete 
| 227|0x00000006fa800000, 0x00000006fa800000, 0x00000006fac00000|  0%| F|  |TAMS 0x00000006fa800000, 0x00000006fa800000| Untracked 
| 228|0x00000006fac00000, 0x00000006fac00000, 0x00000006fb000000|  0%| F|  |TAMS 0x00000006fac00000, 0x00000006fac00000| Untracked 
| 229|0x00000006fb000000, 0x00000006fb000000, 0x00000006fb400000|  0%| F|  |TAMS 0x00000006fb000000, 0x00000006fb000000| Untracked 
| 230|0x00000006fb400000, 0x00000006fb400000, 0x00000006fb800000|  0%| F|  |TAMS 0x00000006fb400000, 0x00000006fb400000| Untracked 
| 231|0x00000006fb800000, 0x00000006fb800000, 0x00000006fbc00000|  0%| F|  |TAMS 0x00000006fb800000, 0x00000006fb800000| Untracked 
| 232|0x00000006fbc00000, 0x00000006fbc00000, 0x00000006fc000000|  0%| F|  |TAMS 0x00000006fbc00000, 0x00000006fbc00000| Untracked 
| 233|0x00000006fc000000, 0x00000006fc000000, 0x00000006fc400000|  0%| F|  |TAMS 0x00000006fc000000, 0x00000006fc000000| Untracked 
| 234|0x00000006fc400000, 0x00000006fc400000, 0x00000006fc800000|  0%| F|  |TAMS 0x00000006fc400000, 0x00000006fc400000| Untracked 
| 235|0x00000006fc800000, 0x00000006fc800000, 0x00000006fcc00000|  0%| F|  |TAMS 0x00000006fc800000, 0x00000006fc800000| Untracked 
| 236|0x00000006fcc00000, 0x00000006fcc00000, 0x00000006fd000000|  0%| F|  |TAMS 0x00000006fcc00000, 0x00000006fcc00000| Untracked 
| 237|0x00000006fd000000, 0x00000006fd000000, 0x00000006fd400000|  0%| F|  |TAMS 0x00000006fd000000, 0x00000006fd000000| Untracked 
| 238|0x00000006fd400000, 0x00000006fd400000, 0x00000006fd800000|  0%| F|  |TAMS 0x00000006fd400000, 0x00000006fd400000| Untracked 
| 239|0x00000006fd800000, 0x00000006fd800000, 0x00000006fdc00000|  0%| F|  |TAMS 0x00000006fd800000, 0x00000006fd800000| Untracked 
| 240|0x00000006fdc00000, 0x00000006fdc00000, 0x00000006fe000000|  0%| F|  |TAMS 0x00000006fdc00000, 0x00000006fdc00000| Untracked 
| 241|0x00000006fe000000, 0x00000006fe000000, 0x00000006fe400000|  0%| F|  |TAMS 0x00000006fe000000, 0x00000006fe000000| Untracked 
| 242|0x00000006fe400000, 0x00000006fe400000, 0x00000006fe800000|  0%| F|  |TAMS 0x00000006fe400000, 0x00000006fe400000| Untracked 
| 243|0x00000006fe800000, 0x00000006fe800000, 0x00000006fec00000|  0%| F|  |TAMS 0x00000006fe800000, 0x00000006fe800000| Untracked 
| 244|0x00000006fec00000, 0x00000006fec00000, 0x00000006ff000000|  0%| F|  |TAMS 0x00000006fec00000, 0x00000006fec00000| Untracked 
| 245|0x00000006ff000000, 0x00000006ff000000, 0x00000006ff400000|  0%| F|  |TAMS 0x00000006ff000000, 0x00000006ff000000| Untracked 
| 246|0x00000006ff400000, 0x00000006ff400000, 0x00000006ff800000|  0%| F|  |TAMS 0x00000006ff400000, 0x00000006ff400000| Untracked 
| 247|0x00000006ff800000, 0x00000006ff800000, 0x00000006ffc00000|  0%| F|  |TAMS 0x00000006ff800000, 0x00000006ff800000| Untracked 
| 248|0x00000006ffc00000, 0x00000006ffc00000, 0x0000000700000000|  0%| F|  |TAMS 0x00000006ffc00000, 0x00000006ffc00000| Untracked 
| 249|0x0000000700000000, 0x0000000700000000, 0x0000000700400000|  0%| F|  |TAMS 0x0000000700000000, 0x0000000700000000| Untracked 
| 250|0x0000000700400000, 0x0000000700400000, 0x0000000700800000|  0%| F|  |TAMS 0x0000000700400000, 0x0000000700400000| Untracked 
| 251|0x0000000700800000, 0x0000000700800000, 0x0000000700c00000|  0%| F|  |TAMS 0x0000000700800000, 0x0000000700800000| Untracked 
| 252|0x0000000700c00000, 0x0000000700c00000, 0x0000000701000000|  0%| F|  |TAMS 0x0000000700c00000, 0x0000000700c00000| Untracked 
| 253|0x0000000701000000, 0x0000000701000000, 0x0000000701400000|  0%| F|  |TAMS 0x0000000701000000, 0x0000000701000000| Untracked 
| 254|0x0000000701400000, 0x0000000701401278, 0x0000000701800000|  0%| E|  |TAMS 0x0000000701400000, 0x0000000701400000| Complete 
| 255|0x0000000701800000, 0x0000000701c00000, 0x0000000701c00000|100%| E|CS|TAMS 0x0000000701800000, 0x0000000701800000| Complete 
| 256|0x0000000701c00000, 0x0000000702000000, 0x0000000702000000|100%| E|CS|TAMS 0x0000000701c00000, 0x0000000701c00000| Complete 
| 257|0x0000000702000000, 0x0000000702400000, 0x0000000702400000|100%| E|CS|TAMS 0x0000000702000000, 0x0000000702000000| Complete 
| 258|0x0000000702400000, 0x0000000702800000, 0x0000000702800000|100%| E|CS|TAMS 0x0000000702400000, 0x0000000702400000| Complete 
| 259|0x0000000702800000, 0x0000000702c00000, 0x0000000702c00000|100%| E|CS|TAMS 0x0000000702800000, 0x0000000702800000| Complete 
| 260|0x0000000702c00000, 0x0000000703000000, 0x0000000703000000|100%| E|CS|TAMS 0x0000000702c00000, 0x0000000702c00000| Complete 
| 261|0x0000000703000000, 0x0000000703400000, 0x0000000703400000|100%| E|CS|TAMS 0x0000000703000000, 0x0000000703000000| Complete 
| 262|0x0000000703400000, 0x0000000703800000, 0x0000000703800000|100%| E|CS|TAMS 0x0000000703400000, 0x0000000703400000| Complete 
| 263|0x0000000703800000, 0x0000000703c00000, 0x0000000703c00000|100%| E|CS|TAMS 0x0000000703800000, 0x0000000703800000| Complete 
| 264|0x0000000703c00000, 0x0000000704000000, 0x0000000704000000|100%| E|CS|TAMS 0x0000000703c00000, 0x0000000703c00000| Complete 
| 265|0x0000000704000000, 0x0000000704400000, 0x0000000704400000|100%| E|CS|TAMS 0x0000000704000000, 0x0000000704000000| Complete 
| 266|0x0000000704400000, 0x0000000704800000, 0x0000000704800000|100%| E|CS|TAMS 0x0000000704400000, 0x0000000704400000| Complete 
| 267|0x0000000704800000, 0x0000000704c00000, 0x0000000704c00000|100%| E|CS|TAMS 0x0000000704800000, 0x0000000704800000| Complete 
| 268|0x0000000704c00000, 0x0000000705000000, 0x0000000705000000|100%| E|CS|TAMS 0x0000000704c00000, 0x0000000704c00000| Complete 
| 269|0x0000000705000000, 0x0000000705400000, 0x0000000705400000|100%| E|CS|TAMS 0x0000000705000000, 0x0000000705000000| Complete 
| 270|0x0000000705400000, 0x0000000705800000, 0x0000000705800000|100%| E|CS|TAMS 0x0000000705400000, 0x0000000705400000| Complete 
| 271|0x0000000705800000, 0x0000000705c00000, 0x0000000705c00000|100%| E|CS|TAMS 0x0000000705800000, 0x0000000705800000| Complete 
| 272|0x0000000705c00000, 0x0000000706000000, 0x0000000706000000|100%| E|CS|TAMS 0x0000000705c00000, 0x0000000705c00000| Complete 
| 273|0x0000000706000000, 0x0000000706400000, 0x0000000706400000|100%| E|CS|TAMS 0x0000000706000000, 0x0000000706000000| Complete 
| 274|0x0000000706400000, 0x0000000706800000, 0x0000000706800000|100%| E|CS|TAMS 0x0000000706400000, 0x0000000706400000| Complete 
| 275|0x0000000706800000, 0x0000000706c00000, 0x0000000706c00000|100%| E|CS|TAMS 0x0000000706800000, 0x0000000706800000| Complete 
| 276|0x0000000706c00000, 0x0000000707000000, 0x0000000707000000|100%| E|CS|TAMS 0x0000000706c00000, 0x0000000706c00000| Complete 
| 277|0x0000000707000000, 0x0000000707400000, 0x0000000707400000|100%| E|CS|TAMS 0x0000000707000000, 0x0000000707000000| Complete 
| 278|0x0000000707400000, 0x0000000707800000, 0x0000000707800000|100%| E|CS|TAMS 0x0000000707400000, 0x0000000707400000| Complete 
| 279|0x0000000707800000, 0x0000000707c00000, 0x0000000707c00000|100%| E|CS|TAMS 0x0000000707800000, 0x0000000707800000| Complete 
| 280|0x0000000707c00000, 0x0000000708000000, 0x0000000708000000|100%| E|CS|TAMS 0x0000000707c00000, 0x0000000707c00000| Complete 
| 281|0x0000000708000000, 0x0000000708400000, 0x0000000708400000|100%| E|CS|TAMS 0x0000000708000000, 0x0000000708000000| Complete 
| 282|0x0000000708400000, 0x0000000708800000, 0x0000000708800000|100%| E|CS|TAMS 0x0000000708400000, 0x0000000708400000| Complete 
| 283|0x0000000708800000, 0x0000000708c00000, 0x0000000708c00000|100%| E|CS|TAMS 0x0000000708800000, 0x0000000708800000| Complete 
| 284|0x0000000708c00000, 0x0000000709000000, 0x0000000709000000|100%| E|CS|TAMS 0x0000000708c00000, 0x0000000708c00000| Complete 
| 285|0x0000000709000000, 0x0000000709400000, 0x0000000709400000|100%| E|CS|TAMS 0x0000000709000000, 0x0000000709000000| Complete 
| 286|0x0000000709400000, 0x0000000709800000, 0x0000000709800000|100%| E|CS|TAMS 0x0000000709400000, 0x0000000709400000| Complete 
| 287|0x0000000709800000, 0x0000000709c00000, 0x0000000709c00000|100%| E|CS|TAMS 0x0000000709800000, 0x0000000709800000| Complete 
| 288|0x0000000709c00000, 0x000000070a000000, 0x000000070a000000|100%| E|CS|TAMS 0x0000000709c00000, 0x0000000709c00000| Complete 
| 289|0x000000070a000000, 0x000000070a400000, 0x000000070a400000|100%| E|CS|TAMS 0x000000070a000000, 0x000000070a000000| Complete 
| 290|0x000000070a400000, 0x000000070a800000, 0x000000070a800000|100%| E|CS|TAMS 0x000000070a400000, 0x000000070a400000| Complete 
| 291|0x000000070a800000, 0x000000070ac00000, 0x000000070ac00000|100%| E|CS|TAMS 0x000000070a800000, 0x000000070a800000| Complete 
| 292|0x000000070ac00000, 0x000000070b000000, 0x000000070b000000|100%| E|CS|TAMS 0x000000070ac00000, 0x000000070ac00000| Complete 
| 293|0x000000070b000000, 0x000000070b400000, 0x000000070b400000|100%| E|CS|TAMS 0x000000070b000000, 0x000000070b000000| Complete 
| 294|0x000000070b400000, 0x000000070b800000, 0x000000070b800000|100%| E|CS|TAMS 0x000000070b400000, 0x000000070b400000| Complete 
| 295|0x000000070b800000, 0x000000070bc00000, 0x000000070bc00000|100%| E|CS|TAMS 0x000000070b800000, 0x000000070b800000| Complete 
| 296|0x000000070bc00000, 0x000000070c000000, 0x000000070c000000|100%| E|CS|TAMS 0x000000070bc00000, 0x000000070bc00000| Complete 
| 297|0x000000070c000000, 0x000000070c400000, 0x000000070c400000|100%| E|CS|TAMS 0x000000070c000000, 0x000000070c000000| Complete 
| 298|0x000000070c400000, 0x000000070c800000, 0x000000070c800000|100%| E|CS|TAMS 0x000000070c400000, 0x000000070c400000| Complete 
| 299|0x000000070c800000, 0x000000070cc00000, 0x000000070cc00000|100%| E|CS|TAMS 0x000000070c800000, 0x000000070c800000| Complete 
|1251|0x00000007fa800000, 0x00000007fac00000, 0x00000007fac00000|100%| O|  |TAMS 0x00000007fa800000, 0x00000007fa800000| Untracked 
|1252|0x00000007fac00000, 0x00000007fb000000, 0x00000007fb000000|100%| O|  |TAMS 0x00000007fac00000, 0x00000007fac00000| Untracked 
|1253|0x00000007fb000000, 0x00000007fb400000, 0x00000007fb400000|100%| O|  |TAMS 0x00000007fb000000, 0x00000007fb000000| Untracked 
|1254|0x00000007fb400000, 0x00000007fb800000, 0x00000007fb800000|100%| O|  |TAMS 0x00000007fb400000, 0x00000007fb400000| Untracked 
|1255|0x00000007fb800000, 0x00000007fbc00000, 0x00000007fbc00000|100%| O|  |TAMS 0x00000007fb800000, 0x00000007fb800000| Untracked 
|1256|0x00000007fbc00000, 0x00000007fc000000, 0x00000007fc000000|100%| O|  |TAMS 0x00000007fbc00000, 0x00000007fbc00000| Untracked 
|1257|0x00000007fc000000, 0x00000007fc400000, 0x00000007fc400000|100%| O|  |TAMS 0x00000007fc000000, 0x00000007fc000000| Untracked 
|1258|0x00000007fc400000, 0x00000007fc800000, 0x00000007fc800000|100%| O|  |TAMS 0x00000007fc400000, 0x00000007fc400000| Untracked 
|1259|0x00000007fc800000, 0x00000007fcc00000, 0x00000007fcc00000|100%| O|  |TAMS 0x00000007fc800000, 0x00000007fc800000| Untracked 
|1260|0x00000007fcc00000, 0x00000007fd000000, 0x00000007fd000000|100%| O|  |TAMS 0x00000007fcc00000, 0x00000007fcc00000| Untracked 
|1261|0x00000007fd000000, 0x00000007fd400000, 0x00000007fd400000|100%| O|  |TAMS 0x00000007fd000000, 0x00000007fd000000| Untracked 
|1262|0x00000007fd400000, 0x00000007fd800000, 0x00000007fd800000|100%| O|  |TAMS 0x00000007fd400000, 0x00000007fd400000| Untracked 
|1263|0x00000007fd800000, 0x00000007fdc00000, 0x00000007fdc00000|100%| O|  |TAMS 0x00000007fd800000, 0x00000007fd800000| Untracked 
|1264|0x00000007fdc00000, 0x00000007fe000000, 0x00000007fe000000|100%| O|  |TAMS 0x00000007fdc00000, 0x00000007fdc00000| Untracked 
|1265|0x00000007fe000000, 0x00000007fe400000, 0x00000007fe400000|100%| O|  |TAMS 0x00000007fe000000, 0x00000007fe000000| Untracked 
|1266|0x00000007fe400000, 0x00000007fe800000, 0x00000007fe800000|100%| O|  |TAMS 0x00000007fe400000, 0x00000007fe400000| Untracked 
|1267|0x00000007fe800000, 0x00000007fec00000, 0x00000007fec00000|100%| O|  |TAMS 0x00000007fe800000, 0x00000007fe800000| Untracked 
|1268|0x00000007fec00000, 0x00000007ff000000, 0x00000007ff000000|100%| O|  |TAMS 0x00000007fec00000, 0x00000007fec00000| Untracked 
|1269|0x00000007ff000000, 0x00000007ff400000, 0x00000007ff400000|100%| O|  |TAMS 0x00000007ff000000, 0x00000007ff000000| Untracked 
|1270|0x00000007ff400000, 0x00000007ff800000, 0x00000007ff800000|100%| O|  |TAMS 0x00000007ff400000, 0x00000007ff400000| Untracked 
|1271|0x00000007ff800000, 0x00000007ffc00000, 0x00000007ffc00000|100%| O|  |TAMS 0x00000007ff800000, 0x00000007ff800000| Untracked 
|1272|0x00000007ffc00000, 0x0000000800000000, 0x0000000800000000|100%| O|  |TAMS 0x00000007ffc00000, 0x00000007ffc00000| Untracked 

Card table byte_map: [0x00000178bd190000,0x00000178bdb90000] _byte_map_base: 0x00000178b9b82000

Marking Bits (Prev, Next): (CMBitMap*) 0x00000178a5c3e120, (CMBitMap*) 0x00000178a5c3e0e0
 Prev Bits: [0x00000178c3520000, 0x00000178c84b0000)
 Next Bits: [0x00000178be590000, 0x00000178c3520000)

Polling page: 0x00000178a3b40000

Metaspace:

Usage:
  Non-class:    104.98 MB used.
      Class:     17.57 MB used.
       Both:    122.55 MB used.

Virtual space:
  Non-class space:      128.00 MB reserved,     106.00 MB ( 83%) committed,  2 nodes.
      Class space:        1.00 GB reserved,      18.38 MB (  2%) committed,  1 nodes.
             Both:        1.12 GB reserved,     124.38 MB ( 11%) committed. 

Chunk freelists:
   Non-Class:  5.66 MB
       Class:  13.47 MB
        Both:  19.12 MB

MaxMetaspaceSize: unlimited
CompressedClassSpaceSize: 1.00 GB
Initial GC threshold: 21.00 MB
Current GC threshold: 181.88 MB
CDS: on
MetaspaceReclaimPolicy: balanced
 - commit_granule_bytes: 65536.
 - commit_granule_words: 8192.
 - virtual_space_node_default_size: 8388608.
 - enlarge_chunks_in_place: 1.
 - new_chunks_are_fully_committed: 0.
 - uncommit_free_chunks: 1.
 - use_allocation_guard: 0.
 - handle_deallocations: 1.


Internal statistics:

num_allocs_failed_limit: 12.
num_arena_births: 2898.
num_arena_deaths: 12.
num_vsnodes_births: 3.
num_vsnodes_deaths: 0.
num_space_committed: 1985.
num_space_uncommitted: 0.
num_chunks_returned_to_freelist: 28.
num_chunks_taken_from_freelist: 8285.
num_chunk_merges: 14.
num_chunk_splits: 5229.
num_chunks_enlarged: 3332.
num_inconsistent_stats: 0.

CodeHeap 'non-profiled nmethods': size=120000Kb used=19183Kb max_used=19183Kb free=100816Kb
 bounds [0x00000178b4f30000, 0x00000178b61f0000, 0x00000178bc460000]
CodeHeap 'profiled nmethods': size=120000Kb used=32227Kb max_used=32227Kb free=87772Kb
 bounds [0x00000178ad460000, 0x00000178af3e0000, 0x00000178b4990000]
CodeHeap 'non-nmethods': size=5760Kb used=2494Kb max_used=2590Kb free=3265Kb
 bounds [0x00000178b4990000, 0x00000178b4c30000, 0x00000178b4f30000]
 total_blobs=21547 nmethods=19388 adapters=2070
 compilation: enabled
              stopped_count=0, restarted_count=0
 full_count=0

Compilation events (20 events):
Event: 77.426 Thread 0x00000178caf1e070 nmethod 28968 0x00000178af3cbf90 code [0x00000178af3cc140, 0x00000178af3cc2e8]
Event: 77.426 Thread 0x00000178caf1e070 28969       3       net.minecraftforge.client.gui.overlay.ForgeGui::renderRecordOverlay (244 bytes)
Event: 77.427 Thread 0x00000178caf1e070 nmethod 28969 0x00000178af3cc410 code [0x00000178af3cc8c0, 0x00000178af3cea18]
Event: 77.427 Thread 0x00000178caf1e070 28970       3       net.minecraftforge.client.gui.overlay.VanillaGuiOverlay$$Lambda$5721/0x00000178ccd6f920::render (11 bytes)
Event: 77.427 Thread 0x00000178caf1e070 nmethod 28970 0x00000178af09a710 code [0x00000178af09a8a0, 0x00000178af09a9e8]
Event: 77.427 Thread 0x00000178caf1e070 28971       3       net.minecraftforge.client.gui.overlay.VanillaGuiOverlay::lambda$static$21 (23 bytes)
Event: 77.428 Thread 0x00000178caf1e070 nmethod 28971 0x00000178af3cf690 code [0x00000178af3cf840, 0x00000178af3cf9e8]
Event: 77.428 Thread 0x00000178caf1e070 28972       3       net.minecraftforge.client.gui.overlay.ForgeGui::renderTitle (356 bytes)
Event: 77.430 Thread 0x00000178caf1e070 nmethod 28972 0x00000178af3cfb10 code [0x00000178af3d0100, 0x00000178af3d2f48]
Event: 77.430 Thread 0x00000178caf1e070 28973       3       net.minecraftforge.client.gui.overlay.VanillaGuiOverlay$$Lambda$5722/0x00000178ccd6fb38::render (11 bytes)
Event: 77.430 Thread 0x00000178caf1e070 nmethod 28973 0x00000178af3d3f90 code [0x00000178af3d4140, 0x00000178af3d43c8]
Event: 77.430 Thread 0x00000178caf1e070 28974       3       net.minecraftforge.client.gui.overlay.VanillaGuiOverlay::lambda$static$22 (19 bytes)
Event: 77.430 Thread 0x00000178caf1e070 nmethod 28974 0x00000178af3d4590 code [0x00000178af3d4740, 0x00000178af3d4948]
Event: 77.430 Thread 0x00000178caf1e070 28975       3       net.minecraftforge.client.gui.overlay.ForgeGui::renderSubtitles (9 bytes)
Event: 77.430 Thread 0x00000178caf1e070 nmethod 28975 0x00000178af159590 code [0x00000178af159740, 0x00000178af159888]
Event: 77.430 Thread 0x00000178caf1e070 28976       3       net.minecraft.client.gui.components.SubtitleOverlay::render (823 bytes)
Event: 77.433 Thread 0x00000178caf1e070 nmethod 28976 0x00000178af3d4a90 code [0x00000178af3d52e0, 0x00000178af3d9908]
Event: 77.433 Thread 0x00000178caf1e070 28977       3       net.minecraftforge.client.gui.overlay.VanillaGuiOverlay$$Lambda$5723/0x00000178ccd6fd50::render (11 bytes)
Event: 77.433 Thread 0x00000178caf1e070 nmethod 28977 0x00000178af0b4b90 code [0x00000178af0b4d20, 0x00000178af0b4e68]
Event: 77.440 Thread 0x00000178caf1e070 28978 %     3       net.minecraft.client.renderer.LevelRenderer::renderSky @ 419 (1156 bytes)

GC Heap History (20 events):
Event: 50.955 GC heap before
{Heap before GC invocations=45 (full 0):
 garbage-first heap   total 1228800K, used 967430K [0x00000006c1c00000, 0x0000000800000000)
  region size 4096K, 149 young (610304K), 8 survivors (32768K)
 Metaspace       used 110902K, committed 112704K, reserved 1179648K
  class space    used 16241K, committed 17088K, reserved 1048576K
}
Event: 51.231 GC heap after
{Heap after GC invocations=46 (full 0):
 garbage-first heap   total 1318912K, used 708602K [0x00000006c1c00000, 0x0000000800000000)
  region size 4096K, 19 young (77824K), 19 survivors (77824K)
 Metaspace       used 110902K, committed 112704K, reserved 1179648K
  class space    used 16241K, committed 17088K, reserved 1048576K
}
Event: 51.389 GC heap before
{Heap before GC invocations=46 (full 0):
 garbage-first heap   total 1318912K, used 712698K [0x00000006c1c00000, 0x0000000800000000)
  region size 4096K, 20 young (81920K), 19 survivors (77824K)
 Metaspace       used 110904K, committed 112704K, reserved 1179648K
  class space    used 16241K, committed 17088K, reserved 1048576K
}
Event: 51.522 GC heap after
{Heap after GC invocations=47 (full 0):
 garbage-first heap   total 1318912K, used 724129K [0x00000006c1c00000, 0x0000000800000000)
  region size 4096K, 3 young (12288K), 3 survivors (12288K)
 Metaspace       used 110904K, committed 112704K, reserved 1179648K
  class space    used 16241K, committed 17088K, reserved 1048576K
}
Event: 52.529 GC heap before
{Heap before GC invocations=47 (full 0):
 garbage-first heap   total 1318912K, used 982177K [0x00000006c1c00000, 0x0000000800000000)
  region size 4096K, 66 young (270336K), 3 survivors (12288K)
 Metaspace       used 111207K, committed 113088K, reserved 1179648K
  class space    used 16281K, committed 17152K, reserved 1048576K
}
Event: 52.551 GC heap after
{Heap after GC invocations=48 (full 0):
 garbage-first heap   total 1318912K, used 746711K [0x00000006c1c00000, 0x0000000800000000)
  region size 4096K, 9 young (36864K), 9 survivors (36864K)
 Metaspace       used 111207K, committed 113088K, reserved 1179648K
  class space    used 16281K, committed 17152K, reserved 1048576K
}
Event: 54.771 GC heap before
{Heap before GC invocations=48 (full 0):
 garbage-first heap   total 1318912K, used 1000663K [0x00000006c1c00000, 0x0000000800000000)
  region size 4096K, 72 young (294912K), 9 survivors (36864K)
 Metaspace       used 115468K, committed 117248K, reserved 1179648K
  class space    used 16818K, committed 17600K, reserved 1048576K
}
Event: 54.843 GC heap after
{Heap after GC invocations=49 (full 0):
 garbage-first heap   total 1318912K, used 773596K [0x00000006c1c00000, 0x0000000800000000)
  region size 4096K, 7 young (28672K), 7 survivors (28672K)
 Metaspace       used 115468K, committed 117248K, reserved 1179648K
  class space    used 16818K, committed 17600K, reserved 1048576K
}
Event: 55.948 GC heap before
{Heap before GC invocations=49 (full 0):
 garbage-first heap   total 1318912K, used 1031644K [0x00000006c1c00000, 0x0000000800000000)
  region size 4096K, 70 young (286720K), 7 survivors (28672K)
 Metaspace       used 119248K, committed 121088K, reserved 1179648K
  class space    used 17405K, committed 18240K, reserved 1048576K
}
Event: 55.992 GC heap after
{Heap after GC invocations=50 (full 0):
 garbage-first heap   total 1318912K, used 793973K [0x00000006c1c00000, 0x0000000800000000)
  region size 4096K, 5 young (20480K), 5 survivors (20480K)
 Metaspace       used 119248K, committed 121088K, reserved 1179648K
  class space    used 17405K, committed 18240K, reserved 1048576K
}
Event: 57.329 GC heap before
{Heap before GC invocations=50 (full 0):
 garbage-first heap   total 1318912K, used 1052021K [0x00000006c1c00000, 0x0000000800000000)
  region size 4096K, 68 young (278528K), 5 survivors (20480K)
 Metaspace       used 121222K, committed 123072K, reserved 1179648K
  class space    used 17645K, committed 18496K, reserved 1048576K
}
Event: 57.358 GC heap after
{Heap after GC invocations=51 (full 0):
 garbage-first heap   total 1318912K, used 815104K [0x00000006c1c00000, 0x0000000800000000)
  region size 4096K, 9 young (36864K), 9 survivors (36864K)
 Metaspace       used 121222K, committed 123072K, reserved 1179648K
  class space    used 17645K, committed 18496K, reserved 1048576K
}
Event: 58.579 GC heap before
{Heap before GC invocations=51 (full 0):
 garbage-first heap   total 1318912K, used 1064960K [0x00000006c1c00000, 0x0000000800000000)
  region size 4096K, 71 young (290816K), 9 survivors (36864K)
 Metaspace       used 122032K, committed 123904K, reserved 1179648K
  class space    used 17730K, committed 18560K, reserved 1048576K
}
Event: 58.608 GC heap after
{Heap after GC invocations=52 (full 0):
 garbage-first heap   total 1318912K, used 822489K [0x00000006c1c00000, 0x0000000800000000)
  region size 4096K, 2 young (8192K), 2 survivors (8192K)
 Metaspace       used 122032K, committed 123904K, reserved 1179648K
  class space    used 17730K, committed 18560K, reserved 1048576K
}
Event: 60.393 GC heap before
{Heap before GC invocations=52 (full 0):
 garbage-first heap   total 1318912K, used 1084633K [0x00000006c1c00000, 0x0000000800000000)
  region size 4096K, 66 young (270336K), 2 survivors (8192K)
 Metaspace       used 122353K, committed 124224K, reserved 1179648K
  class space    used 17748K, committed 18624K, reserved 1048576K
}
Event: 60.400 GC heap after
{Heap after GC invocations=53 (full 0):
 garbage-first heap   total 1318912K, used 819572K [0x00000006c1c00000, 0x0000000800000000)
  region size 4096K, 2 young (8192K), 2 survivors (8192K)
 Metaspace       used 122353K, committed 124224K, reserved 1179648K
  class space    used 17748K, committed 18624K, reserved 1048576K
}
Event: 62.401 GC heap before
{Heap before GC invocations=53 (full 0):
 garbage-first heap   total 1318912K, used 1098100K [0x00000006c1c00000, 0x0000000800000000)
  region size 4096K, 70 young (286720K), 2 survivors (8192K)
 Metaspace       used 124138K, committed 126016K, reserved 1179648K
  class space    used 17915K, committed 18752K, reserved 1048576K
}
Event: 62.406 GC heap after
{Heap after GC invocations=54 (full 0):
 garbage-first heap   total 1318912K, used 820041K [0x00000006c1c00000, 0x0000000800000000)
  region size 4096K, 2 young (8192K), 2 survivors (8192K)
 Metaspace       used 124138K, committed 126016K, reserved 1179648K
  class space    used 17915K, committed 18752K, reserved 1048576K
}
Event: 69.610 GC heap before
{Heap before GC invocations=54 (full 0):
 garbage-first heap   total 1318912K, used 1110857K [0x00000006c1c00000, 0x0000000800000000)
  region size 4096K, 73 young (299008K), 2 survivors (8192K)
 Metaspace       used 125228K, committed 127040K, reserved 1179648K
  class space    used 17968K, committed 18752K, reserved 1048576K
}
Event: 69.614 GC heap after
{Heap after GC invocations=55 (full 0):
 garbage-first heap   total 1318912K, used 820658K [0x00000006c1c00000, 0x0000000800000000)
  region size 4096K, 2 young (8192K), 2 survivors (8192K)
 Metaspace       used 125228K, committed 127040K, reserved 1179648K
  class space    used 17968K, committed 18752K, reserved 1048576K
}

Deoptimization events (20 events):
Event: 70.873 Thread 0x000001791df32f30 Uncommon trap: trap_request=0xffffffde fr.pc=0x00000178b5fb4de8 relative=0x0000000000000948
Event: 70.873 Thread 0x000001791df32f30 Uncommon trap: reason=class_check action=maybe_recompile pc=0x00000178b5fb4de8 method=net.minecraft.core.Registry.lambda$byNameCodec$5(Ljava/lang/Object;)Lcom/mojang/serialization/DataResult; @ 2 c2
Event: 70.873 Thread 0x000001791df32f30 DEOPT PACKING pc=0x00000178b5fb4de8 sp=0x0000001f43cfd970
Event: 70.873 Thread 0x000001791df32f30 DEOPT UNPACKING pc=0x00000178b49e23a3 sp=0x0000001f43cfd948 mode 2
Event: 70.873 Thread 0x000001791df32f30 Uncommon trap: trap_request=0xffffff45 fr.pc=0x00000178b5d855b0 relative=0x0000000000001e50
Event: 70.873 Thread 0x000001791df32f30 Uncommon trap: reason=unstable_if action=reinterpret pc=0x00000178b5d855b0 method=net.minecraft.nbt.NbtOps$InitialListCollector.accept(Lnet/minecraft/nbt/Tag;)Lnet/minecraft/nbt/NbtOps$ListCollector; @ 52 c2
Event: 70.873 Thread 0x000001791df32f30 DEOPT PACKING pc=0x00000178b5d855b0 sp=0x0000001f43cfe9b0
Event: 70.873 Thread 0x000001791df32f30 DEOPT UNPACKING pc=0x00000178b49e23a3 sp=0x0000001f43cfe628 mode 2
Event: 70.873 Thread 0x000001791df32f30 Uncommon trap: trap_request=0xffffffc6 fr.pc=0x00000178b5d81be8 relative=0x0000000000001d08
Event: 70.873 Thread 0x000001791df32f30 Uncommon trap: reason=bimorphic_or_optimized_type_check action=maybe_recompile pc=0x00000178b5d81be8 method=net.minecraft.nbt.NbtOps$ListCollector.acceptAll(Ljava/lang/Iterable;)Lnet/minecraft/nbt/NbtOps$ListCollector; @ 32 c2
Event: 70.873 Thread 0x000001791df32f30 DEOPT PACKING pc=0x00000178b5d81be8 sp=0x0000001f43cfe760
Event: 70.873 Thread 0x000001791df32f30 DEOPT UNPACKING pc=0x00000178b49e23a3 sp=0x0000001f43cfe518 mode 2
Event: 70.874 Thread 0x000001791df32f30 Uncommon trap: trap_request=0xffffff6e fr.pc=0x00000178b5af218c relative=0x0000000000001e0c
Event: 70.874 Thread 0x000001791df32f30 Uncommon trap: reason=loop_limit_check action=maybe_recompile pc=0x00000178b5af218c method=it.unimi.dsi.fastutil.objects.Object2IntRBTreeMap.add(Ljava/lang/Object;)Lit/unimi/dsi/fastutil/objects/Object2IntRBTreeMap$Entry; @ 925 c2
Event: 70.874 Thread 0x000001791df32f30 DEOPT PACKING pc=0x00000178b5af218c sp=0x0000001f43cfeaa0
Event: 70.874 Thread 0x000001791df32f30 DEOPT UNPACKING pc=0x00000178b49e23a3 sp=0x0000001f43cfea38 mode 2
Event: 75.262 Thread 0x000001791160f830 DEOPT PACKING pc=0x00000178af16e6e7 sp=0x0000001f444feb90
Event: 75.262 Thread 0x000001791160f830 DEOPT UNPACKING pc=0x00000178b49e2b43 sp=0x0000001f444fe0b0 mode 0
Event: 76.891 Thread 0x00000178a5bc3250 DEOPT PACKING pc=0x00000178af36b728 sp=0x0000001f409fd980
Event: 76.891 Thread 0x00000178a5bc3250 DEOPT UNPACKING pc=0x00000178b49e2b43 sp=0x0000001f409fcef8 mode 0

Classes unloaded (6 events):
Event: 45.311 Thread 0x00000178caefb020 Unloading class 0x00000178cce34c00 'java/lang/invoke/LambdaForm$DMH+0x00000178cce34c00'
Event: 45.311 Thread 0x00000178caefb020 Unloading class 0x00000178cce38000 'java/lang/invoke/LambdaForm$DMH+0x00000178cce38000'
Event: 45.311 Thread 0x00000178caefb020 Unloading class 0x00000178cce10c00 'java/lang/invoke/LambdaForm$DMH+0x00000178cce10c00'
Event: 45.311 Thread 0x00000178caefb020 Unloading class 0x00000178cce10800 'java/lang/invoke/LambdaForm$DMH+0x00000178cce10800'
Event: 45.311 Thread 0x00000178caefb020 Unloading class 0x00000178cce10000 'java/lang/invoke/LambdaForm$DMH+0x00000178cce10000'
Event: 45.311 Thread 0x00000178caefb020 Unloading class 0x00000178cce08c00 'java/lang/invoke/LambdaForm$DMH+0x00000178cce08c00'

Classes redefined (0 events):
No events

Internal exceptions (20 events):
Event: 70.856 Thread 0x000001791df32f30 Exception <a 'sun/nio/fs/WindowsException'{0x000000070aa06f18}> (0x000000070aa06f18) 
thrown [s\open\src\hotspot\share\prims\jni.cpp, line 516]
Event: 70.857 Thread 0x000001791df32f30 Exception <a 'sun/nio/fs/WindowsException'{0x000000070aa08998}> (0x000000070aa08998) 
thrown [s\open\src\hotspot\share\prims\jni.cpp, line 516]
Event: 70.861 Thread 0x000001791df32f30 Exception <a 'java/lang/NoSuchMethodError'{0x000000070aa2f0c8}: 'void java.lang.invoke.DirectMethodHandle$Holder.invokeStatic(java.lang.Object, java.lang.Object, long)'> (0x000000070aa2f0c8) 
thrown [s\open\src\hotspot\share\interpreter\linkResolver.cpp, line 759]
Event: 70.862 Thread 0x000001791df32f30 Exception <a 'java/lang/NoSuchMethodError'{0x000000070aa45848}: 'void java.lang.invoke.DirectMethodHandle$Holder.invokeVirtual(java.lang.Object, java.lang.Object, long)'> (0x000000070aa45848) 
thrown [s\open\src\hotspot\share\interpreter\linkResolver.cpp, line 759]
Event: 70.864 Thread 0x000001791df33950 Exception <a 'sun/nio/fs/WindowsException'{0x000000070ab66ba0}> (0x000000070ab66ba0) 
thrown [s\open\src\hotspot\share\prims\jni.cpp, line 516]
Event: 70.865 Thread 0x000001791df2fc90 Exception <a 'sun/nio/fs/WindowsException'{0x000000070ab7a948}> (0x000000070ab7a948) 
thrown [s\open\src\hotspot\share\prims\jni.cpp, line 516]
Event: 70.866 Thread 0x000001791df2fc90 Exception <a 'sun/nio/fs/WindowsException'{0x000000070ab7f430}> (0x000000070ab7f430) 
thrown [s\open\src\hotspot\share\prims\jni.cpp, line 516]
Event: 70.867 Thread 0x000001791df33950 Exception <a 'sun/nio/fs/WindowsException'{0x000000070ab6be28}> (0x000000070ab6be28) 
thrown [s\open\src\hotspot\share\prims\jni.cpp, line 516]
Event: 70.867 Thread 0x000001791df2fc90 Exception <a 'sun/nio/fs/WindowsException'{0x000000070ab84118}> (0x000000070ab84118) 
thrown [s\open\src\hotspot\share\prims\jni.cpp, line 516]
Event: 70.868 Thread 0x000001791df33950 Exception <a 'sun/nio/fs/WindowsException'{0x000000070ab707d0}> (0x000000070ab707d0) 
thrown [s\open\src\hotspot\share\prims\jni.cpp, line 516]
Event: 70.869 Thread 0x000001791df2fc90 Exception <a 'sun/nio/fs/WindowsException'{0x000000070ab88e10}> (0x000000070ab88e10) 
thrown [s\open\src\hotspot\share\prims\jni.cpp, line 516]
Event: 70.869 Thread 0x000001791df33950 Exception <a 'sun/nio/fs/WindowsException'{0x000000070ab75110}> (0x000000070ab75110) 
thrown [s\open\src\hotspot\share\prims\jni.cpp, line 516]
Event: 70.870 Thread 0x000001791df2fc90 Exception <a 'sun/nio/fs/WindowsException'{0x000000070ab8d758}> (0x000000070ab8d758) 
thrown [s\open\src\hotspot\share\prims\jni.cpp, line 516]
Event: 70.870 Thread 0x000001791df33950 Exception <a 'sun/nio/fs/WindowsException'{0x000000070ab75a90}> (0x000000070ab75a90) 
thrown [s\open\src\hotspot\share\prims\jni.cpp, line 516]
Event: 70.871 Thread 0x000001791df2fc90 Exception <a 'sun/nio/fs/WindowsException'{0x000000070ab92098}> (0x000000070ab92098) 
thrown [s\open\src\hotspot\share\prims\jni.cpp, line 516]
Event: 70.900 Thread 0x000001791df32f30 Exception <a 'sun/nio/fs/WindowsException'{0x000000070a4cca88}> (0x000000070a4cca88) 
thrown [s\open\src\hotspot\share\prims\jni.cpp, line 516]
Event: 70.900 Thread 0x000001791df32f30 Exception <a 'sun/nio/fs/WindowsException'{0x000000070a4cce00}> (0x000000070a4cce00) 
thrown [s\open\src\hotspot\share\prims\jni.cpp, line 516]
Event: 70.900 Thread 0x000001791df32f30 Exception <a 'sun/nio/fs/WindowsException'{0x000000070a4cce70}> (0x000000070a4cce70) 
thrown [s\open\src\hotspot\share\prims\jni.cpp, line 516]
Event: 70.900 Thread 0x000001791df32f30 Exception <a 'sun/nio/fs/WindowsException'{0x000000070a4cd298}> (0x000000070a4cd298) 
thrown [s\open\src\hotspot\share\prims\jni.cpp, line 516]
Event: 70.900 Thread 0x000001791df32f30 Exception <a 'sun/nio/fs/WindowsException'{0x000000070a4cdd88}> (0x000000070a4cdd88) 
thrown [s\open\src\hotspot\share\prims\jni.cpp, line 516]

VM Operations (20 events):
Event: 69.610 Executing VM operation: G1CollectForAllocation
Event: 69.614 Executing VM operation: G1CollectForAllocation done
Event: 69.658 Executing VM operation: HandshakeAllThreads
Event: 69.658 Executing VM operation: HandshakeAllThreads done
Event: 70.659 Executing VM operation: Cleanup
Event: 70.659 Executing VM operation: Cleanup done
Event: 71.659 Executing VM operation: Cleanup
Event: 71.659 Executing VM operation: Cleanup done
Event: 72.158 Executing VM operation: HandshakeAllThreads
Event: 72.158 Executing VM operation: HandshakeAllThreads done
Event: 73.158 Executing VM operation: Cleanup
Event: 73.158 Executing VM operation: Cleanup done
Event: 74.159 Executing VM operation: Cleanup
Event: 74.159 Executing VM operation: Cleanup done
Event: 75.159 Executing VM operation: Cleanup
Event: 75.159 Executing VM operation: Cleanup done
Event: 76.160 Executing VM operation: Cleanup
Event: 76.160 Executing VM operation: Cleanup done
Event: 77.160 Executing VM operation: Cleanup
Event: 77.161 Executing VM operation: Cleanup done

Events (20 events):
Event: 72.188 Thread 0x00000178caf1e980 flushing nmethod 0x00000178af167410
Event: 72.188 Thread 0x00000178caf1e980 flushing nmethod 0x00000178af18b910
Event: 72.188 Thread 0x00000178caf1e980 flushing nmethod 0x00000178af1b4810
Event: 72.188 Thread 0x00000178caf1e980 flushing nmethod 0x00000178af1b6010
Event: 72.188 Thread 0x00000178caf1e980 flushing nmethod 0x00000178af1b9590
Event: 72.188 Thread 0x00000178caf1e980 flushing nmethod 0x00000178af1bdc90
Event: 72.188 Thread 0x00000178caf1e980 flushing nmethod 0x00000178af1c4b90
Event: 72.188 Thread 0x00000178caf1e980 flushing nmethod 0x00000178af1c5390
Event: 72.188 Thread 0x00000178caf1e980 flushing nmethod 0x00000178af1ca790
Event: 72.188 Thread 0x00000178caf1e980 flushing nmethod 0x00000178af1cb310
Event: 72.188 Thread 0x00000178caf1e980 flushing nmethod 0x00000178af1d4b10
Event: 72.188 Thread 0x00000178caf1e980 flushing nmethod 0x00000178af1de290
Event: 72.188 Thread 0x00000178caf1e980 flushing nmethod 0x00000178af1e6d10
Event: 72.189 Thread 0x00000178caf1e980 flushing nmethod 0x00000178af206710
Event: 72.189 Thread 0x00000178caf1e980 flushing nmethod 0x00000178af214310
Event: 72.189 Thread 0x00000178caf1e980 flushing nmethod 0x00000178af221710
Event: 72.189 Thread 0x00000178caf1e980 flushing nmethod 0x00000178af230e10
Event: 72.189 Thread 0x00000178caf1e980 flushing nmethod 0x00000178af231790
Event: 72.189 Thread 0x00000178caf1e980 flushing nmethod 0x00000178af242b10
Event: 72.189 Thread 0x00000178caf1e980 flushing nmethod 0x00000178af2ceb90


Dynamic libraries:
0x00007ff6036b0000 - 0x00007ff6036c0000 	D:\tools\Java\jdk17\bin\java.exe
0x00007ffff4120000 - 0x00007ffff4380000 	C:\WINDOWS\SYSTEM32\ntdll.dll
0x00007ffff36f0000 - 0x00007ffff37b7000 	C:\WINDOWS\System32\KERNEL32.DLL
0x00007ffff13c0000 - 0x00007ffff178a000 	C:\WINDOWS\System32\KERNELBASE.dll
0x00007ffff1b30000 - 0x00007ffff1c7b000 	C:\WINDOWS\System32\ucrtbase.dll
0x00007fffe0ab0000 - 0x00007fffe0acb000 	D:\tools\Java\jdk17\bin\VCRUNTIME140.dll
0x00007fffe2f40000 - 0x00007fffe2f59000 	D:\tools\Java\jdk17\bin\jli.dll
0x00007ffff37c0000 - 0x00007ffff3872000 	C:\WINDOWS\System32\ADVAPI32.dll
0x00007ffff20b0000 - 0x00007ffff2159000 	C:\WINDOWS\System32\msvcrt.dll
0x00007ffff2160000 - 0x00007ffff2206000 	C:\WINDOWS\System32\sechost.dll
0x00007ffff35d0000 - 0x00007ffff36e6000 	C:\WINDOWS\System32\RPCRT4.dll
0x00007ffff2520000 - 0x00007ffff26ec000 	C:\WINDOWS\System32\USER32.dll
0x00007ffff1e60000 - 0x00007ffff1e87000 	C:\WINDOWS\System32\win32u.dll
0x00007fffd2c10000 - 0x00007fffd2ea7000 	C:\WINDOWS\WinSxS\amd64_microsoft.windows.common-controls_6595b64144ccf1df_6.0.26100.3624_none_3e086962e3345f24\COMCTL32.dll
0x00007ffff3da0000 - 0x00007ffff3dca000 	C:\WINDOWS\System32\GDI32.dll
0x00007ffff1d20000 - 0x00007ffff1e51000 	C:\WINDOWS\System32\gdi32full.dll
0x00007ffff1790000 - 0x00007ffff1833000 	C:\WINDOWS\System32\msvcp_win.dll
0x00007fffe8a60000 - 0x00007fffe8a6b000 	C:\WINDOWS\SYSTEM32\VERSION.dll
0x00007ffff3e40000 - 0x00007ffff3e6f000 	C:\WINDOWS\System32\IMM32.DLL
0x00007fffebcc0000 - 0x00007fffebccc000 	D:\tools\Java\jdk17\bin\vcruntime140_1.dll
0x00007fff9c880000 - 0x00007fff9c90e000 	D:\tools\Java\jdk17\bin\msvcp140.dll
0x00007fff2bcc0000 - 0x00007fff2c8a0000 	D:\tools\Java\jdk17\bin\server\jvm.dll
0x00007ffff1f20000 - 0x00007ffff1f28000 	C:\WINDOWS\System32\PSAPI.DLL
0x00007fffdff80000 - 0x00007fffdffb6000 	C:\WINDOWS\SYSTEM32\WINMM.dll
0x00007fffeb5f0000 - 0x00007fffeb5fa000 	C:\WINDOWS\SYSTEM32\WSOCK32.dll
0x00007ffff3880000 - 0x00007ffff38f4000 	C:\WINDOWS\System32\WS2_32.dll
0x00007ffff0130000 - 0x00007ffff014a000 	C:\WINDOWS\SYSTEM32\kernel.appcore.dll
0x00007fffe8410000 - 0x00007fffe841a000 	D:\tools\Java\jdk17\bin\jimage.dll
0x00007fffec300000 - 0x00007fffec541000 	C:\WINDOWS\SYSTEM32\DBGHELP.DLL
0x00007ffff3900000 - 0x00007ffff3c82000 	C:\WINDOWS\System32\combase.dll
0x00007ffff2210000 - 0x00007ffff22e6000 	C:\WINDOWS\System32\OLEAUT32.dll
0x00007fffde440000 - 0x00007fffde479000 	C:\WINDOWS\SYSTEM32\dbgcore.DLL
0x00007ffff1c80000 - 0x00007ffff1d19000 	C:\WINDOWS\System32\bcryptPrimitives.dll
0x00007fffdfee0000 - 0x00007fffdff05000 	D:\tools\Java\jdk17\bin\java.dll
0x00007fff89720000 - 0x00007fff897f7000 	D:\tools\Java\jdk17\bin\jsvml.dll
0x00007ffff2910000 - 0x00007ffff3039000 	C:\WINDOWS\System32\SHELL32.dll
0x00007ffff1840000 - 0x00007ffff19a8000 	C:\WINDOWS\System32\wintypes.dll
0x00007fffeef80000 - 0x00007fffef7d2000 	C:\WINDOWS\SYSTEM32\windows.storage.dll
0x00007ffff1fc0000 - 0x00007ffff20ad000 	C:\WINDOWS\System32\SHCORE.dll
0x00007ffff3dd0000 - 0x00007ffff3e34000 	C:\WINDOWS\System32\shlwapi.dll
0x00007ffff1210000 - 0x00007ffff123f000 	C:\WINDOWS\SYSTEM32\profapi.dll
0x00007fffdfd90000 - 0x00007fffdfda9000 	D:\tools\Java\jdk17\bin\net.dll
0x00007fffe4d40000 - 0x00007fffe4e5d000 	C:\WINDOWS\SYSTEM32\WINHTTP.dll
0x00007ffff06f0000 - 0x00007ffff075a000 	C:\WINDOWS\system32\mswsock.dll
0x00007fffdf7e0000 - 0x00007fffdf7f6000 	D:\tools\Java\jdk17\bin\nio.dll
0x00007fffdfe70000 - 0x00007fffdfe88000 	D:\tools\Java\jdk17\bin\zip.dll
0x00007fffe2c30000 - 0x00007fffe2c40000 	D:\tools\Java\jdk17\bin\verify.dll
0x00007fffe13e0000 - 0x00007fffe13ea000 	D:\tools\Java\jdk17\bin\management.dll
0x00007fffe0b10000 - 0x00007fffe0b1b000 	D:\tools\Java\jdk17\bin\management_ext.dll
0x00007fffc8220000 - 0x00007fffc8238000 	C:\WINDOWS\system32\napinsp.dll
0x00007fffefb70000 - 0x00007fffefc95000 	C:\WINDOWS\SYSTEM32\DNSAPI.dll
0x00007fffefae0000 - 0x00007fffefb13000 	C:\WINDOWS\SYSTEM32\IPHLPAPI.DLL
0x00007ffff2900000 - 0x00007ffff290a000 	C:\WINDOWS\System32\NSI.dll
0x00007fffc8240000 - 0x00007fffc8252000 	C:\WINDOWS\System32\winrnr.dll
0x00007fffc8260000 - 0x00007fffc8290000 	C:\WINDOWS\system32\nlansp_c.dll
0x00007fffc82a0000 - 0x00007fffc82b6000 	C:\WINDOWS\system32\wshbth.dll
0x00007fffe22a0000 - 0x00007fffe22ab000 	C:\Windows\System32\rasadhlp.dll
0x00007fffe4780000 - 0x00007fffe4805000 	C:\WINDOWS\System32\fwpuclnt.dll
0x00007fffbbe00000 - 0x00007fffbbe75000 	C:\Users\diyou\AppData\Local\Temp\lwjgldiyou\3.3.1-build-7\lwjgl.dll
0x00007fffd1910000 - 0x00007fffd1971000 	C:\Users\diyou\AppData\Local\Temp\lwjgldiyou\3.3.1-build-7\glfw.dll
0x00007fffcc640000 - 0x00007fffcc68b000 	C:\WINDOWS\SYSTEM32\dinput8.dll
0x00007fffe7d40000 - 0x00007fffe7d52000 	C:\WINDOWS\SYSTEM32\xinput1_4.dll
0x00007ffff0f60000 - 0x00007ffff0fbf000 	C:\WINDOWS\SYSTEM32\cfgmgr32.dll
0x00007ffff0f30000 - 0x00007ffff0f5d000 	C:\WINDOWS\SYSTEM32\DEVOBJ.dll
0x00007fffee8f0000 - 0x00007fffee926000 	C:\WINDOWS\SYSTEM32\dwmapi.dll
0x00007fffca020000 - 0x00007fffca200000 	C:\WINDOWS\SYSTEM32\inputhost.dll
0x00007fffedc20000 - 0x00007fffedd46000 	C:\WINDOWS\SYSTEM32\CoreMessaging.dll
0x00007fffee5d0000 - 0x00007fffee67e000 	C:\WINDOWS\system32\uxtheme.dll
0x00007ffff0920000 - 0x00007ffff092c000 	C:\WINDOWS\SYSTEM32\CRYPTBASE.DLL
0x00007ffff3e90000 - 0x00007ffff3fed000 	C:\WINDOWS\System32\MSCTF.dll
0x00007fffd1210000 - 0x00007fffd131c000 	C:\WINDOWS\SYSTEM32\opengl32.dll
0x00007fffd76f0000 - 0x00007fffd771d000 	C:\WINDOWS\SYSTEM32\GLU32.dll
0x00007fffee6d0000 - 0x00007fffee717000 	C:\WINDOWS\SYSTEM32\dxcore.dll
0x00007fffee720000 - 0x00007fffee77e000 	C:\WINDOWS\SYSTEM32\directxdatabasehelper.dll
0x00007fffe4860000 - 0x00007fffe487a000 	C:\WINDOWS\SYSTEM32\windows.staterepositorycore.dll
0x00007fff2d730000 - 0x00007fff2e6fa000 	C:\WINDOWS\System32\DriverStore\FileRepository\iigd_dch.inf_amd64_5d54dd32fa1ef4d4\ig9icd64.dll
0x00007ffff2380000 - 0x00007ffff2516000 	C:\WINDOWS\System32\ole32.dll
0x00007fffee790000 - 0x00007fffee8be000 	C:\WINDOWS\system32\dxgi.dll
0x00007fffe8150000 - 0x00007fffe838f000 	C:\WINDOWS\System32\DriverStore\FileRepository\iigd_dch.inf_amd64_5d54dd32fa1ef4d4\igdgmm64.dll
0x00007fffe4fc0000 - 0x00007fffe7b89000 	C:\WINDOWS\System32\DriverStore\FileRepository\iigd_dch.inf_amd64_5d54dd32fa1ef4d4\igc64.dll
0x00007ffff02a0000 - 0x00007ffff02fe000 	C:\WINDOWS\SYSTEM32\powrprof.dll
0x00007ffff0280000 - 0x00007ffff0294000 	C:\WINDOWS\SYSTEM32\UMPDC.dll
0x00007fff2d320000 - 0x00007fff2d72c000 	C:\WINDOWS\System32\DriverStore\FileRepository\iigd_dch.inf_amd64_5d54dd32fa1ef4d4\igdml64.dll
0x00007fff2d0c0000 - 0x00007fff2d319000 	C:\Users\diyou\AppData\Local\Temp\lwjgldiyou\3.3.1-build-7\jemalloc.dll
0x00007fffde900000 - 0x00007fffdea49000 	C:\WINDOWS\SYSTEM32\textinputframework.dll
0x00007fffb8480000 - 0x00007fffb84dd000 	C:\Users\diyou\AppData\Local\Temp\lwjgldiyou\3.3.1-build-7\lwjgl_opengl.dll
0x00007fff9fab0000 - 0x00007fff9fb31000 	C:\Users\diyou\AppData\Local\Temp\lwjgldiyou\3.3.1-build-7\lwjgl_stb.dll
0x00007ffff0aa0000 - 0x00007ffff0abc000 	C:\WINDOWS\SYSTEM32\CRYPTSP.dll
0x00007ffff0090000 - 0x00007ffff00ca000 	C:\WINDOWS\system32\rsaenh.dll
0x00007ffff0790000 - 0x00007ffff07bb000 	C:\WINDOWS\SYSTEM32\USERENV.dll
0x00007ffff11e0000 - 0x00007ffff1206000 	C:\WINDOWS\SYSTEM32\bcrypt.dll
0x00007fffe4c00000 - 0x00007fffe4c1f000 	C:\WINDOWS\SYSTEM32\dhcpcsvc6.DLL
0x00007fffe4bd0000 - 0x00007fffe4bf5000 	C:\WINDOWS\SYSTEM32\dhcpcsvc.DLL
0x00007fffeb000000 - 0x00007fffeb2e3000 	C:\WINDOWS\SYSTEM32\CoreUIComponents.dll
0x00007fffdac10000 - 0x00007fffdac50000 	C:\Users\diyou\AppData\Local\Temp\jna-95599994\jna15597791465350386541.dll
0x00007ffff3cf0000 - 0x00007ffff3d98000 	C:\WINDOWS\System32\clbcatq.dll
0x00007fffd2f00000 - 0x00007fffd2f1d000 	C:\WINDOWS\SYSTEM32\amsi.dll
0x00007fffcbcd0000 - 0x00007fffcbd6b000 	C:\ProgramData\Microsoft\Windows Defender\Platform\4.18.25030.2-0\MpOav.dll
0x00007fffd4150000 - 0x00007fffd419e000 	C:\WINDOWS\SYSTEM32\Pdh.dll
0x00007fffc9c40000 - 0x00007fffc9c51000 	C:\WINDOWS\System32\perfos.dll
0x00007fffee560000 - 0x00007fffee572000 	C:\WINDOWS\SYSTEM32\pfclient.dll
0x00007fffdf7d0000 - 0x00007fffdf7de000 	D:\tools\Java\jdk17\bin\sunmscapi.dll
0x00007ffff19b0000 - 0x00007ffff1b27000 	C:\WINDOWS\System32\CRYPT32.dll
0x00007ffff0bf0000 - 0x00007ffff0c20000 	C:\WINDOWS\SYSTEM32\ncrypt.dll
0x00007ffff0ba0000 - 0x00007ffff0bdf000 	C:\WINDOWS\SYSTEM32\NTASN1.dll
0x00007fffeaf30000 - 0x00007fffeaff8000 	C:\WINDOWS\SYSTEM32\mscms.dll
0x00007fffdb6a0000 - 0x00007fffdb6e9000 	C:\WINDOWS\SYSTEM32\icm32.dll
0x00007fffd9630000 - 0x00007fffd9647000 	C:\Users\diyou\AppData\Local\Temp\jna-95599994\jna757432510372956005.dll
0x00007fffdf590000 - 0x00007fffdf766000 	C:\WINDOWS\WinSxS\amd64_microsoft.windows.gdiplus_6595b64144ccf1df_1.1.26100.3624_none_6ef35c483dc6d8f2\gdiplus.dll
0x00007fff2b5b0000 - 0x00007fff2b741000 	D:\tools\Java\jdk17\bin\awt.dll
0x00007fffee4a0000 - 0x00007fffee53c000 	C:\WINDOWS\SYSTEM32\apphelp.dll
0x00007fff2aad0000 - 0x00007fff2ac67000 	C:\Users\diyou\AppData\Local\Temp\lwjgldiyou\3.3.1-build-7\OpenAL.dll
0x00007fffe3450000 - 0x00007fffe34ea000 	C:\WINDOWS\System32\MMDevApi.dll
0x00007fff52070000 - 0x00007fff521e3000 	C:\WINDOWS\System32\Speech\Common\sapi.dll
0x00007fffd6690000 - 0x00007fffd6698000 	C:\WINDOWS\system32\wshunix.dll
0x00007fffe11a0000 - 0x00007fffe135d000 	C:\WINDOWS\SYSTEM32\AUDIOSES.DLL
0x00007fffeec70000 - 0x00007fffeec84000 	C:\WINDOWS\SYSTEM32\resourcepolicyclient.dll
0x00007fffda550000 - 0x00007fffda72c000 	C:\WINDOWS\system32\urlmon.dll
0x00007fffda280000 - 0x00007fffda54b000 	C:\WINDOWS\SYSTEM32\iertutil.dll
0x00007fffda250000 - 0x00007fffda279000 	C:\WINDOWS\SYSTEM32\srvcli.dll
0x00007fffefad0000 - 0x00007fffefadd000 	C:\WINDOWS\SYSTEM32\netutils.dll

dbghelp: loaded successfully - version: 4.0.5 - missing functions: none
symbol engine: initialized successfully - sym options: 0x614 - pdb path: .;D:\tools\Java\jdk17\bin;C:\WINDOWS\SYSTEM32;C:\WINDOWS\WinSxS\amd64_microsoft.windows.common-controls_6595b64144ccf1df_6.0.26100.3624_none_3e086962e3345f24;D:\tools\Java\jdk17\bin\server;C:\Users\diyou\AppData\Local\Temp\lwjgldiyou\3.3.1-build-7;C:\WINDOWS\System32\DriverStore\FileRepository\iigd_dch.inf_amd64_5d54dd32fa1ef4d4;C:\Users\diyou\AppData\Local\Temp\jna-95599994;C:\ProgramData\Microsoft\Windows Defender\Platform\4.18.25030.2-0;C:\WINDOWS\WinSxS\amd64_microsoft.windows.gdiplus_6595b64144ccf1df_1.1.26100.3624_none_6ef35c483dc6d8f2;C:\WINDOWS\System32\Speech\Common

VM Arguments:
jvm_args: -Dforge.enableGameTest=true -Dforge.enabledGameTestNamespaces=dc_m -Dforge.logging.console.level=debug -Dforge.logging.markers=REGISTRIES -DignoreList=bootstraplauncher,securejarhandler,asm-commons,asm-util,asm-analysis,asm-tree,asm,JarJarFileSystems,client-extra,fmlcore,javafmllanguage,lowcodelanguage,mclanguage,forge- -Djava.net.preferIPv6Addresses=system -DlegacyClassPath.file=D:\JavaWorkspace\DaiChangMod\build\classpath\runClient_minecraftClasspath.txt -DmergeModules=jna-5.10.0.jar,jna-platform-5.10.0.jar -Dmixin.env.refMapRemappingFile=D:\JavaWorkspace\DaiChangMod\build\createSrgToMcp\output.srg -Dmixin.env.remapRefMap=true -Dnet.minecraftforge.gradle.GradleStart.srg.srg-mcp=D:\JavaWorkspace\DaiChangMod\build\createSrgToMcp\output.srg --module-path=C:\Users\diyou\.gradle\caches\modules-2\files-2.1\cpw.mods\bootstraplauncher\1.1.2\c546e00443d8432cda6baa1c860346980742628\bootstraplauncher-1.1.2.jar;C:\Users\diyou\.gradle\caches\modules-2\files-2.1\cpw.mods\securejarhandler\2.1.10\51e6a22c6c716beb11e244bf5b8be480f51dd6b5\securejarhandler-2.1.10.jar;C:\Users\diyou\.gradle\caches\modules-2\files-2.1\org.ow2.asm\asm-commons\9.7.1\406c6a2225cfe1819f102a161e54cc16a5c24f75\asm-commons-9.7.1.jar;C:\Users\diyou\.gradle\caches\modules-2\files-2.1\org.ow2.asm\asm-util\9.7.1\9e23359b598ec6b74b23e53110dd5c577adf2243\asm-util-9.7.1.jar;C:\Users\diyou\.gradle\caches\modules-2\files-2.1\org.ow2.asm\asm-analysis\9.7.1\f97a3b319f0ed6a8cd944dc79060d3912a28985f\asm-analysis-9.7.1.jar;C:\Users\diyou\.gradle\caches\modules-2\files-2.1\org.ow2.asm\asm-tree\9.7.1\3a53139787663b139de76b627fca0084ab60d32c\asm-tree-9.7.1.jar;C:\Users\diyou\.gradle\caches\modules-2\files-2.1\org.ow2.asm\asm\9.7.1\f0ed132a49244b042cd0e15702ab9f2ce3cc8436\asm-9.7.1.jar;C:\Users\diyou\.gradle\caches\modules-2\files-2.1\net.minecraftforge\JarJarFileSystems\0.3.19\2464eb7d6b9ddb9db36a82cf8a95193e5c6fe020\JarJarFileSystems-0.3.19.jar --add-modules=ALL-MODULE-PATH --add-opens=java.base/java.util.jar=cpw.mods.securejarhandler --add-opens=java.base/java.lang.invoke=cpw.mods.securejarhandler --add-exports=java.base/sun.security.util=cpw.mods.securejarhandler --add-exports=jdk.naming.dns/com.sun.jndi.dns=java.naming -XX:HeapDumpPath=MojangTricksIntelDriversForPerformance_javaw.exe_minecraft.exe.heapdump -Dfile.encoding=UTF-8 -Duser.country=CN -Duser.language=zh -Duser.variant 
java_command: cpw.mods.bootstraplauncher.BootstrapLauncher --launchTarget forgeclientuserdev --version MOD_DEV --assetIndex 5 --assetsDir C:\Users\diyou\.gradle\caches\forge_gradle\assets --gameDir . --fml.forgeVersion 47.4.0 --fml.mcVersion 1.20.1 --fml.forgeGroup net.minecraftforge --fml.mcpVersion 20230612.114412 --mixin.config dc_m.mixins.json
java_class_path (initial): D:\JavaWorkspace\DaiChangMod\build\classes\java\main;D:\JavaWorkspace\DaiChangMod\build\resources\main;D:\JavaWorkspace\DaiChangMod\build\fg_cache\net\minecraftforge\forge\1.20.1-47.4.0_mapped_official_1.20.1\forge-1.20.1-47.4.0_mapped_official_1.20.1.jar;C:\Users\diyou\.gradle\caches\forge_gradle\minecraft_repo\versions\1.20.1\client-extra.jar;C:\Users\diyou\.gradle\caches\modules-2\files-2.1\net.minecraftforge\fmlearlydisplay\1.20.1-47.4.0\5a0c2d1a65a422bd0e64548e58b70f4d011ef788\fmlearlydisplay-1.20.1-47.4.0.jar;C:\Users\diyou\.gradle\caches\modules-2\files-2.1\net.minecraftforge\javafmllanguage\1.20.1-47.4.0\f0c0b352173d0a378cbdcec9cfc4ba65899a721\javafmllanguage-1.20.1-47.4.0.jar;C:\Users\diyou\.gradle\caches\modules-2\files-2.1\net.minecraftforge\lowcodelanguage\1.20.1-47.4.0\e862740d8c84d08dbfedea412bef88fe42e727c5\lowcodelanguage-1.20.1-47.4.0.jar;C:\Users\diyou\.gradle\caches\modules-2\files-2.1\net.minecraftforge\mclanguage\1.20.1-47.4.0\5719b3a297a33f877ed5dde4cb4bd75c859096af\mclanguage-1.20.1-47.4.0.jar;C:\Users\diyou\.gradle\caches\modules-2\files-2.1\net.minecraftforge\fmlcore\1.20.1-47.4.0\235975dafa4309945b59c56b53f31dc5b65a6051\fmlcore-1.20.1-47.4.0.jar;C:\Users\diyou\.gradle\caches\modules-2\files-2.1\net.minecraftforge\fmlloader\1.20.1-47.4.0\350292a3c597f65d130e48b6e419a2b21cba2ac1\fmlloader-1.20.1-47.4.0.jar;C:\Users\diyou\.gradle\caches\modules-2\files-2.1\net.minecraftforge\JarJarSelector\0.3.19\376cc9c8ea60720cf027c01fc033de915699801c\JarJarSelector-0.3.19.jar;C:\Users\diyou\.gradle\caches\modules-2\files-2.1\net.minecraftforge\JarJarMetadata\0.3.19\83feaa9b770e6ac0e96ee4fc23fa89325c5fe2\JarJarMetadata-0.3.19.jar;C:\Users\diyou\.gradle\caches\modules-2\files-2.1\com.google.guava\guava\31.1-jre\60458f877d055d0c9114d9e1a2efb737b4bc282c\guava-31.1-jre.jar;C:\Users\diyou\.gradle\caches\modules-2\files-2.1\com.google.code.findbugs\jsr305\3.0.2\25ea2e8b0c338a877313bd4672d3fe056ea78f0d\jsr305-3.0.2.jar;C:\Users\diyou\.g
Launcher Type: SUN_STANDARD

[Global flags]
     intx CICompilerCount                          = 4                                         {product} {ergonomic}
     uint ConcGCThreads                            = 2                                         {product} {ergonomic}
     uint G1ConcRefinementThreads                  = 8                                         {product} {ergonomic}
   size_t G1HeapRegionSize                         = 4194304                                   {product} {ergonomic}
    uintx GCDrainStackTargetSize                   = 64                                        {product} {ergonomic}
    ccstr HeapDumpPath                             = MojangTricksIntelDriversForPerformance_javaw.exe_minecraft.exe.heapdump         {manageable} {command line}
   size_t InitialHeapSize                          = 335544320                                 {product} {ergonomic}
   size_t MarkStackSize                            = 4194304                                   {product} {ergonomic}
   size_t MaxHeapSize                              = 5339348992                                {product} {ergonomic}
   size_t MaxNewSize                               = 3200253952                                {product} {ergonomic}
   size_t MinHeapDeltaBytes                        = 4194304                                   {product} {ergonomic}
   size_t MinHeapSize                              = 8388608                                   {product} {ergonomic}
    uintx NonNMethodCodeHeapSize                   = 5839372                                {pd product} {ergonomic}
    uintx NonProfiledCodeHeapSize                  = 122909434                              {pd product} {ergonomic}
    uintx ProfiledCodeHeapSize                     = 122909434                              {pd product} {ergonomic}
    uintx ReservedCodeCacheSize                    = 251658240                              {pd product} {ergonomic}
     bool SegmentedCodeCache                       = true                                      {product} {ergonomic}
   size_t SoftMaxHeapSize                          = 5339348992                             {manageable} {ergonomic}
     bool UseCompressedClassPointers               = true                           {product lp64_product} {ergonomic}
     bool UseCompressedOops                        = true                           {product lp64_product} {ergonomic}
     bool UseG1GC                                  = true                                      {product} {ergonomic}
     bool UseLargePagesIndividualAllocation        = false                                  {pd product} {ergonomic}

Logging:
Log output configuration:
 #0: stdout all=warning uptime,level,tags
 #1: stderr all=off uptime,level,tags

Environment Variables:
PATH=C:\Program Files (x86)\NVIDIA Corporation\PhysX\Common;C:\Program Files (x86)\Common Files\Intel\Shared Libraries\redist\intel64\compiler;C:\Program Files\Common Files\Oracle\Java\javapath;C:\Program Files (x86)\Common Files\Oracle\Java\java8path;C:\Program Files (x86)\Common Files\Oracle\Java\javapath;C:\WINDOWS\system32;C:\WINDOWS;C:\WINDOWS\System32\Wbem;C:\WINDOWS\System32\WindowsPowerShell\v1.0\;C:\WINDOWS\System32\OpenSSH\;C:\Program Files\dotnet\;C:\Program Files\Git\cmd;C:\Program Files\NVIDIA Corporation\NVIDIA app\NvDLISR;C:\Program Files\CMake\bin;C:\Program Files\nodejs\;C:\Users\diyou\AppData\Local\Microsoft\WindowsApps;;D:\IntelliJ IDEA Community Edition 2024.3.1.1\bin;;D:\tools\JetBrains\JetBrains Rider 2024.3.4\bin;;C:\Users\diyou\.dotnet\tools;D:\tools\JetBrains\WebStorm 2024.3.2.1\bin;;D:\tools\JetBrains\CLion 2024.3.3\bin;;D:\tools\Microsoft VS Code\bin;D:\tools\JetBrains\PyCharm Community Edition 2024.3.5\bin;;C:\Users\diyou\AppData\Roaming\npm
USERNAME=diyou
OS=Windows_NT
PROCESSOR_IDENTIFIER=Intel64 Family 6 Model 142 Stepping 12, GenuineIntel



---------------  S Y S T E M  ---------------

OS:
 Windows 11 , 64 bit Build 26100 (10.0.26100.3775)
OS uptime: 0 days 14:53 hours
Hyper-V role detected

CPU: total 8 (initial active 8) (4 cores per cpu, 2 threads per core) family 6 model 142 stepping 12 microcode 0xea, cx8, cmov, fxsr, ht, mmx, 3dnowpref, sse, sse2, sse3, ssse3, sse4.1, sse4.2, popcnt, lzcnt, tsc, tscinvbit, avx, avx2, aes, erms, clmul, bmi1, bmi2, adx, fma, vzeroupper, clflush, clflushopt, hv

Memory: 4k page, system-wide physical 20360M (4907M free)
TotalPageFile size 21704M (AvailPageFile size 3301M)
current process WorkingSet (physical memory assigned to process): 1979M, peak: 2048M
current process commit charge ("private bytes"): 2269M, peak: 2329M

vm_info: Java HotSpot(TM) 64-Bit Server VM (17.0.12+8-LTS-286) for windows-amd64 JRE (17.0.12+8-LTS-286), built on Jun  5 2024 06:46:59 by "mach5one" with MS VC++ 17.6 (VS2022)

END.
